"DT_GERACAO";"HH_GERACAO";"AA_ELEICAO";"DT_ELEICAO";"DS_ELEICAO";"NR_TURNO";"SG_UF";"CD_MUNICIPIO";"NM_MUNICIPIO";"NR_ZONA";"NR_SECAO";"CD_TIPO_SECAO_AGREGADA";"DS_TIPO_SECAO_AGREGADA";"NR_SECAO_PRINCIPAL";"NR_LOCAL_VOTACAO";"NM_LOCAL_VOTACAO";"CD_TIPO_LOCAL";"DS_TIPO_LOCAL";"DS_ENDERECO";"NM_BAIRRO";"NR_CEP";"NR_TELEFONE_LOCAL";"NR_LATITUDE";"NR_LONGITUDE";"CD_SITU_LOCAL_VOTACAO";"DS_SITU_LOCAL_VOTACAO";"CD_SITU_ZONA";"DS_SITU_ZONA";"CD_SITU_SECAO";"DS_SITU_SECAO";"CD_SITU_LOCALIDADE";"DS_SITU_LOCALIDADE";"CD_SITU_SECAO_ACESSIBILIDADE";"DS_SITU_SECAO_ACESSIBILIDADE";"QT_ELEITOR_SECAO";"QT_ELEITOR_ELEICAO_FEDERAL";"QT_ELEITOR_ELEICAO_ESTADUAL";"QT_ELEITOR_ELEICAO_MUNICIPAL";"NR_LOCAL_VOTACAO_ORIGINAL";"NM_LOCAL_VOTACAO_ORIGINAL";"DS_ENDERECO_LOCVT_ORIGINAL"
"05/10/2026";"06:29:34";2026;"04/10/2026";"1º Turno";1;"AP";"06050";"MACAPÁ";10;123;1;"Principal";-1;1074;"ESCOLA ESTADUAL PROFESSORA RUTH DE ALMEIDA BEZERRA";1;"Convencional";"RUA ADILSON JOSÉ PINTO PEREIRA 109";"SAO LAZARO";"68908571";"991283485";",0670284";"-51,057224";1;"ATIVO";-1;"ATIVO";1;"ATIVO";1;"Ativo";"0";"Sem acessibilidade";353;347;347;0;1074;"ESCOLA ESTADUAL PROFESSORA RUTH DE ALMEIDA BEZERRA";"RUA ADILSON JOSÉ PINTO PEREIRA 109"
"05/10/2026";"06:29:34";2026;"04/10/2026";"1º Turno";1;"AP";"06114";"FERREIRA GOMES";12;73;1;"Principal";-1;1023;"ESCOLA ESTADUAL INDEPENDENCIA";1;"Convencional";"RAMAL DA ELETRONORTE (USINA COARACY NUNES)";"VILA DO PAREDÃO";"68915000";"-1";",889471";"-51,2571473";1;"ATIVO";-1;"ATIVO";1;"ATIVO";1;"Ativo";"0";"Sem acessibilidade";220;221;221;0;1023;"ESCOLA ESTADUAL INDEPENDENCIA";"RAMAL DA ELETRONORTE (USINA COARACY NUNES)"
"05/10/2026";"06:29:34";2026;"04/10/2026";"1º Turno";1;"AP";"06025";"PORTO GRANDE";12;21;1;"Principal";-1;1040;"ESCOLA MUNICIPAL CUPIXI";1;"Convencional";"VILA DO CUPIXI";"CUPIXI";"68997000";"-1";",6098031";"-51,768331";1;"ATIVO";-1;"ATIVO";1;"ATIVO";1;"Ativo";"1";"Com acessibilidade";290;290;290;0;1040;"ESCOLA MUNICIPAL CUPIXI";"VILA DO CUPIXI"
"05/10/2026";"06:29:34";2026;"04/10/2026";"1º Turno";1;"AP";"06050";"MACAPÁ";10;437;1;"Principal";-1;1503;"ESCOLA MUNICIPAL PROFESSOR JOSÉ LEOVES DE LIMA TEIXEIRA";1;"Convencional";"RUA RENASCIMENTO, 2041";"RENASCER";"68900000";"981381507";",0729854";"-51,0513328";1;"ATIVO";-1;"ATIVO";1;"ATIVO";1;"Ativo";"0";"Sem acessibilidade";395;393;393;0;1503;"ESCOLA MUNICIPAL PROFESSOR JOSÉ LEOVES DE LIMA TEIXEIRA";"RUA RENASCIMENTO, 2041"
"05/10/2026";"06:29:34";2026;"04/10/2026";"1º Turno";1;"AP";"06084";"PEDRA BRANCA DO AMAPARI";11;24;1;"Principal";-1;1040;"ESCOLA MUNICIPAL DO TUCANO II";1;"Convencional";"RODOVIA PERIMETRAL NORTE S/N";"COMUNIDADE TUCANO II";"68945000";"-1";"1,09650251";"-52,45684147";1;"ATIVO";-1;"ATIVO";1;"ATIVO";1;"Ativo";"1";"Com acessibilidade";201;418;418;0;1040;"ESCOLA MUNICIPAL DO TUCANO II";"RODOVIA PERIMETRAL NORTE S/N"
"05/10/2026";"06:29:34";2026;"04/10/2026";"1º Turno";1;"AP";"06157";"SANTANA";6;153;1;"Principal";-1;1210;"E.E. IGARAPE DA FORTALEZA";1;"Convencional";"RUA RIO MATAPI, 121";"IGARAPÉ DA FORTALEZA";"68925000";"3283 2250";"-,0473052";"-51,1450026";1;"ATIVO";-1;"ATIVO";1;"ATIVO";1;"Ativo";"0";"Sem acessibilidade";377;378;378;0;1210;"E.E. IGARAPE DA FORTALEZA";"RUA RIO MATAPI, 121"
"05/10/2026";"06:29:34";2026;"04/10/2026";"1º Turno";1;"AP";"06050";"MACAPÁ";14;34;1;"Principal";-1;1074;"E.E JOSE DE ALENCAR";1;"Convencional";"RUA CANDIDO MENDES 269";"CENTRO";"68900000";"32125216";",0436565";"-51,049995";1;"ATIVO";-1;"ATIVO";1;"ATIVO";1;"Ativo";"0";"Sem acessibilidade";324;324;324;0;1074;"E.E JOSE DE ALENCAR";"RUA CANDIDO MENDES 269"
"05/10/2026";"06:29:34";2026;"04/10/2026";"1º Turno";1;"AP";"06092";"OIAPOQUE";4;49;1;"Principal";-1;1120;"CAMPUS UNIVERSITÁRIO BINACIONAL - UNIFAP";1;"Convencional";"BR 156 - KM 01";"UNIVERSIDADE";"68980000";"-1";"3,83941796";"-51,81908173";1;"ATIVO";-1;"ATIVO";1;"ATIVO";1;"Ativo";"0";"Sem acessibilidade";274;271;271;0;1120;"CAMPUS UNIVERSITÁRIO BINACIONAL - UNIFAP";"BR 156 - KM 01"
"05/10/2026";"06:29:34";2026;"04/10/2026";"1º Turno";1;"AP";"06092";"OIAPOQUE";4;1;1;"Principal";-1;1015;"ESCOLA DE PRIMEIRO GRAU JOAQUIM CAETANO DA SILVA";1;"Convencional";"AVENIDA JOAQUIM CAETANO DA SILVA";"CENTRO";"00000000";"-1";"3,84761965";"-51,83541966";1;"ATIVO";-1;"ATIVO";1;"ATIVO";1;"Ativo";"0";"Sem acessibilidade";269;269;269;0;1015;"ESCOLA DE PRIMEIRO GRAU JOAQUIM CAETANO DA SILVA";"AVENIDA JOAQUIM CAETANO DA SILVA"
"05/10/2026";"06:29:34";2026;"04/10/2026";"1º Turno";1;"AP";"06050";"MACAPÁ";14;308;1;"Principal";-1;1449;"ESCOLA ESTADUAL TIRADENTES";1;"Convencional";"RUA SANTOS DUMONT         128      SANTA RITA";"SANTA RITA";"68900000";"+5596981117291";",042048";"-51,0727224";1;"ATIVO";-1;"ATIVO";1;"ATIVO";1;"Ativo";"1";"Com acessibilidade";310;309;309;0;1449;"ESCOLA ESTADUAL TIRADENTES";"RUA SANTOS DUMONT         128      SANTA RITA"
"05/10/2026";"06:29:34";2026;"04/10/2026";"1º Turno";1;"AP";"06084";"PEDRA BRANCA DO AMAPARI";11;26;1;"Principal";-1;1058;"ESCOLA ESTADUAL DAS ALDEIAS WAIÃPI";1;"Convencional";"RODOVIA PERIMETRAL NORTE - BR-210, S/N";"ALDEIA ARAMIRÃ";"68900000";"-1";"-1";"-1";1;"ATIVO";-1;"ATIVO";1;"ATIVO";1;"Ativo";"1";"Com acessibilidade";299;299;299;0;1058;"ESCOLA ESTADUAL DAS ALDEIAS WAIÃPI";"RODOVIA PERIMETRAL NORTE - BR-210, S/N"
"05/10/2026";"06:29:34";2026;"04/10/2026";"1º Turno";1;"AP";"06130";"LARANJAL DO JARI";7;54;1;"Principal";-1;1104;"ESCOLA MUNICIPAL TEREZINHA LIMA QUEIROGA DE SOUZA";1;"Convencional";"AVENIDA MAZAGÃO, N. 105";"CASTANHEIRA";"68920000";"96991438894";"-,8342031";"-52,5175861";1;"ATIVO";-1;"ATIVO";1;"ATIVO";1;"Ativo";"0";"Sem acessibilidade";364;363;363;0;1104;"ESCOLA MUNICIPAL TEREZINHA LIMA QUEIROGA DE SOUZA";"AVENIDA MAZAGÃO, N. 105"
"05/10/2026";"06:29:34";2026;"04/10/2026";"1º Turno";1;"AP";"06050";"MACAPÁ";10;142;1;"Principal";-1;1384;"ESCOLA QUILOMBOLA MUNICIPAL VELHO CHICO";1;"Convencional";"BR 210 VILA DE CURRALINHO";"KM 09 - ZONA RURAL";"68909788";"96984065199";",1238885";"-51,1136701";1;"ATIVO";-1;"ATIVO";1;"ATIVO";1;"Ativo";"1";"Com acessibilidade";217;218;217;0;1384;"ESCOLA QUILOMBOLA MUNICIPAL VELHO CHICO";"BR 210 VILA DE CURRALINHO"
"05/10/2026";"06:29:34";2026;"04/10/2026";"1º Turno";1;"AP";"06092";"OIAPOQUE";4;17;1;"Principal";-1;1023;"ESCOLA DE PRIMEIRO GRAU JOAQUIM NABUCO";1;"Convencional";"RUA LELIO SILVA";"CENTRO";"68900000";"-1";"3,84401648";"-51,83412591";1;"ATIVO";-1;"ATIVO";1;"ATIVO";1;"Ativo";"0";"Sem acessibilidade";290;286;286;0;1023;"ESCOLA DE PRIMEIRO GRAU JOAQUIM NABUCO";"RUA LELIO SILVA"
"05/10/2026";"06:29:34";2026;"04/10/2026";"1º Turno";1;"AP";"06130";"LARANJAL DO JARI";7;34;1;"Principal";-1;1082;"ESCOLA MUNICIPAL CONCEIÇÃO DO MURIACÁ";1;"Convencional";"VILA CONCEIÇÃO DO MURIACÁ - RIO MARACÁ";"VILA DO MURIACA";"00000000";"-1";"-,8624783";"-51,96235";1;"ATIVO";-1;"ATIVO";1;"ATIVO";1;"Ativo";"0";"Sem acessibilidade";182;183;183;0;1082;"ESCOLA MUNICIPAL CONCEIÇÃO DO MURIACÁ";"VILA CONCEIÇÃO DO MURIACÁ - RIO MARACÁ"
"05/10/2026";"06:29:34";2026;"04/10/2026";"1º Turno";1;"AP";"06050";"MACAPÁ";2;678;1;"Principal";-1;2453;"ESCOLA MUNICIPAL DE ENSINO FUNDAMENTAL CAETANO DIAS TOMAZ";1;"Convencional";"RUA DO MATADOURO, 112";"DISTRITO DE FAZENDINHA";"68911012";"+5596999083324";"-,0463079";"-51,1164641";1;"ATIVO";-1;"ATIVO";1;"ATIVO";1;"Ativo";"0";"Sem acessibilidade";306;305;305;0;2143;"ESCOLA MUNICIPAL CACILDA FERREIRA VASCONCELOS";"ROD. SALVADOR DINI, 192"
"05/10/2026";"06:29:34";2026;"04/10/2026";"1º Turno";1;"AP";"06173";"TARTARUGALZINHO";8;34;1;"Principal";-1;1180;"ESCOLA ESTADUAL ALZIRA DE LIMA SANTOS";1;"Convencional";"RUA GETÚLIO VARGAS, S/N";"PLANALTINA I (NOVO I)";"68990000";"34221200";"1,50689638";"-50,91014865";1;"ATIVO";-1;"ATIVO";1;"ATIVO";1;"Ativo";"0";"Sem acessibilidade";339;335;335;0;1180;"ESCOLA ESTADUAL ALZIRA DE LIMA SANTOS";"RUA GETÚLIO VARGAS, S/N"
"05/10/2026";"06:29:34";2026;"04/10/2026";"1º Turno";1;"AP";"06050";"MACAPÁ";2;512;1;"Principal";-1;1899;"UNIVERSIDADE FEDERAL DO AMAPA - UNIFAP";1;"Convencional";"ROD. JOSMAR CHAVES PINTO, KM 02   JARDIM MARCO ZERO";"UNIVERSIDADE";"68903419";"+5596981159919";"-,0065359";"-51,0845096";1;"ATIVO";-1;"ATIVO";1;"ATIVO";1;"Ativo";"1";"Com acessibilidade";384;380;380;0;1899;"UNIVERSIDADE FEDERAL DO AMAPA - UNIFAP";"ROD. JOSMAR CHAVES PINTO, KM 02   JARDIM MARCO ZERO"
"05/10/2026";"06:29:34";2026;"04/10/2026";"1º Turno";1;"AP";"06017";"AMAPÁ";1;31;1;"Principal";-1;1104;"ESCOLA ESTADUAL VIDAL DE NEGREIROS";1;"Convencional";"AV. DESIDERIO ANTONIO COELHO, 470, CENTRO";"SETE MANGUEIRAS";"68950000";"-1";"2,0471077";"-50,7919131";1;"ATIVO";-1;"ATIVO";1;"ATIVO";1;"Ativo";"0";"Sem acessibilidade";268;267;267;0;1104;"ESCOLA ESTADUAL VIDAL DE NEGREIROS";"AV. DESIDERIO ANTONIO COELHO, 470, CENTRO"
"05/10/2026";"06:29:34";2026;"04/10/2026";"1º Turno";1;"AP";"06050";"MACAPÁ";10;118;1;"Principal";-1;2070;"ESCOLA ESTADUAL MARIA MERIAN DOS SANTOS CORDEIRO FERNANDES";4;"Temporário";"AV. GLICÉRIO SOUZA FIGUEIREDO, 66";"NOVO HORIZONTE";"68909821";"96 984073412";"-1";"-1";1;"ATIVO";-1;"ATIVO";1;"ATIVO";1;"Ativo";"0";"Sem acessibilidade";376;375;375;0;1325;"ESCOLA ESTADUAL RIVANDA NAZARE DA SILVA GUIMARAES";"RUA CÍCERO MARQUES DE SOUZA, 2874, NOVO HORIZONTE"
"05/10/2026";"06:29:34";2026;"04/10/2026";"1º Turno";1;"AP";"06050";"MACAPÁ";14;71;1;"Principal";-1;1716;"ESCOLA ESTADUAL BARÃO DO RIO BRANCO";4;"Temporário";"AV. FAB, 122";"CENTRAL";"68900073";"-1";"-1";"-1";1;"ATIVO";-1;"ATIVO";1;"ATIVO";1;"Ativo";"0";"Sem acessibilidade";349;348;348;0;1120;"EEEF GENERAL AZEVEDO COSTA";"AV. JOSE ANTONIO SIQUEIRA 111"
"05/10/2026";"06:29:34";2026;"04/10/2026";"1º Turno";1;"AP";"06050";"MACAPÁ";2;437;1;"Principal";-1;1902;"ESCOLA ESTADUAL REINALDO MAURICIO GOLBERT DAMASCENO";1;"Convencional";"AV 13 DE SETEMBRO      S/N";"CUBA DE ASFALTO";"68900000";"+5596981481320";",023435";"-51,0861323";1;"ATIVO";-1;"ATIVO";1;"ATIVO";1;"Ativo";"0";"Sem acessibilidade";384;383;383;0;1902;"ESCOLA ESTADUAL REINALDO MAURICIO GOLBERT DAMASCENO";"AV 13 DE SETEMBRO      S/N"
"05/10/2026";"06:29:34";2026;"04/10/2026";"1º Turno";1;"AP";"06050";"MACAPÁ";2;749;1;"Principal";-1;2321;"ESCOLA ESTADUAL PROFª NANCI NINA COSTA";1;"Convencional";"AV. INSPETOR AIMORÉ, 1331";"ZERAO";"68900000";"+5596981452190";",0015588";"-51,0873044";1;"ATIVO";-1;"ATIVO";1;"ATIVO";1;"Ativo";"0";"Sem acessibilidade";381;379;379;0;2321;"ESCOLA ESTADUAL PROFª NANCI NINA COSTA";"AV. INSPETOR AIMORÉ, 1331"
"05/10/2026";"06:29:34";2026;"04/10/2026";"1º Turno";1;"AP";"06050";"MACAPÁ";10;144;1;"Principal";-1;1317;"ESCOLA ESTADUAL PROFESSORA ESTHER DA SILVA VIRGOLINO";1;"Convencional";"RUA JOSE AURINO BORGES, 924";"SAO LAZARO";"68909806";"00000";",0989435";"-51,0463416";1;"ATIVO";-1;"ATIVO";1;"ATIVO";1;"Ativo";"1";"Com acessibilidade";337;333;333;0;1317;"ESCOLA ESTADUAL PROFESSORA ESTHER DA SILVA VIRGOLINO";"RUA JOSE AURINO BORGES, 924"
"05/10/2026";"06:29:34";2026;"04/10/2026";"1º Turno";1;"AP";"06092";"OIAPOQUE";4;10;1;"Principal";-1;1082;"ESCOLA DE PRIMEIRO GRAU URUCAUA";1;"Convencional";"VILA KUMENE";"ALDEIA KUMENE";"68980000";"-1";"3,49018667";"-51,48118333";1;"ATIVO";-1;"ATIVO";1;"ATIVO";1;"Ativo";"0";"Sem acessibilidade";264;266;266;0;1082;"ESCOLA DE PRIMEIRO GRAU URUCAUA";"VILA KUMENE"
"05/10/2026";"06:29:34";2026;"04/10/2026";"1º Turno";1;"AP";"06050";"MACAPÁ";14;258;1;"Principal";-1;1368;"ESCOLA ESTADUAL PROF. NILTON BALIEIRO MACHADO";1;"Convencional";"DECIMA QUINTA AVENIDA, S/N (ESQUINA COM A QUINTA RUA)";"MARABAIXO III";"68900000";"+5596991539690";",0441313";"-51,127965";1;"ATIVO";-1;"ATIVO";1;"ATIVO";1;"Ativo";"0";"Sem acessibilidade";389;387;387;0;1368;"ESCOLA ESTADUAL PROF. NILTON BALIEIRO MACHADO";"DECIMA QUINTA AVENIDA, S/N (ESQUINA COM A QUINTA RUA)"
"05/10/2026";"06:29:34";2026;"04/10/2026";"1º Turno";1;"AP";"06050";"MACAPÁ";2;752;1;"Principal";-1;2321;"ESCOLA ESTADUAL PROFª NANCI NINA COSTA";1;"Convencional";"AV. INSPETOR AIMORÉ, 1331";"ZERAO";"68900000";"+5596981452190";",0015588";"-51,0873044";1;"ATIVO";-1;"ATIVO";1;"ATIVO";1;"Ativo";"0";"Sem acessibilidade";384;381;381;0;2321;"ESCOLA ESTADUAL PROFª NANCI NINA COSTA";"AV. INSPETOR AIMORÉ, 1331"
"05/10/2026";"06:29:34";2026;"04/10/2026";"1º Turno";1;"AP";"06050";"MACAPÁ";10;449;1;"Principal";-1;1856;"ESCOLA ESTADUAL PROFESSORA MARLY MARIA E SOUZA E SILVA";1;"Convencional";"RUA 12 - LOTE 01, QUADRA 18, SUB LOTE 04, 2110";"MACAPABA";"68900017";"-1";",0810469";"-51,0950399";1;"ATIVO";-1;"ATIVO";1;"ATIVO";1;"Ativo";"0";"Sem acessibilidade";388;387;387;0;1856;"ESCOLA ESTADUAL PROFESSORA MARLY MARIA E SOUZA E SILVA";"RUA 12 - LOTE 01, QUADRA 18, SUB LOTE 04, 2110"
"05/10/2026";"06:29:34";2026;"04/10/2026";"1º Turno";1;"AP";"06157";"SANTANA";6;138;1;"Principal";-1;1074;"E.E.T.I.  AUGUSTO ANTUNES";1;"Convencional";"TRAVESSA PEDRO SALVADOR DINIZ, 1631";"NOVA BRASÍLIA I";"68927230";"3281 3067";"-,0440221";"-51,1648759";1;"ATIVO";-1;"ATIVO";1;"ATIVO";1;"Ativo";"0";"Sem acessibilidade";340;338;338;0;1074;"E.E.T.I.  AUGUSTO ANTUNES";"TRAVESSA PEDRO SALVADOR DINIZ, 1631"
"05/10/2026";"06:29:34";2026;"04/10/2026";"1º Turno";1;"AP";"06009";"PRACUÚBA";1;4;1;"Principal";-1;1040;"ESCOLA ESTADUAL SÃO MIGUEL DO FLEXAL";1;"Convencional";"POVOADO DE SÃO MIGUEL DO FLEXAL";"SÃO MIGUEL DO FLEXAL";"68918000";"-1";"1,80929832";"-50,7359906";1;"ATIVO";-1;"ATIVO";1;"ATIVO";1;"Ativo";"0";"Sem acessibilidade";59;58;58;0;1040;"ESCOLA ESTADUAL SÃO MIGUEL DO FLEXAL";"POVOADO DE SÃO MIGUEL DO FLEXAL"
"05/10/2026";"06:29:34";2026;"04/10/2026";"1º Turno";1;"AP";"06157";"SANTANA";6;78;1;"Principal";-1;1090;"E. E. BELMIRO MACEDO MEDINA";1;"Convencional";"VILA IGARAPE DO LAGO, S/N";"IGARAPÉ DO LAGO";"68925000";"+559632819001";",0726728";"-51,4414559";1;"ATIVO";-1;"ATIVO";1;"ATIVO";1;"Ativo";"0";"Sem acessibilidade";239;242;242;0;1090;"E. E. BELMIRO MACEDO MEDINA";"VILA IGARAPE DO LAGO, S/N"
"05/10/2026";"06:29:34";2026;"04/10/2026";"1º Turno";1;"AP";"06157";"SANTANA";6;265;1;"Principal";-1;1260;"ESCOLA ESTADUAL SÃO JOÃO APÓSTOLO";1;"Convencional";"AV. MARIA COLARES, 1905";"NOVA BRASÍLIA I";"68927229";"32831015";"-,0369626";"-51,1661291";1;"ATIVO";-1;"ATIVO";1;"ATIVO";1;"Ativo";"0";"Sem acessibilidade";201;199;199;0;1260;"ESCOLA ESTADUAL SÃO JOÃO APÓSTOLO";"AV. MARIA COLARES, 1905"
"05/10/2026";"06:29:34";2026;"04/10/2026";"1º Turno";1;"AP";"06025";"PORTO GRANDE";12;15;1;"Principal";-1;1139;"ESCOLA MUNICIPAL ACRE";1;"Convencional";"AVENIDA OITO DE AGOSTO";"CENTRO";"68997000";"-1";",71233734";"-51,41411779";1;"ATIVO";-1;"ATIVO";1;"ATIVO";1;"Ativo";"1";"Com acessibilidade";363;358;358;0;1139;"ESCOLA MUNICIPAL ACRE";"AVENIDA OITO DE AGOSTO"
"05/10/2026";"06:29:34";2026;"04/10/2026";"1º Turno";1;"AP";"06173";"TARTARUGALZINHO";8;19;1;"Principal";-1;1031;"ESC EST REISALINA FERREIRA TOMAZ";1;"Convencional";"AV. N. S. PERPÉTUO SOCORRO, 765";"CENTRO";"68990000";"+559634221199";"1,51009521";"-50,91264494";1;"ATIVO";-1;"ATIVO";1;"ATIVO";1;"Ativo";"0";"Sem acessibilidade";260;257;257;0;1031;"ESC EST REISALINA FERREIRA TOMAZ";"AV. N. S. PERPÉTUO SOCORRO, 765"
"05/10/2026";"06:29:34";2026;"04/10/2026";"1º Turno";1;"AP";"06076";"MAZAGÃO";5;10;1;"Principal";-1;1066;"ESCOLA ESTADUAL RIO NAVIO";1;"Convencional";"RIO AMAZONAS";"VILA NAVIO";"68940000";"-1";"-,4001793";"-51,4205521";1;"ATIVO";-1;"ATIVO";1;"ATIVO";1;"Ativo";"0";"Sem acessibilidade";169;346;346;0;1066;"ESCOLA ESTADUAL RIO NAVIO";"RIO AMAZONAS"
"05/10/2026";"06:29:34";2026;"04/10/2026";"1º Turno";1;"AP";"06050";"MACAPÁ";2;877;1;"Principal";-1;2674;"ESCOLA ESTADUAL PROFª MARIA CARMELITA DO CARMO";1;"Convencional";"RUA BARAO DE MAUA, 345";"BURITIZAL";"68900460";"+5596991394217";",0273806";"-51,0750153";1;"ATIVO";-1;"ATIVO";1;"ATIVO";1;"Ativo";"1";"Com acessibilidade";268;266;266;0;2674;"ESCOLA ESTADUAL PROFª MARIA CARMELITA DO CARMO";"RUA BARAO DE MAUA, 345"
"05/10/2026";"06:29:34";2026;"04/10/2026";"1º Turno";1;"AP";"06050";"MACAPÁ";14;120;1;"Principal";-1;1171;"EMEF RONDONIA";1;"Convencional";"RUA JOVINO DINOA 741";"JESUS DE NAZARE";"68900000";"-1";",0454089";"-51,059362";1;"ATIVO";-1;"ATIVO";1;"ATIVO";1;"Ativo";"0";"Sem acessibilidade";348;345;345;0;1171;"EMEF RONDONIA";"RUA JOVINO DINOA 741"
"05/10/2026";"06:29:34";2026;"04/10/2026";"1º Turno";1;"AP";"06050";"MACAPÁ";14;66;1;"Principal";-1;1112;"EEEF AUGUSTO DOS ANJOS";1;"Convencional";"AV. MARCILIO DIAS, S/N";"LAGUINHO";"68900140";"991173805";",0505983";"-51,05564";1;"ATIVO";-1;"ATIVO";1;"ATIVO";1;"Ativo";"0";"Sem acessibilidade";387;382;382;0;1112;"EEEF AUGUSTO DOS ANJOS";"AV. MARCILIO DIAS, S/N"
"05/10/2026";"06:29:34";2026;"04/10/2026";"1º Turno";1;"AP";"06050";"MACAPÁ";2;343;1;"Principal";-1;1970;"ESCOLA ESTADUAL PROFª ARACY MIRANDA DE MONT ALVERNE";1;"Convencional";"AV. CARAMURU, 351";"BURITIZAL";"68900000";"+5596991390611";",0206229";"-51,0752537";1;"ATIVO";-1;"ATIVO";1;"ATIVO";1;"Ativo";"0";"Sem acessibilidade";313;313;313;0;1970;"ESCOLA ESTADUAL PROFª ARACY MIRANDA DE MONT ALVERNE";"AV. CARAMURU, 351"
"05/10/2026";"06:29:34";2026;"04/10/2026";"1º Turno";1;"AP";"06050";"MACAPÁ";14;273;1;"Principal";-1;1384;"ESCOLA ESTADUAL PROF.GABRIEL ALMEIDA CAFÉ";1;"Convencional";"AV FAB, 091";"CENTRO";"68900000";"+5596991622848";",040525";"-51,0610346";1;"ATIVO";-1;"ATIVO";1;"ATIVO";1;"Ativo";"0";"Sem acessibilidade";244;244;244;0;1384;"ESCOLA ESTADUAL PROF.GABRIEL ALMEIDA CAFÉ";"AV FAB, 091"
"05/10/2026";"06:29:34";2026;"04/10/2026";"1º Turno";1;"AP";"06050";"MACAPÁ";2;783;1;"Principal";-1;1155;"ESCOLA ESTADUAL PROFº ZOLITO DE JESUS NUNES";1;"Convencional";"RUA LEOPOLDO MACHADO                            160 - BEIROL";"BEIROL";"68902020";"+5596991150828";",0179869";"-51,0631282";1;"ATIVO";-1;"ATIVO";1;"ATIVO";1;"Ativo";"0";"Sem acessibilidade";363;361;361;0;1155;"ESCOLA ESTADUAL PROFº ZOLITO DE JESUS NUNES";"RUA LEOPOLDO MACHADO                            160 - BEIROL"
"05/10/2026";"06:29:34";2026;"04/10/2026";"1º Turno";1;"AP";"06050";"MACAPÁ";2;290;1;"Principal";-1;1791;"ESCOLA ESTADUAL IRINEU DA GAMA PAES";1;"Convencional";"AV RAIMUNDO CAXIAS DE SOUZA                      SN";"CONGOS";"68900000";"+5596981151638";",0090684";"-51,0934478";1;"ATIVO";-1;"ATIVO";1;"ATIVO";1;"Ativo";"0";"Sem acessibilidade";368;367;367;0;1791;"ESCOLA ESTADUAL IRINEU DA GAMA PAES";"AV RAIMUNDO CAXIAS DE SOUZA                      SN"
"05/10/2026";"06:29:34";2026;"04/10/2026";"1º Turno";1;"AP";"06050";"MACAPÁ";14;349;1;"Principal";-1;1490;"ESCOLA MUNICIPAL DE ENSINO FUNDAMENTAL RAIMUNDA DE LIMA GUEDES";1;"Convencional";"RUA 07 - N 194";"MARABAIXO I";"68900000";"+5596981389898";",0372505";"-51,1265339";1;"ATIVO";-1;"ATIVO";1;"ATIVO";1;"Ativo";"0";"Sem acessibilidade";287;285;285;0;1490;"ESCOLA MUNICIPAL DE ENSINO FUNDAMENTAL RAIMUNDA DE LIMA GUEDES";"RUA 07 - N 194"
"05/10/2026";"06:29:34";2026;"04/10/2026";"1º Turno";1;"AP";"06050";"MACAPÁ";14;121;1;"Principal";-1;1171;"EMEF RONDONIA";1;"Convencional";"RUA JOVINO DINOA 741";"JESUS DE NAZARE";"68900000";"-1";",0454089";"-51,059362";1;"ATIVO";-1;"ATIVO";1;"ATIVO";1;"Ativo";"0";"Sem acessibilidade";348;342;342;0;1171;"EMEF RONDONIA";"RUA JOVINO DINOA 741"
"05/10/2026";"06:29:34";2026;"04/10/2026";"1º Turno";1;"AP";"06009";"PRACUÚBA";1;89;1;"Principal";-1;1260;"ESCOLA MUNICIPAL MANOEL HURBANO DA SILVA BRITO";1;"Convencional";"RAMAL DO PORTO FRANCO, 267";"CENTRO";"68918000";"34221122";"-1";"-1";1;"ATIVO";-1;"ATIVO";1;"ATIVO";1;"Ativo";"0";"Sem acessibilidade";102;102;102;0;1260;"ESCOLA MUNICIPAL MANOEL HURBANO DA SILVA BRITO";"RAMAL DO PORTO FRANCO, 267"
"05/10/2026";"06:29:34";2026;"04/10/2026";"1º Turno";1;"AP";"06050";"MACAPÁ";2;737;1;"Principal";-1;2330;"ESCOLA ESTADUAL NELITA ROCHA BRITO DIAS";1;"Convencional";"AV. NILO ALMEIDA, 01";"CONGOS";"68904396";"+5596991519421";",0096085";"-51,0919318";1;"ATIVO";-1;"ATIVO";1;"ATIVO";1;"Ativo";"0";"Sem acessibilidade";270;271;271;0;2330;"ESCOLA ESTADUAL NELITA ROCHA BRITO DIAS";"AV. NILO ALMEIDA, 01"
"05/10/2026";"06:29:34";2026;"04/10/2026";"1º Turno";1;"AP";"06050";"MACAPÁ";10;173;1;"Principal";-1;1414;"ESCOLA MUNICIPAL PROFESSORA VERA LUCIA PINON NERY";1;"Convencional";"AV. CARLOS LINS CORTES, 1405";"INFRAERO II";"68900000";"32511330";",0708299";"-51,0829593";1;"ATIVO";-1;"ATIVO";1;"ATIVO";1;"Ativo";"0";"Sem acessibilidade";387;388;388;0;1414;"ESCOLA MUNICIPAL PROFESSORA VERA LUCIA PINON NERY";"AV. CARLOS LINS CORTES, 1405"
"05/10/2026";"06:29:34";2026;"04/10/2026";"1º Turno";1;"AP";"06050";"MACAPÁ";2;398;1;"Principal";-1;1783;"ESCOLA ESTADUAL LAURO CHAVES";1;"Convencional";"AV TEMBES       SN";"MUCA";"68900000";"32411440";",0130979";"-51,074366";1;"ATIVO";-1;"ATIVO";1;"ATIVO";1;"Ativo";"0";"Sem acessibilidade";259;259;259;0;1783;"ESCOLA ESTADUAL LAURO CHAVES";"AV TEMBES       SN"
"05/10/2026";"06:29:34";2026;"04/10/2026";"1º Turno";1;"AP";"06050";"MACAPÁ";2;434;1;"Principal";-1;2437;"ESCOLA MUNICIPAL DE ENSINO FUNDAMENTAL PROFª ANA MARIA DA SILVA RAMOS";1;"Convencional";"AVENIDA INSPETOR AIMORÉ, 480";"ZERAO";"68903290";"+5596988084877";",0013465";"-51,0879621";1;"ATIVO";-1;"ATIVO";1;"ATIVO";1;"Ativo";"1";"Com acessibilidade";257;257;257;0;2437;"ESCOLA MUNICIPAL DE ENSINO FUNDAMENTAL PROFª ANA MARIA DA SILVA RAMOS";"AVENIDA INSPETOR AIMORÉ, 480"
"05/10/2026";"06:29:34";2026;"04/10/2026";"1º Turno";1;"AP";"06050";"MACAPÁ";2;863;1;"Principal";-1;2666;"ESCOLA ESTADUAL JOSEFA JUCILEIDE AMORAS COLARES";1;"Convencional";"AV.RAIMUNDO TEQUILO GOES DE ALMEIDA    000147";"NOVA ESPERANCA";"68901610";"+5596991990317";",0317616";"-51,0825624";1;"ATIVO";-1;"ATIVO";1;"ATIVO";1;"Ativo";"0";"Sem acessibilidade";369;367;367;0;2666;"ESCOLA ESTADUAL JOSEFA JUCILEIDE AMORAS COLARES";"AV.RAIMUNDO TEQUILO GOES DE ALMEIDA    000147"
"05/10/2026";"06:29:34";2026;"04/10/2026";"1º Turno";1;"AP";"06050";"MACAPÁ";10;353;1;"Principal";-1;1406;"ESCOLA ESTADUAL PROFESSORA ODETE ALMEIDA LOPES";1;"Convencional";"AV. RAIMUNDO REINALDO GUEDES FIGUEIRA, 151";"SAO LAZARO";"68900000";"-1";",0763855";"-51,0567027";1;"ATIVO";-1;"ATIVO";1;"ATIVO";1;"Ativo";"1";"Com acessibilidade";334;335;335;0;1406;"ESCOLA ESTADUAL PROFESSORA ODETE ALMEIDA LOPES";"AV. RAIMUNDO REINALDO GUEDES FIGUEIRA, 151"
"05/10/2026";"06:29:34";2026;"04/10/2026";"1º Turno";1;"AP";"06017";"AMAPÁ";1;90;1;"Principal";-1;1163;"ESCOLA ESTADUAL PROFª MARIA ESMERALDA MARTINS DE MOURA";1;"Convencional";"RUA GUARANY, 743";"SETE MANGUEIRAS";"68950000";"-1";"2,0452652";"-50,7927769";1;"ATIVO";-1;"ATIVO";1;"ATIVO";1;"Ativo";"0";"Sem acessibilidade";142;142;142;0;1163;"ESCOLA ESTADUAL PROFª MARIA ESMERALDA MARTINS DE MOURA";"RUA GUARANY, 743"
"05/10/2026";"06:29:34";2026;"04/10/2026";"1º Turno";1;"AP";"06050";"MACAPÁ";2;710;1;"Principal";-1;2240;"ESCOLA MUNICIPAL DE ENSINO FUNDAMENTAL ELITA NUNES MELO";1;"Convencional";"AVENIDA 14 DE JULHO - 1050";"NOVO BURITIZAL";"68904730";"+5596981226475";",018097";"-51,0788441";1;"ATIVO";-1;"ATIVO";1;"ATIVO";1;"Ativo";"0";"Sem acessibilidade";195;195;195;0;2232;"ESCOLA MUNICIPAL DE ENSINO FUNDAMENTAL RAIMUNDO OLIVEIRA ALENCAR";"RUA VINTE E NOVE DE JULHO - 155"
"05/10/2026";"06:29:34";2026;"04/10/2026";"1º Turno";1;"AP";"06050";"MACAPÁ";2;396;1;"Principal";-1;1902;"ESCOLA ESTADUAL REINALDO MAURICIO GOLBERT DAMASCENO";1;"Convencional";"AV 13 DE SETEMBRO      S/N";"CUBA DE ASFALTO";"68900000";"+5596981481320";",023435";"-51,0861323";1;"ATIVO";-1;"ATIVO";1;"ATIVO";1;"Ativo";"0";"Sem acessibilidade";381;381;381;0;1902;"ESCOLA ESTADUAL REINALDO MAURICIO GOLBERT DAMASCENO";"AV 13 DE SETEMBRO      S/N"
"05/10/2026";"06:29:34";2026;"04/10/2026";"1º Turno";1;"AP";"06050";"MACAPÁ";2;744;1;"Principal";-1;2119;"ESCOLA MUNICIPAL DE ENSINO FUNDAMENTAL WILSON MALCHER";1;"Convencional";"RUA JOÃO DE CASTRO , S/N";"JARDIM EQUATORIAL";"68900000";"+5596984144863";",0063263";"-51,0687238";1;"ATIVO";-1;"ATIVO";1;"ATIVO";1;"Ativo";"1";"Com acessibilidade";336;335;335;0;2119;"ESCOLA MUNICIPAL DE ENSINO FUNDAMENTAL WILSON MALCHER";"RUA JOÃO DE CASTRO , S/N"
"05/10/2026";"06:29:34";2026;"04/10/2026";"1º Turno";1;"AP";"06017";"AMAPÁ";1;49;1;"Principal";-1;1279;"ESCOLA MUNICIPAL FRANCISCO ALVES DE OLIVEIRA";1;"Convencional";"AV GOVERNADOR JANARY GENTIL NUNES";"BOM JARDIM";"68950000";"-1";"2,0497538";"-50,7872148";1;"ATIVO";-1;"ATIVO";1;"ATIVO";1;"Ativo";"0";"Sem acessibilidade";356;351;351;0;1279;"ESCOLA MUNICIPAL FRANCISCO ALVES DE OLIVEIRA";"AV GOVERNADOR JANARY GENTIL NUNES"
"05/10/2026";"06:29:34";2026;"04/10/2026";"1º Turno";1;"AP";"06033";"CALÇOENE";1;72;1;"Principal";-1;1074;"ESCOLA ESTADUAL AMARO BRASILINO  DE FARIAS FILHO";1;"Convencional";"AVENIDA EULÁLIO MODESTO, N 2408";"BEIRA RIO";"68960000";"34231417";"2,49220243";"-50,9470054";1;"ATIVO";-1;"ATIVO";1;"ATIVO";1;"Ativo";"0";"Sem acessibilidade";251;250;250;0;1074;"ESCOLA ESTADUAL AMARO BRASILINO  DE FARIAS FILHO";"AVENIDA EULÁLIO MODESTO, N 2408"
"05/10/2026";"06:29:34";2026;"04/10/2026";"1º Turno";1;"AP";"06050";"MACAPÁ";10;152;1;"Principal";-1;1414;"ESCOLA MUNICIPAL PROFESSORA VERA LUCIA PINON NERY";1;"Convencional";"AV. CARLOS LINS CORTES, 1405";"INFRAERO II";"68900000";"32511330";",0708299";"-51,0829593";1;"ATIVO";-1;"ATIVO";1;"ATIVO";1;"Ativo";"0";"Sem acessibilidade";392;392;392;0;1414;"ESCOLA MUNICIPAL PROFESSORA VERA LUCIA PINON NERY";"AV. CARLOS LINS CORTES, 1405"
"05/10/2026";"06:29:34";2026;"04/10/2026";"1º Turno";1;"AP";"06068";"CUTIAS";10;394;1;"Principal";-1;1040;"ESCOLA ESTADUAL MÁRIO ALVES MEIRA";1;"Convencional";"AV PRINCIPAL DO LIVRAMENTO, 832, LIVRAMENTO";"livramento";"68973000";"991724176";",8841779";"-50,7001387";1;"ATIVO";-1;"ATIVO";1;"ATIVO";1;"Ativo";"1";"Com acessibilidade";269;271;271;0;1040;"ESCOLA ESTADUAL MÁRIO ALVES MEIRA";"AV PRINCIPAL DO LIVRAMENTO, 832, LIVRAMENTO"
"05/10/2026";"06:29:34";2026;"04/10/2026";"1º Turno";1;"AP";"06050";"MACAPÁ";2;228;1;"Principal";-1;1600;"ESCOLA ESTADUAL MÁRIO QUIRINO DA SILVA";1;"Convencional";"RUA CLAUDOMIRO DE MORAIS                    SN";"NOVO BURITIZAL";"68900000";"32125283";",0154748";"-51,0823276";1;"ATIVO";-1;"ATIVO";1;"ATIVO";1;"Ativo";"1";"Com acessibilidade";385;384;384;0;1600;"ESCOLA ESTADUAL MÁRIO QUIRINO DA SILVA";"RUA CLAUDOMIRO DE MORAIS                    SN"
"05/10/2026";"06:29:34";2026;"04/10/2026";"1º Turno";1;"AP";"06092";"OIAPOQUE";4;44;1;"Principal";-1;1155;"ESCOLA MUNICIPAL VILA BRASIL";1;"Convencional";"VILA BRASIL - MARGEM DIREITA DO RIO OIAPOQUE";"VILA BRASIL";"68980000";"-1";"3,17014536";"-52,32972221";1;"ATIVO";-1;"ATIVO";1;"ATIVO";1;"Ativo";"0";"Sem acessibilidade";229;231;231;0;1155;"ESCOLA MUNICIPAL VILA BRASIL";"VILA BRASIL - MARGEM DIREITA DO RIO OIAPOQUE"
"05/10/2026";"06:29:34";2026;"04/10/2026";"1º Turno";1;"AP";"06050";"MACAPÁ";10;465;1;"Principal";-1;1848;"ESCOLA ESTADUAL PROFESSOR. CARLOS ALBERTO VIANA MARQUES";1;"Convencional";"CONJUNTO HABITACIONAL MIRACEMA - BLOCO 24";"conjunto miracema";"68908911";"00000";",0581829";"-51,0950666";1;"ATIVO";-1;"ATIVO";1;"ATIVO";1;"Ativo";"0";"Sem acessibilidade";294;294;294;0;1848;"ESCOLA ESTADUAL PROFESSOR. CARLOS ALBERTO VIANA MARQUES";"CONJUNTO HABITACIONAL MIRACEMA - BLOCO 24"
"05/10/2026";"06:29:34";2026;"04/10/2026";"1º Turno";1;"AP";"06050";"MACAPÁ";14;438;2;"Agregada";332;1643;"ESCOLA MUNICIPAL DE EDUCAÇÃO INFANTIL LUZIA COSTA DA SILVA";1;"Convencional";"RUA SÃO FRANCISCO DE ASSIS, 1430";"VILA DO CORACAO";"68906303";"-1";"-1";"-1";1;"ATIVO";-1;"ATIVO";1;"ATIVO";1;"Ativo";"0";"Sem acessibilidade";26;0;0;0;1643;"ESCOLA MUNICIPAL DE EDUCAÇÃO INFANTIL LUZIA COSTA DA SILVA";"RUA SÃO FRANCISCO DE ASSIS, 1430"
"05/10/2026";"06:29:34";2026;"04/10/2026";"1º Turno";1;"AP";"06050";"MACAPÁ";14;56;1;"Principal";-1;1090;"E.M.E.I.  MUNDO DA CRIANÇA";1;"Convencional";"AV. PARAIBA - 201";"PACOVAL";"68908280";"991223819";",057793";"-51,0545661";1;"ATIVO";-1;"ATIVO";1;"ATIVO";1;"Ativo";"0";"Sem acessibilidade";315;313;313;0;1090;"E.M.E.I.  MUNDO DA CRIANÇA";"AV. PARAIBA - 201"
"05/10/2026";"06:29:34";2026;"04/10/2026";"1º Turno";1;"AP";"06157";"SANTANA";6;158;1;"Principal";-1;1147;"E.P.G. JOSE DE RIBAMAR PESTANA";1;"Convencional";"TV. PALMIRA MIRANDA DE ANDRADE, 540";"NOVA BRASÍLIA I";"68925000";"3283 2837";"-,0464025";"-51,1602663";1;"ATIVO";-1;"ATIVO";1;"ATIVO";1;"Ativo";"0";"Sem acessibilidade";341;342;342;0;1147;"E.P.G. JOSE DE RIBAMAR PESTANA";"TV. PALMIRA MIRANDA DE ANDRADE, 540"
"05/10/2026";"06:29:34";2026;"04/10/2026";"1º Turno";1;"AP";"06122";"VITÓRIA DO JARI";7;147;1;"Principal";-1;1031;"ESCOLA DE 1 GRAU SAO JOAO DO CAJARI";1;"Convencional";"RIO CAJARI                                        VILA RIO CAJA";"CENTRO";"00000000";"-1";"-,8681585";"-51,8212868";1;"ATIVO";-1;"ATIVO";1;"ATIVO";1;"Ativo";"0";"Sem acessibilidade";346;346;346;0;1031;"ESCOLA DE 1 GRAU SAO JOAO DO CAJARI";"RIO CAJARI                                        VILA RIO CAJA"
"05/10/2026";"06:29:34";2026;"04/10/2026";"1º Turno";1;"AP";"06050";"MACAPÁ";2;102;2;"Agregada";101;1163;"ESCOLA MUNICIPAL DE ENSINO FUNDAMENTAL RORAIMA";1;"Convencional";"RUA HILDEMAR MAIA ,   2549";"BURITIZAL";"68902870";"000000000";",0239286";"-51,0709472";1;"ATIVO";-1;"ATIVO";1;"ATIVO";1;"Ativo";"0";"Sem acessibilidade";191;0;0;0;1163;"ESCOLA MUNICIPAL DE ENSINO FUNDAMENTAL RORAIMA";"RUA HILDEMAR MAIA ,   2549"
"05/10/2026";"06:29:34";2026;"04/10/2026";"1º Turno";1;"AP";"06050";"MACAPÁ";2;816;1;"Principal";-1;2453;"ESCOLA MUNICIPAL DE ENSINO FUNDAMENTAL CAETANO DIAS TOMAZ";1;"Convencional";"RUA DO MATADOURO, 112";"DISTRITO DE FAZENDINHA";"68911012";"+5596999083324";"-,0463079";"-51,1164641";1;"ATIVO";-1;"ATIVO";1;"ATIVO";1;"Ativo";"0";"Sem acessibilidade";249;249;249;0;2453;"ESCOLA MUNICIPAL DE ENSINO FUNDAMENTAL CAETANO DIAS TOMAZ";"RUA DO MATADOURO, 112"
"05/10/2026";"06:29:34";2026;"04/10/2026";"1º Turno";1;"AP";"06157";"SANTANA";6;150;1;"Principal";-1;1201;"E.E. PROF. IZANETE VICTOR DOS SANTOS";1;"Convencional";"AV. COELHO NETO, 828";"PARAÍSO";"68925000";"3283 2783";"-,0294157";"-51,1673923";1;"ATIVO";-1;"ATIVO";1;"ATIVO";1;"Ativo";"0";"Sem acessibilidade";370;369;369;0;1201;"E.E. PROF. IZANETE VICTOR DOS SANTOS";"AV. COELHO NETO, 828"
"05/10/2026";"06:29:34";2026;"04/10/2026";"1º Turno";1;"AP";"06050";"MACAPÁ";14;84;1;"Principal";-1;1139;"EEEF MARIA IVONE DE MENEZES";1;"Convencional";"RUA ANTONIO PELAES DE SOUZA 1320";"PERPETUO SOCORRO";"68900000";"-1";",0526608";"-51,0423583";5;"BLOQUEADO";-1;"ATIVO";1;"ATIVO";1;"Ativo";"0";"Sem acessibilidade";376;375;375;0;1139;"EEEF MARIA IVONE DE MENEZES";"RUA ANTONIO PELAES DE SOUZA 1320"
"05/10/2026";"06:29:34";2026;"04/10/2026";"1º Turno";1;"AP";"06076";"MAZAGÃO";5;114;1;"Principal";-1;1449;"ESCOLA MUNICIPAL TIA RAIMUNDA PUREZA";1;"Convencional";"RUA VEIGA CABRAL, S/N";"CENTRO";"68940000";"-1";"-1";"-1";1;"ATIVO";-1;"ATIVO";1;"ATIVO";1;"Ativo";"0";"Sem acessibilidade";276;275;275;0;1449;"ESCOLA MUNICIPAL TIA RAIMUNDA PUREZA";"RUA VEIGA CABRAL, S/N"
"05/10/2026";"06:29:34";2026;"04/10/2026";"1º Turno";1;"AP";"06050";"MACAPÁ";10;368;1;"Principal";-1;1163;"ESCOLA QUILOMBOLA ESTADUAL JOSÉ BONIFÁCIO";1;"Convencional";"RUA SANTO ANTÔNIO, 129";"VILA DO CURIAU";"68900000";"-1";",13441";"-51,05296";1;"ATIVO";-1;"ATIVO";1;"ATIVO";1;"Ativo";"1";"Com acessibilidade";334;333;333;0;1163;"ESCOLA QUILOMBOLA ESTADUAL JOSÉ BONIFÁCIO";"RUA SANTO ANTÔNIO, 129"
"05/10/2026";"06:29:34";2026;"04/10/2026";"1º Turno";1;"AP";"06157";"SANTANA";6;52;1;"Principal";-1;1090;"E. E. BELMIRO MACEDO MEDINA";1;"Convencional";"VILA IGARAPE DO LAGO, S/N";"IGARAPÉ DO LAGO";"68925000";"+559632819001";",0726728";"-51,4414559";1;"ATIVO";-1;"ATIVO";1;"ATIVO";1;"Ativo";"0";"Sem acessibilidade";250;251;251;0;1090;"E. E. BELMIRO MACEDO MEDINA";"VILA IGARAPE DO LAGO, S/N"
"05/10/2026";"06:29:34";2026;"04/10/2026";"1º Turno";1;"AP";"06050";"MACAPÁ";10;426;1;"Principal";-1;1740;"ESCOLA ESTADUAL DOM JOSÉ MARITANO";1;"Convencional";"AV. ALEXANDRE FERREIRA DA SILVA, 2204";"NOVO HORIZONTE";"68900817";"-1";",0924881";"-51,0509332";1;"ATIVO";-1;"ATIVO";1;"ATIVO";1;"Ativo";"1";"Com acessibilidade";239;239;239;0;1740;"ESCOLA ESTADUAL DOM JOSÉ MARITANO";"AV. ALEXANDRE FERREIRA DA SILVA, 2204"
"05/10/2026";"06:29:34";2026;"04/10/2026";"1º Turno";1;"AP";"06157";"SANTANA";6;191;1;"Principal";-1;1457;"IFAP INSTITUTO FEDERAL DO AMAPA";1;"Convencional";"RODOVIA DUCA SERRA 1133";"FONTE NOVA";"68928084";"-1";"-,02058645";"-51,18061816";1;"ATIVO";-1;"ATIVO";1;"ATIVO";1;"Ativo";"1";"Com acessibilidade";306;304;304;0;1457;"IFAP INSTITUTO FEDERAL DO AMAPA";"RODOVIA DUCA SERRA 1133"
"05/10/2026";"06:29:34";2026;"04/10/2026";"1º Turno";1;"AP";"06092";"OIAPOQUE";4;11;1;"Principal";-1;1090;"ESCOLA DE PRIMEIRO GRAU KUMARUMA";1;"Convencional";"ALDEIA KUMARUMA";"ALDEIA KUMARUMA";"68980000";"-1";"3,3787291";"-51,2981222";1;"ATIVO";-1;"ATIVO";1;"ATIVO";1;"Ativo";"0";"Sem acessibilidade";281;284;284;0;1090;"ESCOLA DE PRIMEIRO GRAU KUMARUMA";"ALDEIA KUMARUMA"
"05/10/2026";"06:29:34";2026;"04/10/2026";"1º Turno";1;"AP";"06050";"MACAPÁ";14;146;1;"Principal";-1;1210;"EPG PROF DEUSOLINA SALES FARIAS";1;"Convencional";"RUA GOIAS, 107";"PACOVAL";"68908340";"981331502";",0554256";"-51,0582209";1;"ATIVO";-1;"ATIVO";1;"ATIVO";1;"Ativo";"0";"Sem acessibilidade";333;333;333;0;1210;"EPG PROF DEUSOLINA SALES FARIAS";"RUA GOIAS, 107"
"05/10/2026";"06:29:34";2026;"04/10/2026";"1º Turno";1;"AP";"06050";"MACAPÁ";10;476;1;"Principal";-1;2020;"ESCOLA ESTADUAL SÃO PEDRO DO CARANÃ";1;"Convencional";"RIO MATAPI, KM 40, BR 156";"São pedro do caranã";"68900000";"991255286";",3869233";"-51,20887";1;"ATIVO";-1;"ATIVO";1;"ATIVO";1;"Ativo";"1";"Com acessibilidade";133;134;134;0;2020;"ESCOLA ESTADUAL SÃO PEDRO DO CARANÃ";"RIO MATAPI, KM 40, BR 156"
"05/10/2026";"06:29:34";2026;"04/10/2026";"1º Turno";1;"AP";"06050";"MACAPÁ";10;179;1;"Principal";-1;1546;"ESCOLA ESTADUAL PROFESSORA MARIA CAVALCANTE DE AZEVEDO PICANÇO";1;"Convencional";"RUA CAJUEIRO, 543, BRASIL NOVO";"BRASIL NOVO";"68909312";"991495422";",0920931";"-51,0860936";1;"ATIVO";-1;"ATIVO";1;"ATIVO";1;"Ativo";"1";"Com acessibilidade";384;383;383;0;1546;"ESCOLA ESTADUAL PROFESSORA MARIA CAVALCANTE DE AZEVEDO PICANÇO";"RUA CAJUEIRO, 543, BRASIL NOVO"
"05/10/2026";"06:29:34";2026;"04/10/2026";"1º Turno";1;"AP";"06050";"MACAPÁ";2;705;1;"Principal";-1;1163;"ESCOLA MUNICIPAL DE ENSINO FUNDAMENTAL RORAIMA";1;"Convencional";"RUA HILDEMAR MAIA ,   2549";"BURITIZAL";"68902870";"000000000";",0239286";"-51,0709472";1;"ATIVO";-1;"ATIVO";1;"ATIVO";1;"Ativo";"0";"Sem acessibilidade";211;211;211;0;2224;"ESCOLA MUNICIPAL DE ENSINO FUNDAMENTAL EUNICE PICANÇO";"RUA CLAUDOMIRO DE MORAES - 3015"
"05/10/2026";"06:29:34";2026;"04/10/2026";"1º Turno";1;"AP";"06157";"SANTANA";6;257;1;"Principal";-1;1139;"E.E. ALBERTO SANTOS DUMONT (ELESBÃO)";1;"Convencional";"RAMAL DA OLARIA, 286";"ELESBÃO";"68925000";"3281 1191";"-,04720407";"-51,18649262";1;"ATIVO";-1;"ATIVO";1;"ATIVO";1;"Ativo";"0";"Sem acessibilidade";364;364;364;0;1139;"E.E. ALBERTO SANTOS DUMONT (ELESBÃO)";"RAMAL DA OLARIA, 286"
"05/10/2026";"06:29:34";2026;"04/10/2026";"1º Turno";1;"AP";"06076";"MAZAGÃO";5;11;1;"Principal";-1;1074;"ESCOLA MUNICIPAL VILHENA ALVES";1;"Convencional";"FOZ DO RIO CAMAIPI, 58";"VILA SANTA MARIA DO RIO VILA NOVA";"68940000";"-1";",15383296";"-51,57723833";1;"ATIVO";-1;"ATIVO";1;"ATIVO";1;"Ativo";"0";"Sem acessibilidade";275;398;398;0;1074;"ESCOLA MUNICIPAL VILHENA ALVES";"FOZ DO RIO CAMAIPI, 58"
"05/10/2026";"06:29:34";2026;"04/10/2026";"1º Turno";1;"AP";"06076";"MAZAGÃO";5;75;1;"Principal";-1;1309;"ESCOLA MUNICIPAL SOROROCA";1;"Convencional";"ROD MACAPÁ JARI-VILA DO SOROROCA";"DISTRITO DE MARACA";"68940000";"-1";"-,3309683";"-51,95502341";1;"ATIVO";-1;"ATIVO";1;"ATIVO";1;"Ativo";"0";"Sem acessibilidade";90;90;90;0;1309;"ESCOLA MUNICIPAL SOROROCA";"ROD MACAPÁ JARI-VILA DO SOROROCA"
"05/10/2026";"06:29:34";2026;"04/10/2026";"1º Turno";1;"AP";"06157";"SANTANA";6;163;1;"Principal";-1;1139;"E.E. ALBERTO SANTOS DUMONT (ELESBÃO)";1;"Convencional";"RAMAL DA OLARIA, 286";"ELESBÃO";"68925000";"3281 1191";"-,04720407";"-51,18649262";1;"ATIVO";-1;"ATIVO";1;"ATIVO";1;"Ativo";"0";"Sem acessibilidade";365;365;365;0;1139;"E.E. ALBERTO SANTOS DUMONT (ELESBÃO)";"RAMAL DA OLARIA, 286"
"05/10/2026";"06:29:34";2026;"04/10/2026";"1º Turno";1;"AP";"06050";"MACAPÁ";2;719;1;"Principal";-1;1171;"ESCOLA ESTADUAL PROFª SEBASTIANA LENIR DE ALMEIDA";1;"Convencional";"AV DIOGENES SILVA         123        BURITIZAL";"BURITIZAL";"68902891";"+5596991579520";",0258939";"-51,0728225";1;"ATIVO";-1;"ATIVO";1;"ATIVO";1;"Ativo";"0";"Sem acessibilidade";286;286;286;0;1171;"ESCOLA ESTADUAL PROFª SEBASTIANA LENIR DE ALMEIDA";"AV DIOGENES SILVA         123        BURITIZAL"
"05/10/2026";"06:29:34";2026;"04/10/2026";"1º Turno";1;"AP";"06050";"MACAPÁ";2;832;1;"Principal";-1;1899;"UNIVERSIDADE FEDERAL DO AMAPA - UNIFAP";1;"Convencional";"ROD. JOSMAR CHAVES PINTO, KM 02   JARDIM MARCO ZERO";"UNIVERSIDADE";"68903419";"+5596981159919";"-,0065359";"-51,0845096";1;"ATIVO";-1;"ATIVO";1;"ATIVO";1;"Ativo";"0";"Sem acessibilidade";381;379;379;0;1899;"UNIVERSIDADE FEDERAL DO AMAPA - UNIFAP";"ROD. JOSMAR CHAVES PINTO, KM 02   JARDIM MARCO ZERO"
"05/10/2026";"06:29:34";2026;"04/10/2026";"1º Turno";1;"AP";"06157";"SANTANA";6;115;1;"Principal";-1;1201;"E.E. PROF. IZANETE VICTOR DOS SANTOS";1;"Convencional";"AV. COELHO NETO, 828";"PARAÍSO";"68925000";"3283 2783";"-,0294157";"-51,1673923";1;"ATIVO";-1;"ATIVO";1;"ATIVO";1;"Ativo";"0";"Sem acessibilidade";367;366;366;0;1201;"E.E. PROF. IZANETE VICTOR DOS SANTOS";"AV. COELHO NETO, 828"
"05/10/2026";"06:29:34";2026;"04/10/2026";"1º Turno";1;"AP";"06157";"SANTANA";6;210;1;"Principal";-1;1260;"ESCOLA ESTADUAL SÃO JOÃO APÓSTOLO";1;"Convencional";"AV. MARIA COLARES, 1905";"NOVA BRASÍLIA I";"68927229";"32831015";"-,0369626";"-51,1661291";1;"ATIVO";-1;"ATIVO";1;"ATIVO";1;"Ativo";"0";"Sem acessibilidade";203;202;202;0;1260;"ESCOLA ESTADUAL SÃO JOÃO APÓSTOLO";"AV. MARIA COLARES, 1905"
"05/10/2026";"06:29:34";2026;"04/10/2026";"1º Turno";1;"AP";"06050";"MACAPÁ";2;623;1;"Principal";-1;2240;"ESCOLA MUNICIPAL DE ENSINO FUNDAMENTAL ELITA NUNES MELO";1;"Convencional";"AVENIDA 14 DE JULHO - 1050";"NOVO BURITIZAL";"68904730";"+5596981226475";",018097";"-51,0788441";1;"ATIVO";-1;"ATIVO";1;"ATIVO";1;"Ativo";"1";"Com acessibilidade";194;194;194;0;2240;"ESCOLA MUNICIPAL DE ENSINO FUNDAMENTAL ELITA NUNES MELO";"AVENIDA 14 DE JULHO - 1050"
"05/10/2026";"06:29:34";2026;"04/10/2026";"1º Turno";1;"AP";"06157";"SANTANA";6;195;1;"Principal";-1;1260;"ESCOLA ESTADUAL SÃO JOÃO APÓSTOLO";1;"Convencional";"AV. MARIA COLARES, 1905";"NOVA BRASÍLIA I";"68927229";"32831015";"-,0369626";"-51,1661291";1;"ATIVO";-1;"ATIVO";1;"ATIVO";1;"Ativo";"0";"Sem acessibilidade";230;230;230;0;1260;"ESCOLA ESTADUAL SÃO JOÃO APÓSTOLO";"AV. MARIA COLARES, 1905"
"05/10/2026";"06:29:34";2026;"04/10/2026";"1º Turno";1;"AP";"06122";"VITÓRIA DO JARI";7;159;1;"Principal";-1;1066;"ESCOLA MUNICIPAL FRANCISCA DE FREITAS ARAUJO";1;"Convencional";"RUA PEDRO LADISLAU, S/N";"CIDADE LIVRE";"68920000";"36221448";"-,9205129";"-52,4051767";1;"ATIVO";-1;"ATIVO";1;"ATIVO";1;"Ativo";"0";"Sem acessibilidade";216;215;215;0;1066;"ESCOLA MUNICIPAL FRANCISCA DE FREITAS ARAUJO";"RUA PEDRO LADISLAU, S/N"
"05/10/2026";"06:29:34";2026;"04/10/2026";"1º Turno";1;"AP";"06157";"SANTANA";6;81;1;"Principal";-1;1015;"E.P.G. ELIZABETH PICANCO ESTEVES";1;"Convencional";"AV. DAS NAÇÕES, 678";"HOSPITALIDADE";"68925000";"3283 2827";"-,0466519";"-51,172363";1;"ATIVO";-1;"ATIVO";1;"ATIVO";1;"Ativo";"0";"Sem acessibilidade";368;367;367;0;1015;"E.P.G. ELIZABETH PICANCO ESTEVES";"AV. DAS NAÇÕES, 678"
"05/10/2026";"06:29:34";2026;"04/10/2026";"1º Turno";1;"AP";"06076";"MAZAGÃO";5;65;1;"Principal";-1;1228;"ESCOLA ESTADUAL DOM PEDRO I";1;"Convencional";"AV INTENDENTE ALFREDO PINTO, 1205";"CENTRO";"68930000";"-1";"-,11608132";"-51,28560926";1;"ATIVO";-1;"ATIVO";1;"ATIVO";1;"Ativo";"0";"Sem acessibilidade";236;237;237;0;1228;"ESCOLA ESTADUAL DOM PEDRO I";"AV INTENDENTE ALFREDO PINTO, 1205"
"05/10/2026";"06:29:34";2026;"04/10/2026";"1º Turno";1;"AP";"06050";"MACAPÁ";14;276;1;"Principal";-1;1384;"ESCOLA ESTADUAL PROF.GABRIEL ALMEIDA CAFÉ";1;"Convencional";"AV FAB, 091";"CENTRO";"68900000";"+5596991622848";",040525";"-51,0610346";1;"ATIVO";-1;"ATIVO";1;"ATIVO";1;"Ativo";"0";"Sem acessibilidade";242;241;241;0;1384;"ESCOLA ESTADUAL PROF.GABRIEL ALMEIDA CAFÉ";"AV FAB, 091"
"05/10/2026";"06:29:34";2026;"04/10/2026";"1º Turno";1;"AP";"06050";"MACAPÁ";10;320;1;"Principal";-1;1694;"ESCOLA MUNICIPAL LÚCIA NEVES DENIUR";1;"Convencional";"ALAMEDA CIRIGUELA, N 1088";"BRASIL NOVO";"68909333";"-1";",0986836";"-51,0849266";1;"ATIVO";-1;"ATIVO";1;"ATIVO";1;"Ativo";"0";"Sem acessibilidade";380;382;382;0;1694;"ESCOLA MUNICIPAL LÚCIA NEVES DENIUR";"ALAMEDA CIRIGUELA, N 1088"
"05/10/2026";"06:29:34";2026;"04/10/2026";"1º Turno";1;"AP";"06050";"MACAPÁ";2;718;1;"Principal";-1;1848;"ESCOLA ESTADUAL PROFº ANTONIO CASTRO MONTEIRO";1;"Convencional";"AV. DOM JOSE MARITANO         700";"ZERAO";"68900000";"+5596984136039";"-,0018708";"-51,097023";1;"ATIVO";-1;"ATIVO";1;"ATIVO";1;"Ativo";"0";"Sem acessibilidade";338;338;338;0;1848;"ESCOLA ESTADUAL PROFº ANTONIO CASTRO MONTEIRO";"AV. DOM JOSE MARITANO         700"
"05/10/2026";"06:29:34";2026;"04/10/2026";"1º Turno";1;"AP";"06050";"MACAPÁ";14;167;1;"Principal";-1;1252;"ESCOLA ESTADUAL ANTONIO CORDEIRO PONTES";1;"Convencional";"AV FAB  , 264";"CENTRO";"68900000";"32231039";",04041684";"-51,05211013";1;"ATIVO";-1;"ATIVO";1;"ATIVO";1;"Ativo";"0";"Sem acessibilidade";238;235;235;0;1252;"ESCOLA ESTADUAL ANTONIO CORDEIRO PONTES";"AV FAB  , 264"
"05/10/2026";"06:29:34";2026;"04/10/2026";"1º Turno";1;"AP";"06050";"MACAPÁ";2;803;1;"Principal";-1;1961;"ESCOLA MUNICIPAL DE ENSINO INFANTIL ANA LUIZA DE SOUZA MORAES";1;"Convencional";"RUA CLAUDOMIRO DE MORAES, 802";"NOVO BURITIZAL";"68904000";"-1";",0183376";"-51,0795418";1;"ATIVO";-1;"ATIVO";1;"ATIVO";1;"Ativo";"0";"Sem acessibilidade";199;200;200;0;2232;"ESCOLA MUNICIPAL DE ENSINO FUNDAMENTAL RAIMUNDO OLIVEIRA ALENCAR";"RUA VINTE E NOVE DE JULHO - 155"
"05/10/2026";"06:29:34";2026;"04/10/2026";"1º Turno";1;"AP";"06050";"MACAPÁ";14;332;1;"Principal";-1;1473;"ESCOLA MUNICIPAL DE ENSINO FUNDAMENTAL GOIAS";1;"Convencional";"RUA SAO FRANCISCO DE ASSIS N 62";"VILA DO CORACAO";"68900000";"-1";",0199991";"-51,17262336";1;"ATIVO";-1;"ATIVO";1;"ATIVO";1;"Ativo";"1";"Com acessibilidade";313;343;343;0;1473;"ESCOLA MUNICIPAL DE ENSINO FUNDAMENTAL GOIAS";"RUA SAO FRANCISCO DE ASSIS N 62"
"05/10/2026";"06:29:34";2026;"04/10/2026";"1º Turno";1;"AP";"06076";"MAZAGÃO";5;70;1;"Principal";-1;1244;"ESCOLA ESTADUAL MANOEL QUEIROZ BENJAMIM";1;"Convencional";"RUA PRESIDENTE VARGAS, SN";"OLARIA";"68940000";"-1";"-,12342933";"-51,28345931";1;"ATIVO";-1;"ATIVO";1;"ATIVO";1;"Ativo";"0";"Sem acessibilidade";248;248;248;0;1244;"ESCOLA ESTADUAL MANOEL QUEIROZ BENJAMIM";"RUA PRESIDENTE VARGAS, SN"
"05/10/2026";"06:29:34";2026;"04/10/2026";"1º Turno";1;"AP";"06130";"LARANJAL DO JARI";7;171;1;"Principal";-1;1155;"ESCOLA MUNICIPAL PROF. TEREZA TELES";1;"Convencional";"RUA FLORIANO PEIXOTO, N. 1024";"AGRESTE";"68920000";"96991318047";"-,8391003";"-52,5207507";1;"ATIVO";-1;"ATIVO";1;"ATIVO";1;"Ativo";"0";"Sem acessibilidade";176;174;174;0;1155;"ESCOLA MUNICIPAL PROF. TEREZA TELES";"RUA FLORIANO PEIXOTO, N. 1024"
"05/10/2026";"06:29:34";2026;"04/10/2026";"1º Turno";1;"AP";"06130";"LARANJAL DO JARI";7;121;1;"Principal";-1;1155;"ESCOLA MUNICIPAL PROF. TEREZA TELES";1;"Convencional";"RUA FLORIANO PEIXOTO, N. 1024";"AGRESTE";"68920000";"96991318047";"-,8391003";"-52,5207507";1;"ATIVO";-1;"ATIVO";1;"ATIVO";1;"Ativo";"0";"Sem acessibilidade";188;188;188;0;1155;"ESCOLA MUNICIPAL PROF. TEREZA TELES";"RUA FLORIANO PEIXOTO, N. 1024"
"05/10/2026";"06:29:34";2026;"04/10/2026";"1º Turno";1;"AP";"06130";"LARANJAL DO JARI";7;18;1;"Principal";-1;1120;"CENTRO EDUCACIONAL WEBER EIDER QUEMEL";1;"Convencional";"AV NILO PEÇANHA";"LOTEAMENTO CAJARY";"68920000";"36211227";"-,8530587";"-52,5367231";1;"ATIVO";-1;"ATIVO";1;"ATIVO";1;"Ativo";"0";"Sem acessibilidade";397;397;397;0;1120;"CENTRO EDUCACIONAL WEBER EIDER QUEMEL";"AV NILO PEÇANHA"
"05/10/2026";"06:29:34";2026;"04/10/2026";"1º Turno";1;"AP";"06092";"OIAPOQUE";4;32;1;"Principal";-1;1023;"ESCOLA DE PRIMEIRO GRAU JOAQUIM NABUCO";1;"Convencional";"RUA LELIO SILVA";"CENTRO";"68900000";"-1";"3,84401648";"-51,83412591";1;"ATIVO";-1;"ATIVO";1;"ATIVO";1;"Ativo";"0";"Sem acessibilidade";292;289;289;0;1023;"ESCOLA DE PRIMEIRO GRAU JOAQUIM NABUCO";"RUA LELIO SILVA"
"05/10/2026";"06:29:34";2026;"04/10/2026";"1º Turno";1;"AP";"06050";"MACAPÁ";14;214;1;"Principal";-1;1708;"ESCOLA ESTADUAL ANTONIO JOÃO";4;"Temporário";"RUA HILDEMAR MAIA, 674";"SANTA RITA";"68908119";"96991320828";"-1";"-1";1;"ATIVO";-1;"ATIVO";1;"ATIVO";1;"Ativo";"0";"Sem acessibilidade";287;285;285;0;1325;"ESCOLA ESTADUAL  JOSÉ DE ANCHIETA";"AV CORA DE CARVALHO, SN"
"05/10/2026";"06:29:34";2026;"04/10/2026";"1º Turno";1;"AP";"06050";"MACAPÁ";14;26;1;"Principal";-1;1058;"E. E. PROFª DEUZUITE CAVALCANTE";1;"Convencional";"AV. JOSÉ TUPINAMBÁ, 556, PERPÉTUO SOCORRO";"PERPETUO SOCORRO";"68900000";"991416677";",0457954";"-51,0448561";1;"ATIVO";-1;"ATIVO";1;"ATIVO";1;"Ativo";"0";"Sem acessibilidade";380;379;379;0;1058;"E. E. PROFª DEUZUITE CAVALCANTE";"AV. JOSÉ TUPINAMBÁ, 556, PERPÉTUO SOCORRO"
"05/10/2026";"06:29:34";2026;"04/10/2026";"1º Turno";1;"AP";"06050";"MACAPÁ";10;254;1;"Principal";-1;1503;"ESCOLA MUNICIPAL PROFESSOR JOSÉ LEOVES DE LIMA TEIXEIRA";1;"Convencional";"RUA RENASCIMENTO, 2041";"RENASCER";"68900000";"981381507";",0729854";"-51,0513328";1;"ATIVO";-1;"ATIVO";1;"ATIVO";1;"Ativo";"0";"Sem acessibilidade";388;385;385;0;1503;"ESCOLA MUNICIPAL PROFESSOR JOSÉ LEOVES DE LIMA TEIXEIRA";"RUA RENASCIMENTO, 2041"
"05/10/2026";"06:29:34";2026;"04/10/2026";"1º Turno";1;"AP";"06050";"MACAPÁ";14;374;1;"Principal";-1;1546;"UNIVERSIDADE DO ESTADO DO AMAPÁ - UEAP";1;"Convencional";"AV PRESIDENTE VARGAS,650";"CENTRO";"68900070";"+5596991119207";",0383042";"-51,0555888";1;"ATIVO";-1;"ATIVO";1;"ATIVO";1;"Ativo";"0";"Sem acessibilidade";198;199;199;0;1546;"UNIVERSIDADE DO ESTADO DO AMAPÁ - UEAP";"AV PRESIDENTE VARGAS,650"
"05/10/2026";"06:29:34";2026;"04/10/2026";"1º Turno";1;"AP";"06050";"MACAPÁ";14;106;1;"Principal";-1;1155;"EMEF EUNICE DAS CHAGAS FERNANDES SOUZA";1;"Convencional";"RUA GUANABARA - 372";"PACOVAL";"68900000";"-1";",0558461";"-51,0543723";1;"ATIVO";-1;"ATIVO";1;"ATIVO";1;"Ativo";"0";"Sem acessibilidade";255;255;255;0;1155;"EMEF EUNICE DAS CHAGAS FERNANDES SOUZA";"RUA GUANABARA - 372"
"05/10/2026";"06:29:34";2026;"04/10/2026";"1º Turno";1;"AP";"06050";"MACAPÁ";14;124;1;"Principal";-1;1180;"EPG CASTRO ALVES";1;"Convencional";"AV. PEDRO AMERICO, 114";"JESUS DE NAZARE";"68908220";"981011638";",0519541";"-51,0593394";1;"ATIVO";-1;"ATIVO";1;"ATIVO";1;"Ativo";"0";"Sem acessibilidade";345;344;344;0;1180;"EPG CASTRO ALVES";"AV. PEDRO AMERICO, 114"
"05/10/2026";"06:29:34";2026;"04/10/2026";"1º Turno";1;"AP";"06050";"MACAPÁ";2;455;1;"Principal";-1;1295;"ESCOLA ESTADUAL JOSÉ DO PATROCINIO";1;"Convencional";"RUA DO ESTALEIRO, 203, FAZENDINHA ";"DISTRITO DE FAZENDINHA";"68911465";"00000000";"-,0541101";"-51,1131405";1;"ATIVO";-1;"ATIVO";1;"ATIVO";1;"Ativo";"0";"Sem acessibilidade";259;259;259;0;1295;"ESCOLA ESTADUAL JOSÉ DO PATROCINIO";"RUA DO ESTALEIRO, 203, FAZENDINHA "
"05/10/2026";"06:29:34";2026;"04/10/2026";"1º Turno";1;"AP";"06050";"MACAPÁ";2;956;1;"Principal";-1;1783;"ESCOLA ESTADUAL LAURO CHAVES";1;"Convencional";"AV TEMBES       SN";"MUCA";"68900000";"32411440";",0130979";"-51,074366";1;"ATIVO";-1;"ATIVO";1;"ATIVO";1;"Ativo";"0";"Sem acessibilidade";298;298;298;0;1783;"ESCOLA ESTADUAL LAURO CHAVES";"AV TEMBES       SN"
"05/10/2026";"06:29:34";2026;"04/10/2026";"1º Turno";1;"AP";"06050";"MACAPÁ";2;674;1;"Principal";-1;2330;"ESCOLA ESTADUAL NELITA ROCHA BRITO DIAS";1;"Convencional";"AV. NILO ALMEIDA, 01";"CONGOS";"68904396";"+5596991519421";",0096085";"-51,0919318";1;"ATIVO";-1;"ATIVO";1;"ATIVO";1;"Ativo";"0";"Sem acessibilidade";273;272;272;0;2330;"ESCOLA ESTADUAL NELITA ROCHA BRITO DIAS";"AV. NILO ALMEIDA, 01"
"05/10/2026";"06:29:34";2026;"04/10/2026";"1º Turno";1;"AP";"06050";"MACAPÁ";2;880;1;"Principal";-1;2682;"ESCOLA ESTADUAL SANTA INÊS";1;"Convencional";"RUA BEIRA RIO                         SANTA INES";"SANTA INES";"68900000";"+5596991537535";",0259971";"-51,0541281";1;"ATIVO";-1;"ATIVO";1;"ATIVO";1;"Ativo";"0";"Sem acessibilidade";315;317;317;0;2682;"ESCOLA ESTADUAL SANTA INÊS";"RUA BEIRA RIO                         SANTA INES"
"05/10/2026";"06:29:34";2026;"04/10/2026";"1º Turno";1;"AP";"06050";"MACAPÁ";10;182;1;"Principal";-1;1368;"ESCOLA ESTADUAL SERAFINI COSTAPERARIA";1;"Convencional";"RUA JOSEFA PELAES DE SILVA, 2694";"JARDIM FELICIDADE II";"68909008";"999032287";",0933949";"-51,0591372";1;"ATIVO";-1;"ATIVO";1;"ATIVO";1;"Ativo";"0";"Sem acessibilidade";388;388;388;0;1368;"ESCOLA ESTADUAL SERAFINI COSTAPERARIA";"RUA JOSEFA PELAES DE SILVA, 2694"
"05/10/2026";"06:29:34";2026;"04/10/2026";"1º Turno";1;"AP";"06050";"MACAPÁ";10;239;1;"Principal";-1;1554;"ESCOLA MUNICIPAL PROFESSORA MARIA JOSÉ SOUZA E SILVA";1;"Convencional";"AV. FRANCISCO ALVES CORREA, 2356";"JARDIM FELICIDADE II";"68900000";"-1";",0959246";"-51,0551102";1;"ATIVO";-1;"ATIVO";1;"ATIVO";1;"Ativo";"0";"Sem acessibilidade";346;346;346;0;1554;"ESCOLA MUNICIPAL PROFESSORA MARIA JOSÉ SOUZA E SILVA";"AV. FRANCISCO ALVES CORREA, 2356"
"05/10/2026";"06:29:34";2026;"04/10/2026";"1º Turno";1;"AP";"06076";"MAZAGÃO";5;85;1;"Principal";-1;1015;"ESCOLA ESTADUAL DR. MURILO BRAGA";1;"Convencional";"AV PREFEITO OSMUNDO COSTA, 439";"CENTRO";"68940000";"-1";"-,11486296";"-51,28541108";1;"ATIVO";-1;"ATIVO";1;"ATIVO";1;"Ativo";"0";"Sem acessibilidade";226;226;226;0;1015;"ESCOLA ESTADUAL DR. MURILO BRAGA";"AV PREFEITO OSMUNDO COSTA, 439"
"05/10/2026";"06:29:34";2026;"04/10/2026";"1º Turno";1;"AP";"06050";"MACAPÁ";10;312;1;"Principal";-1;1546;"ESCOLA ESTADUAL PROFESSORA MARIA CAVALCANTE DE AZEVEDO PICANÇO";1;"Convencional";"RUA CAJUEIRO, 543, BRASIL NOVO";"BRASIL NOVO";"68909312";"991495422";",0920931";"-51,0860936";1;"ATIVO";-1;"ATIVO";1;"ATIVO";1;"Ativo";"0";"Sem acessibilidade";387;387;387;0;1546;"ESCOLA ESTADUAL PROFESSORA MARIA CAVALCANTE DE AZEVEDO PICANÇO";"RUA CAJUEIRO, 543, BRASIL NOVO"
"05/10/2026";"06:29:34";2026;"04/10/2026";"1º Turno";1;"AP";"06157";"SANTANA";6;162;1;"Principal";-1;1201;"E.E. PROF. IZANETE VICTOR DOS SANTOS";1;"Convencional";"AV. COELHO NETO, 828";"PARAÍSO";"68925000";"3283 2783";"-,0294157";"-51,1673923";1;"ATIVO";-1;"ATIVO";1;"ATIVO";1;"Ativo";"0";"Sem acessibilidade";365;365;365;0;1201;"E.E. PROF. IZANETE VICTOR DOS SANTOS";"AV. COELHO NETO, 828"
"05/10/2026";"06:29:34";2026;"04/10/2026";"1º Turno";1;"AP";"06076";"MAZAGÃO";5;42;1;"Principal";-1;1198;"ESCOLA ESTADUAL JOSE HILARIO";1;"Convencional";"FOZ DO RIO PRETO";"VILA JOSE HILARIO DO RIO PRETO";"68940000";"-1";"-,00905817";"-51,6691522";1;"ATIVO";-1;"ATIVO";1;"ATIVO";1;"Ativo";"0";"Sem acessibilidade";303;303;303;0;1198;"ESCOLA ESTADUAL JOSE HILARIO";"FOZ DO RIO PRETO"
"05/10/2026";"06:29:34";2026;"04/10/2026";"1º Turno";1;"AP";"06050";"MACAPÁ";10;373;1;"Principal";-1;1147;"ESCOLA ESTADUAL SEBASTIAO CORDEIRO DE SENA";1;"Convencional";"ROD. AP 70, 1120,";"VILA CORRE AGUA";"68912500";"-1";",75166";"-50,8250117";1;"ATIVO";-1;"ATIVO";1;"ATIVO";1;"Ativo";"0";"Sem acessibilidade";246;245;245;0;1147;"ESCOLA ESTADUAL SEBASTIAO CORDEIRO DE SENA";"ROD. AP 70, 1120,"
"05/10/2026";"06:29:34";2026;"04/10/2026";"1º Turno";1;"AP";"06050";"MACAPÁ";2;922;1;"Principal";-1;2720;"ESCOLA ESTADUAL DR.ALEXANDRE VAZ TAVARES";1;"Convencional";"AV FELICIANO COELHO                                SN";"TREM";"68900000";"+5596984097424";",0294743";"-51,0595886";1;"ATIVO";-1;"ATIVO";1;"ATIVO";1;"Ativo";"1";"Com acessibilidade";331;333;333;0;2720;"ESCOLA ESTADUAL DR.ALEXANDRE VAZ TAVARES";"AV FELICIANO COELHO                                SN"
"05/10/2026";"06:29:34";2026;"04/10/2026";"1º Turno";1;"AP";"06050";"MACAPÁ";14;68;1;"Principal";-1;1112;"EEEF AUGUSTO DOS ANJOS";1;"Convencional";"AV. MARCILIO DIAS, S/N";"LAGUINHO";"68900140";"991173805";",0505983";"-51,05564";1;"ATIVO";-1;"ATIVO";1;"ATIVO";1;"Ativo";"0";"Sem acessibilidade";389;385;385;0;1112;"EEEF AUGUSTO DOS ANJOS";"AV. MARCILIO DIAS, S/N"
"05/10/2026";"06:29:34";2026;"04/10/2026";"1º Turno";1;"AP";"06157";"SANTANA";6;98;1;"Principal";-1;1252;"E.E. SAO BENTO";1;"Convencional";"RUA GENERAL EMILIO GARRASTAZU MEDICI, 844";"PARAÍSO";"68925000";"3281 4179";"-,03030393";"-51,17387979";1;"ATIVO";-1;"ATIVO";1;"ATIVO";1;"Ativo";"0";"Sem acessibilidade";315;314;314;0;1252;"E.E. SAO BENTO";"RUA GENERAL EMILIO GARRASTAZU MEDICI, 844"
"05/10/2026";"06:29:34";2026;"04/10/2026";"1º Turno";1;"AP";"06050";"MACAPÁ";14;147;1;"Principal";-1;1210;"EPG PROF DEUSOLINA SALES FARIAS";1;"Convencional";"RUA GOIAS, 107";"PACOVAL";"68908340";"981331502";",0554256";"-51,0582209";1;"ATIVO";-1;"ATIVO";1;"ATIVO";1;"Ativo";"0";"Sem acessibilidade";340;340;340;0;1210;"EPG PROF DEUSOLINA SALES FARIAS";"RUA GOIAS, 107"
"05/10/2026";"06:29:34";2026;"04/10/2026";"1º Turno";1;"AP";"06122";"VITÓRIA DO JARI";7;173;1;"Principal";-1;1090;"ESCOLA MUNICIPAL FELINTO BATISTA";1;"Convencional";"AV. PEDRO LADISLAU";"PRAINHA";"68924000";"+5596991183910";"-,9222582";"-52,4199182";1;"ATIVO";-1;"ATIVO";1;"ATIVO";1;"Ativo";"0";"Sem acessibilidade";271;271;271;0;1090;"ESCOLA MUNICIPAL FELINTO BATISTA";"AV. PEDRO LADISLAU"
"05/10/2026";"06:29:34";2026;"04/10/2026";"1º Turno";1;"AP";"06068";"CUTIAS";10;113;1;"Principal";-1;1031;"ESCOLA MUNICIPAL ALICE NASCIMENTO PIMENTEL";1;"Convencional";"RUA MANOEL RAIMUNDO PEREIRA, S/N, CENTRO CUTIAS";"CENTRO";"68973000";"-1";",9689829";"-50,7988391";1;"ATIVO";-1;"ATIVO";1;"ATIVO";1;"Ativo";"0";"Sem acessibilidade";286;289;289;0;1031;"ESCOLA MUNICIPAL ALICE NASCIMENTO PIMENTEL";"RUA MANOEL RAIMUNDO PEREIRA, S/N, CENTRO CUTIAS"
"05/10/2026";"06:29:34";2026;"04/10/2026";"1º Turno";1;"AP";"06017";"AMAPÁ";1;33;1;"Principal";-1;1104;"ESCOLA ESTADUAL VIDAL DE NEGREIROS";1;"Convencional";"AV. DESIDERIO ANTONIO COELHO, 470, CENTRO";"SETE MANGUEIRAS";"68950000";"-1";"2,0471077";"-50,7919131";1;"ATIVO";-1;"ATIVO";1;"ATIVO";1;"Ativo";"0";"Sem acessibilidade";279;278;278;0;1104;"ESCOLA ESTADUAL VIDAL DE NEGREIROS";"AV. DESIDERIO ANTONIO COELHO, 470, CENTRO"
"05/10/2026";"06:29:34";2026;"04/10/2026";"1º Turno";1;"AP";"06157";"SANTANA";6;217;1;"Principal";-1;1120;"E.P.G. PADRE ANGELO BIRACHI";1;"Convencional";"RUA GENERAL EMILIO GARRASTAZU MEDICI, 796";"PARAÍSO";"68925000";"3281 4963";"-,03016454";"-51,17457792";1;"ATIVO";-1;"ATIVO";1;"ATIVO";1;"Ativo";"0";"Sem acessibilidade";220;218;218;0;1414;"ESCOLA MUNICIPAL BASICA PARAISO DA CIDADANIA - BIRAGUINHO";"RUA JK, 690"
"05/10/2026";"06:29:34";2026;"04/10/2026";"1º Turno";1;"AP";"06076";"MAZAGÃO";5;126;2;"Agregada";64;1236;"ESCOLA ESTADUAL DE 1º GRAU PIQUIAZAL";1;"Convencional";"COMUNIDADE SÃO FRANCISCO DO ASSENT. AGRÍCOLA PIQUIAZAL, S/N.";"PIQUIAZAL";"68940000";"-1";"-,14875371";"-51,48618484";1;"ATIVO";-1;"ATIVO";1;"ATIVO";1;"Ativo";"0";"Sem acessibilidade";61;0;0;0;1236;"ESCOLA ESTADUAL DE 1º GRAU PIQUIAZAL";"COMUNIDADE SÃO FRANCISCO DO ASSENT. AGRÍCOLA PIQUIAZAL, S/N."
"05/10/2026";"06:29:34";2026;"04/10/2026";"1º Turno";1;"AP";"06050";"MACAPÁ";14;238;1;"Principal";-1;1341;"ESCOLA ESTADUAL MARIA DO SOCORRO ANDRADE SMITH";1;"Convencional";"CONJUNTO CABRALZINHO                  CABRALZINHO        SN";"CABRALZINHO";"68900000";"32611826";",0317255";"-51,1158339";1;"ATIVO";-1;"ATIVO";1;"ATIVO";1;"Ativo";"0";"Sem acessibilidade";349;344;344;0;1341;"ESCOLA ESTADUAL MARIA DO SOCORRO ANDRADE SMITH";"CONJUNTO CABRALZINHO                  CABRALZINHO        SN"
"05/10/2026";"06:29:34";2026;"04/10/2026";"1º Turno";1;"AP";"06076";"MAZAGÃO";5;119;1;"Principal";-1;1198;"ESCOLA ESTADUAL JOSE HILARIO";1;"Convencional";"FOZ DO RIO PRETO";"VILA JOSE HILARIO DO RIO PRETO";"68940000";"-1";"-,00905817";"-51,6691522";1;"ATIVO";-1;"ATIVO";1;"ATIVO";1;"Ativo";"0";"Sem acessibilidade";94;94;94;0;1198;"ESCOLA ESTADUAL JOSE HILARIO";"FOZ DO RIO PRETO"
"05/10/2026";"06:29:34";2026;"04/10/2026";"1º Turno";1;"AP";"06050";"MACAPÁ";10;242;1;"Principal";-1;1511;"ESCOLA MUNICIPAL PROFESSORA RAIMUNDA DA SILVA VIRGOLINO";1;"Convencional";"RUA FERNANDO ALVES DE OLIVEIRA, 3091";"NOVO HORIZONTE";"68909806";"991169657";",0989525";"-51,0463256";1;"ATIVO";-1;"ATIVO";1;"ATIVO";1;"Ativo";"0";"Sem acessibilidade";332;331;331;0;1511;"ESCOLA MUNICIPAL PROFESSORA RAIMUNDA DA SILVA VIRGOLINO";"RUA FERNANDO ALVES DE OLIVEIRA, 3091"
"05/10/2026";"06:29:34";2026;"04/10/2026";"1º Turno";1;"AP";"06130";"LARANJAL DO JARI";7;43;2;"Agregada";42;1090;"ESCOLA MUNICIPAL RAIMUNDA RODRIGUES CAPIBERIBE";1;"Convencional";"AVENIDA TANCREDO NEVES, N. 901";"AGRESTE";"68920000";"36211667";"-,8405685";"-52,5200531";1;"ATIVO";-1;"ATIVO";1;"ATIVO";1;"Ativo";"0";"Sem acessibilidade";195;0;0;0;1090;"ESCOLA MUNICIPAL RAIMUNDA RODRIGUES CAPIBERIBE";"AVENIDA TANCREDO NEVES, N. 901"
"05/10/2026";"06:29:34";2026;"04/10/2026";"1º Turno";1;"AP";"06157";"SANTANA";6;278;2;"Agregada";220;1325;"ESCOLA ESTADUAL ANTONIO JANUARIO PEREIRA";1;"Convencional";"AVENIDA DOM PEDRO I, 4438";"FONTE NOVA";"68925000";"-1";"-,0211223";"-51,169541";1;"ATIVO";-1;"ATIVO";1;"ATIVO";1;"Ativo";"0";"Sem acessibilidade";60;0;0;0;1325;"ESCOLA ESTADUAL ANTONIO JANUARIO PEREIRA";"AVENIDA DOM PEDRO I, 4438"
"05/10/2026";"06:29:34";2026;"04/10/2026";"1º Turno";1;"AP";"06050";"MACAPÁ";10;386;1;"Principal";-1;1520;"ESCOLA ESTADUAL PROFESSOR ANTONIO FERREIRA DE LIMA NETO";1;"Convencional";"AV. FRANCISCO FELIPPE DE MIRANDA  NERY - 2336";"LOTEAMENTO BURITIS";"68908805";"+5596991423491";",0713059";"-51,0898494";1;"ATIVO";-1;"ATIVO";1;"ATIVO";1;"Ativo";"0";"Sem acessibilidade";388;386;386;0;1520;"ESCOLA ESTADUAL PROFESSOR ANTONIO FERREIRA DE LIMA NETO";"AV. FRANCISCO FELIPPE DE MIRANDA  NERY - 2336"
"05/10/2026";"06:29:34";2026;"04/10/2026";"1º Turno";1;"AP";"06050";"MACAPÁ";14;116;1;"Principal";-1;1171;"EMEF RONDONIA";1;"Convencional";"RUA JOVINO DINOA 741";"JESUS DE NAZARE";"68900000";"-1";",0454089";"-51,059362";1;"ATIVO";-1;"ATIVO";1;"ATIVO";1;"Ativo";"0";"Sem acessibilidade";350;350;350;0;1171;"EMEF RONDONIA";"RUA JOVINO DINOA 741"
"05/10/2026";"06:29:34";2026;"04/10/2026";"1º Turno";1;"AP";"06050";"MACAPÁ";2;961;1;"Principal";-1;2518;"ESCOLA ESTADUAL PROFª JACINTA MARIA RODRIGUES DE CARVALHO";1;"Convencional";"RUA DA MARINHA, S/N";"DISTRITO DE FAZENDINHA";"68911432";"+5596991294660";"-,0470989";"-51,1047903";1;"ATIVO";-1;"ATIVO";1;"ATIVO";1;"Ativo";"0";"Sem acessibilidade";342;340;340;0;2518;"ESCOLA ESTADUAL PROFª JACINTA MARIA RODRIGUES DE CARVALHO";"RUA DA MARINHA, S/N"
"05/10/2026";"06:29:34";2026;"04/10/2026";"1º Turno";1;"AP";"06050";"MACAPÁ";2;856;1;"Principal";-1;2658;"ESCOLA ESTADUAL IRMA SANTINA RIOLI";1;"Convencional";"RUA JOVINO DINOA, 2732";"TREM";"68900160";"-1";",027631";"-51,0607761";1;"ATIVO";-1;"ATIVO";1;"ATIVO";1;"Ativo";"0";"Sem acessibilidade";349;342;342;0;2658;"ESCOLA ESTADUAL IRMA SANTINA RIOLI";"RUA JOVINO DINOA, 2732"
"05/10/2026";"06:29:34";2026;"04/10/2026";"1º Turno";1;"AP";"06041";"ITAUBAL";10;377;1;"Principal";-1;1023;"ESCOLA ESTADUAL WILSON HILL DE ARAUJO";1;"Convencional";"VILA DO ITAUBAL";"CENTRO";"68900000";"-1";",6019829";"-50,6995791";1;"ATIVO";-1;"ATIVO";1;"ATIVO";1;"Ativo";"0";"Sem acessibilidade";320;320;320;0;1023;"ESCOLA ESTADUAL WILSON HILL DE ARAUJO";"VILA DO ITAUBAL"
"05/10/2026";"06:29:34";2026;"04/10/2026";"1º Turno";1;"AP";"06157";"SANTANA";6;211;1;"Principal";-1;1155;"E.E. PROF. FRANCISCO WALCY LOBATO LIMA";1;"Convencional";"AV. MARIA COLARES, 1940";"NOVA BRASÍLIA I";"68927299";"3283 2601";"-,0365765";"-51,1660317";1;"ATIVO";-1;"ATIVO";1;"ATIVO";1;"Ativo";"0";"Sem acessibilidade";307;306;306;0;1155;"E.E. PROF. FRANCISCO WALCY LOBATO LIMA";"AV. MARIA COLARES, 1940"
"05/10/2026";"06:29:34";2026;"04/10/2026";"1º Turno";1;"AP";"06050";"MACAPÁ";2;636;1;"Principal";-1;2453;"ESCOLA MUNICIPAL DE ENSINO FUNDAMENTAL CAETANO DIAS TOMAZ";1;"Convencional";"RUA DO MATADOURO, 112";"DISTRITO DE FAZENDINHA";"68911012";"+5596999083324";"-,0463079";"-51,1164641";1;"ATIVO";-1;"ATIVO";1;"ATIVO";1;"Ativo";"0";"Sem acessibilidade";309;310;310;0;2143;"ESCOLA MUNICIPAL CACILDA FERREIRA VASCONCELOS";"ROD. SALVADOR DINI, 192"
"05/10/2026";"06:29:34";2026;"04/10/2026";"1º Turno";1;"AP";"06157";"SANTANA";6;164;1;"Principal";-1;1112;"E.E. ALMIRANTE BARROSO";1;"Convencional";"AV. 7 DE SETEMBRO, 533";"COMERCIAL";"68925108";"3281 3018";"-,04850279";"-51,17737876";1;"ATIVO";-1;"ATIVO";1;"ATIVO";1;"Ativo";"0";"Sem acessibilidade";303;302;302;0;1112;"E.E. ALMIRANTE BARROSO";"AV. 7 DE SETEMBRO, 533"
"05/10/2026";"06:29:34";2026;"04/10/2026";"1º Turno";1;"AP";"06092";"OIAPOQUE";4;82;1;"Principal";-1;1139;"EMEF PROFª ONÉDIA PAIS BENTES - ANEXO DA BR";1;"Convencional";"AVENIDA ESTEVAO HENRIQUE, 180 - FM";"INFRAEREO";"68980000";"-1";"3,83723251";"-51,81382603";1;"ATIVO";-1;"ATIVO";1;"ATIVO";1;"Ativo";"0";"Sem acessibilidade";283;284;284;0;1139;"EMEF PROFª ONÉDIA PAIS BENTES - ANEXO DA BR";"AVENIDA ESTEVAO HENRIQUE, 180 - FM"
"05/10/2026";"06:29:34";2026;"04/10/2026";"1º Turno";1;"AP";"06050";"MACAPÁ";2;538;1;"Principal";-1;2313;"ESCOLA MUNICIPAL DE ENSINO FUNDAMENTAL ANTONIO BARBOSA";1;"Convencional";"RUA NOVO HORIZONTE, 153";"SANTA INES";"68900000";"+5596988052658";",01499";"-51,0577573";1;"ATIVO";-1;"ATIVO";1;"ATIVO";1;"Ativo";"1";"Com acessibilidade";157;159;159;0;2313;"ESCOLA MUNICIPAL DE ENSINO FUNDAMENTAL ANTONIO BARBOSA";"RUA NOVO HORIZONTE, 153"
"05/10/2026";"06:29:34";2026;"04/10/2026";"1º Turno";1;"AP";"06157";"SANTANA";6;177;1;"Principal";-1;1180;"E.E. MARIA CATARINA DANTAS TIBURCIO";1;"Convencional";"AV. MARIA IZABEL PEREIRA DA SILVA, 110";"NOVO HORIZONTE ";"68925000";"3283 2815";"-,0558208";"-51,164729";1;"ATIVO";-1;"ATIVO";1;"ATIVO";1;"Ativo";"1";"Com acessibilidade";332;332;332;0;1180;"E.E. MARIA CATARINA DANTAS TIBURCIO";"AV. MARIA IZABEL PEREIRA DA SILVA, 110"
"05/10/2026";"06:29:34";2026;"04/10/2026";"1º Turno";1;"AP";"06025";"PORTO GRANDE";12;31;1;"Principal";-1;1058;"ESC. EST. ELIAS FREITAS TRAJANO DE SOUZA";1;"Convencional";"RUA BELA VISTA, S/N";"AEROPORTO";"68997000";"-1";",70372892";"-51,40372491";1;"ATIVO";-1;"ATIVO";1;"ATIVO";1;"Ativo";"1";"Com acessibilidade";369;368;368;0;1058;"ESC. EST. ELIAS FREITAS TRAJANO DE SOUZA";"RUA BELA VISTA, S/N"
"05/10/2026";"06:29:34";2026;"04/10/2026";"1º Turno";1;"AP";"06050";"MACAPÁ";14;217;1;"Principal";-1;1708;"ESCOLA ESTADUAL ANTONIO JOÃO";4;"Temporário";"RUA HILDEMAR MAIA, 674";"SANTA RITA";"68908119";"96991320828";"-1";"-1";1;"ATIVO";-1;"ATIVO";1;"ATIVO";1;"Ativo";"0";"Sem acessibilidade";289;289;289;0;1325;"ESCOLA ESTADUAL  JOSÉ DE ANCHIETA";"AV CORA DE CARVALHO, SN"
"05/10/2026";"06:29:34";2026;"04/10/2026";"1º Turno";1;"AP";"06130";"LARANJAL DO JARI";7;31;1;"Principal";-1;1058;"ESCOLA ESTADUAL PROF. MARIA DE NAZARÉ RODRIGUES DA SILVA";1;"Convencional";"RUA CULTURA, N 277";"AGRESTE";"68920000";"991894068";"-,8443316";"-52,5159137";1;"ATIVO";-1;"ATIVO";1;"ATIVO";1;"Ativo";"0";"Sem acessibilidade";267;266;266;0;1058;"ESCOLA ESTADUAL PROF. MARIA DE NAZARÉ RODRIGUES DA SILVA";"RUA CULTURA, N 277"
"05/10/2026";"06:29:34";2026;"04/10/2026";"1º Turno";1;"AP";"06050";"MACAPÁ";14;7;1;"Principal";-1;1031;"CENTRO DE EDUCAÇÃO PROFISSIONAL GRAZIELA REIS";1;"Convencional";"AV DUQUE DE CAXIAS - 60";"CENTRO";"68900071";"+5596991535908";",0386917";"-51,0568429";1;"ATIVO";-1;"ATIVO";1;"ATIVO";1;"Ativo";"0";"Sem acessibilidade";229;227;227;0;1031;"CENTRO DE EDUCAÇÃO PROFISSIONAL GRAZIELA REIS";"AV DUQUE DE CAXIAS - 60"
"05/10/2026";"06:29:34";2026;"04/10/2026";"1º Turno";1;"AP";"06050";"MACAPÁ";2;890;1;"Principal";-1;2690;"ESCOLA MUNICIPAL DE ENSINO FUNDAMENTAL HILDEMAR MAIA";1;"Convencional";"AV CONEGO DOMINGOS MALTEZ                            SN";"TREM";"68900000";"5596981166806";",028695";"-51,0593602";1;"ATIVO";-1;"ATIVO";1;"ATIVO";1;"Ativo";"0";"Sem acessibilidade";213;215;215;0;2690;"ESCOLA MUNICIPAL DE ENSINO FUNDAMENTAL HILDEMAR MAIA";"AV CONEGO DOMINGOS MALTEZ                            SN"
"05/10/2026";"06:29:34";2026;"04/10/2026";"1º Turno";1;"AP";"06157";"SANTANA";6;216;1;"Principal";-1;1198;"E.E. FONTE NOVA";1;"Convencional";"AV. DOM PEDRO I, 4286";"FONTE NOVA";"68928163";"3281 3288";"-,01910818";"-51,16939163";1;"ATIVO";-1;"ATIVO";1;"ATIVO";1;"Ativo";"0";"Sem acessibilidade";247;245;245;0;1198;"E.E. FONTE NOVA";"AV. DOM PEDRO I, 4286"
"05/10/2026";"06:29:34";2026;"04/10/2026";"1º Turno";1;"AP";"06050";"MACAPÁ";10;153;1;"Principal";-1;1406;"ESCOLA ESTADUAL PROFESSORA ODETE ALMEIDA LOPES";1;"Convencional";"AV. RAIMUNDO REINALDO GUEDES FIGUEIRA, 151";"SAO LAZARO";"68900000";"-1";",0763855";"-51,0567027";1;"ATIVO";-1;"ATIVO";1;"ATIVO";1;"Ativo";"0";"Sem acessibilidade";334;328;328;0;1406;"ESCOLA ESTADUAL PROFESSORA ODETE ALMEIDA LOPES";"AV. RAIMUNDO REINALDO GUEDES FIGUEIRA, 151"
"05/10/2026";"06:29:34";2026;"04/10/2026";"1º Turno";1;"AP";"06084";"PEDRA BRANCA DO AMAPARI";11;39;1;"Principal";-1;1066;"ESCOLA MUNICIPAL DE ENSINO FUNDAMENTAL SÃO PEDRO";1;"Convencional";"RUA FRANCISCO BRAZ, 345";"CENTRO";"68945100";"+559633221289";",7771201";"-51,9532666";1;"ATIVO";-1;"ATIVO";1;"ATIVO";1;"Ativo";"0";"Sem acessibilidade";307;304;304;0;1066;"ESCOLA MUNICIPAL DE ENSINO FUNDAMENTAL SÃO PEDRO";"RUA FRANCISCO BRAZ, 345"
"05/10/2026";"06:29:34";2026;"04/10/2026";"1º Turno";1;"AP";"06076";"MAZAGÃO";5;51;1;"Principal";-1;1422;"ESCOLA MUNICIPAL AMELIA DO NASCIMENTO RODRIGUES";1;"Convencional";"TRAVESSA DA OLARIA, S/N";"OLARIA";"68940000";"-1";"-1";"-1";1;"ATIVO";-1;"ATIVO";1;"ATIVO";1;"Ativo";"0";"Sem acessibilidade";244;244;244;0;1422;"ESCOLA MUNICIPAL AMELIA DO NASCIMENTO RODRIGUES";"TRAVESSA DA OLARIA, S/N"
"05/10/2026";"06:29:34";2026;"04/10/2026";"1º Turno";1;"AP";"06076";"MAZAGÃO";5;66;1;"Principal";-1;1015;"ESCOLA ESTADUAL DR. MURILO BRAGA";1;"Convencional";"AV PREFEITO OSMUNDO COSTA, 439";"CENTRO";"68940000";"-1";"-,11486296";"-51,28541108";1;"ATIVO";-1;"ATIVO";1;"ATIVO";1;"Ativo";"0";"Sem acessibilidade";237;237;237;0;1015;"ESCOLA ESTADUAL DR. MURILO BRAGA";"AV PREFEITO OSMUNDO COSTA, 439"
"05/10/2026";"06:29:34";2026;"04/10/2026";"1º Turno";1;"AP";"06157";"SANTANA";6;93;1;"Principal";-1;1015;"E.P.G. ELIZABETH PICANCO ESTEVES";1;"Convencional";"AV. DAS NAÇÕES, 678";"HOSPITALIDADE";"68925000";"3283 2827";"-,0466519";"-51,172363";1;"ATIVO";-1;"ATIVO";1;"ATIVO";1;"Ativo";"0";"Sem acessibilidade";376;375;375;0;1015;"E.P.G. ELIZABETH PICANCO ESTEVES";"AV. DAS NAÇÕES, 678"
"05/10/2026";"06:29:34";2026;"04/10/2026";"1º Turno";1;"AP";"06092";"OIAPOQUE";4;92;1;"Principal";-1;1236;"EMEF ANETE FARIAS DA SILVA";1;"Convencional";"RUA LÉLIO SILVA, N 261, CENTRO";"CENTRO";"68980000";"-1";"-1";"-1";1;"ATIVO";-1;"ATIVO";1;"ATIVO";1;"Ativo";"0";"Sem acessibilidade";283;284;284;0;1236;"EMEF ANETE FARIAS DA SILVA";"RUA LÉLIO SILVA, N 261, CENTRO"
"05/10/2026";"06:29:34";2026;"04/10/2026";"1º Turno";1;"AP";"06050";"MACAPÁ";10;67;1;"Principal";-1;1082;"ESCOLA QUILOMBOLA ESTADUAL PEDRO ALCANTARA CHAVES LOPES";1;"Convencional";"RUA JOSÉ MARIANO PICANÇO, 1134";"VILA ABACATE DA PEDREIRA";"68900000";"969990772809";",2695636";"-50,9147641";1;"ATIVO";-1;"ATIVO";1;"ATIVO";1;"Ativo";"0";"Sem acessibilidade";237;237;237;0;1082;"ESCOLA QUILOMBOLA ESTADUAL PEDRO ALCANTARA CHAVES LOPES";"RUA JOSÉ MARIANO PICANÇO, 1134"
"05/10/2026";"06:29:34";2026;"04/10/2026";"1º Turno";1;"AP";"06050";"MACAPÁ";14;398;1;"Principal";-1;1597;"ESCOLA ESTADUAL ITAMATATUBA";1;"Convencional";"VILA DE ITAMATATUBA";"DISTRITO DE BAILIQUE";"68900000";"-1";",7595281";"-50,2864222";1;"ATIVO";-1;"ATIVO";1;"ATIVO";1;"Ativo";"0";"Sem acessibilidade";148;148;148;0;1597;"ESCOLA ESTADUAL ITAMATATUBA";"VILA DE ITAMATATUBA"
"05/10/2026";"06:29:34";2026;"04/10/2026";"1º Turno";1;"AP";"06050";"MACAPÁ";2;924;1;"Principal";-1;2720;"ESCOLA ESTADUAL DR.ALEXANDRE VAZ TAVARES";1;"Convencional";"AV FELICIANO COELHO                                SN";"TREM";"68900000";"+5596984097424";",0294743";"-51,0595886";1;"ATIVO";-1;"ATIVO";1;"ATIVO";1;"Ativo";"0";"Sem acessibilidade";327;327;327;0;2720;"ESCOLA ESTADUAL DR.ALEXANDRE VAZ TAVARES";"AV FELICIANO COELHO                                SN"
"05/10/2026";"06:29:34";2026;"04/10/2026";"1º Turno";1;"AP";"06050";"MACAPÁ";2;506;1;"Principal";-1;1295;"ESCOLA ESTADUAL JOSÉ DO PATROCINIO";1;"Convencional";"RUA DO ESTALEIRO, 203, FAZENDINHA ";"DISTRITO DE FAZENDINHA";"68911465";"00000000";"-,0541101";"-51,1131405";1;"ATIVO";-1;"ATIVO";1;"ATIVO";1;"Ativo";"0";"Sem acessibilidade";256;256;256;0;1295;"ESCOLA ESTADUAL JOSÉ DO PATROCINIO";"RUA DO ESTALEIRO, 203, FAZENDINHA "
"05/10/2026";"06:29:34";2026;"04/10/2026";"1º Turno";1;"AP";"06050";"MACAPÁ";2;551;1;"Principal";-1;2119;"ESCOLA MUNICIPAL DE ENSINO FUNDAMENTAL WILSON MALCHER";1;"Convencional";"RUA JOÃO DE CASTRO , S/N";"JARDIM EQUATORIAL";"68900000";"+5596984144863";",0063263";"-51,0687238";1;"ATIVO";-1;"ATIVO";1;"ATIVO";1;"Ativo";"0";"Sem acessibilidade";340;339;339;0;2119;"ESCOLA MUNICIPAL DE ENSINO FUNDAMENTAL WILSON MALCHER";"RUA JOÃO DE CASTRO , S/N"
"05/10/2026";"06:29:34";2026;"04/10/2026";"1º Turno";1;"AP";"06050";"MACAPÁ";2;947;1;"Principal";-1;2747;"ESCOLA ESTADUAL CECILIA PINTO";1;"Convencional";"RUA PROF TOSTES              122         BURITIZAL";"BURITIZAL";"68902210";"+5596992016136";",0143256";"-51,0700748";1;"ATIVO";-1;"ATIVO";1;"ATIVO";1;"Ativo";"0";"Sem acessibilidade";300;300;300;0;2747;"ESCOLA ESTADUAL CECILIA PINTO";"RUA PROF TOSTES              122         BURITIZAL"
"05/10/2026";"06:29:34";2026;"04/10/2026";"1º Turno";1;"AP";"06122";"VITÓRIA DO JARI";7;140;1;"Principal";-1;1015;"ESCOLA ESTADUAL MUNGUBA DO JARI";1;"Convencional";"PASSARELA PRINCIPAL JOSÉ SEMEÃO DE SOUZA, N. 473";"PRAINHA";"68920000";"36221244";"-,9292493";"-52,4277488";5;"BLOQUEADO";-1;"ATIVO";1;"ATIVO";1;"Ativo";"0";"Sem acessibilidade";182;367;367;0;1015;"ESCOLA ESTADUAL MUNGUBA DO JARI";"PASSARELA PRINCIPAL JOSÉ SEMEÃO DE SOUZA, N. 473"
"05/10/2026";"06:29:34";2026;"04/10/2026";"1º Turno";1;"AP";"06050";"MACAPÁ";14;42;1;"Principal";-1;1074;"E.E JOSE DE ALENCAR";1;"Convencional";"RUA CANDIDO MENDES 269";"CENTRO";"68900000";"32125216";",0436565";"-51,049995";1;"ATIVO";-1;"ATIVO";1;"ATIVO";1;"Ativo";"1";"Com acessibilidade";316;314;314;0;1074;"E.E JOSE DE ALENCAR";"RUA CANDIDO MENDES 269"
"05/10/2026";"06:29:34";2026;"04/10/2026";"1º Turno";1;"AP";"06050";"MACAPÁ";10;235;1;"Principal";-1;1570;"ESCOLA MUNICIPAL SÃO RAIMUNDO DO PARAÍSO";1;"Convencional";"MARGEM ESQUERDA DO RIO PEDREIRA";"VILA DE SÃO RAIMUNDO DO PARAÍSO";"68900000";"-1";",2294383";"-50,8172732";1;"ATIVO";-1;"ATIVO";1;"ATIVO";1;"Ativo";"1";"Com acessibilidade";286;287;287;0;1570;"ESCOLA MUNICIPAL SÃO RAIMUNDO DO PARAÍSO";"MARGEM ESQUERDA DO RIO PEDREIRA"
"05/10/2026";"06:29:34";2026;"04/10/2026";"1º Turno";1;"AP";"06130";"LARANJAL DO JARI";7;106;1;"Principal";-1;1112;"ESCOLA MUNICIPAL PAULO FREIRE";1;"Convencional";"RUA RIO BRANCO C/ AV. JOSÉ CEZÁRIO, N. 2001";"SAGRADO CORACAO DE JESUS";"68920000";"36212942";"-,8559813";"-52,5248382";1;"ATIVO";-1;"ATIVO";1;"ATIVO";1;"Ativo";"0";"Sem acessibilidade";251;250;250;0;1112;"ESCOLA MUNICIPAL PAULO FREIRE";"RUA RIO BRANCO C/ AV. JOSÉ CEZÁRIO, N. 2001"
"05/10/2026";"06:29:34";2026;"04/10/2026";"1º Turno";1;"AP";"06050";"MACAPÁ";14;32;1;"Principal";-1;1066;"E. E. SANTUÁRIO PERPÉTUO SOCORRO";1;"Convencional";"AV. JOSÉ TUPINAMBÁ  113,  PERPÉTUO SOCORRO";"PERPETUO SOCORRO";"68900000";"991005782";",0461677";"-51,0495477";1;"ATIVO";-1;"ATIVO";1;"ATIVO";1;"Ativo";"1";"Com acessibilidade";350;349;349;0;1066;"E. E. SANTUÁRIO PERPÉTUO SOCORRO";"AV. JOSÉ TUPINAMBÁ  113,  PERPÉTUO SOCORRO"
"05/10/2026";"06:29:34";2026;"04/10/2026";"1º Turno";1;"AP";"06025";"PORTO GRANDE";12;39;1;"Principal";-1;1058;"ESC. EST. ELIAS FREITAS TRAJANO DE SOUZA";1;"Convencional";"RUA BELA VISTA, S/N";"AEROPORTO";"68997000";"-1";",70372892";"-51,40372491";1;"ATIVO";-1;"ATIVO";1;"ATIVO";1;"Ativo";"0";"Sem acessibilidade";368;369;369;0;1058;"ESC. EST. ELIAS FREITAS TRAJANO DE SOUZA";"RUA BELA VISTA, S/N"
"05/10/2026";"06:29:34";2026;"04/10/2026";"1º Turno";1;"AP";"06076";"MAZAGÃO";5;68;1;"Principal";-1;1260;"ESCOLA MUNICIPAL CURUÇA";1;"Convencional";"FOZ DO RIO CURUÇA";"RIO CURUCA";"68940000";"-1";"-,5041783";"-51,4876083";1;"ATIVO";-1;"ATIVO";1;"ATIVO";1;"Ativo";"0";"Sem acessibilidade";271;271;271;0;1260;"ESCOLA MUNICIPAL CURUÇA";"FOZ DO RIO CURUÇA"
"05/10/2026";"06:29:34";2026;"04/10/2026";"1º Turno";1;"AP";"06050";"MACAPÁ";2;735;1;"Principal";-1;2208;"ESCOLA MUNICIPAL DE ENSINO FUNDAMENTAL ESFORÇO POPULAR";1;"Convencional";"RUA RAIMUNDO FERREIRA DA SILVA - 241";"MUCA";"68900000";"32415652";",0116414";"-51,0773336";1;"ATIVO";-1;"ATIVO";1;"ATIVO";1;"Ativo";"1";"Com acessibilidade";258;259;259;0;2208;"ESCOLA MUNICIPAL DE ENSINO FUNDAMENTAL ESFORÇO POPULAR";"RUA RAIMUNDO FERREIRA DA SILVA - 241"
"05/10/2026";"06:29:34";2026;"04/10/2026";"1º Turno";1;"AP";"06050";"MACAPÁ";14;70;1;"Principal";-1;1112;"EEEF AUGUSTO DOS ANJOS";1;"Convencional";"AV. MARCILIO DIAS, S/N";"LAGUINHO";"68900140";"991173805";",0505983";"-51,05564";1;"ATIVO";-1;"ATIVO";1;"ATIVO";1;"Ativo";"0";"Sem acessibilidade";389;384;384;0;1112;"EEEF AUGUSTO DOS ANJOS";"AV. MARCILIO DIAS, S/N"
"05/10/2026";"06:29:34";2026;"04/10/2026";"1º Turno";1;"AP";"06050";"MACAPÁ";2;939;1;"Principal";-1;2739;"ESCOLA ESTADUAL COELHO NETO";1;"Convencional";"AV CLODOVIO COELHO                   124";"BURITIZAL";"68905160";"+5596991197151";",0245373";"-51,0765101";1;"ATIVO";-1;"ATIVO";1;"ATIVO";1;"Ativo";"0";"Sem acessibilidade";223;222;222;0;2739;"ESCOLA ESTADUAL COELHO NETO";"AV CLODOVIO COELHO                   124"
"05/10/2026";"06:29:34";2026;"04/10/2026";"1º Turno";1;"AP";"06092";"OIAPOQUE";4;88;1;"Principal";-1;1201;"IFAP - INSTITUTO FEDERAL DO AMAPÁ";1;"Convencional";"RUA JOAQUIM CAETANO DA SILVA";"CENTRO";"68980000";"+559635211386";"-1";"-1";1;"ATIVO";-1;"ATIVO";1;"ATIVO";1;"Ativo";"0";"Sem acessibilidade";220;217;217;0;1201;"IFAP - INSTITUTO FEDERAL DO AMAPÁ";"RUA JOAQUIM CAETANO DA SILVA"
"05/10/2026";"06:29:34";2026;"04/10/2026";"1º Turno";1;"AP";"06050";"MACAPÁ";14;328;1;"Principal";-1;1465;"ESCOLA MUNICIPAL DE ENSINO FUNDAMENTAL ARACY NASCIMENTO";1;"Convencional";"RUA MARCELO CANDIA                  615";"SANTA RITA";"68901341";"+5596981077738";",0396117";"-51,0740881";1;"ATIVO";-1;"ATIVO";1;"ATIVO";1;"Ativo";"0";"Sem acessibilidade";217;216;216;0;1465;"ESCOLA MUNICIPAL DE ENSINO FUNDAMENTAL ARACY NASCIMENTO";"RUA MARCELO CANDIA                  615"
"05/10/2026";"06:29:34";2026;"04/10/2026";"1º Turno";1;"AP";"06130";"LARANJAL DO JARI";7;127;1;"Principal";-1;1040;"ESCOLA ESTADUAL SONIA HENRIQUES BARRETO";1;"Convencional";"AVENIDA TANCREDO NEVES, N. 1174";"CENTRO";"68920000";"36211459";"-,8538408";"-52,5388352";1;"ATIVO";-1;"ATIVO";1;"ATIVO";1;"Ativo";"0";"Sem acessibilidade";265;264;264;0;1040;"ESCOLA ESTADUAL SONIA HENRIQUES BARRETO";"AVENIDA TANCREDO NEVES, N. 1174"
"05/10/2026";"06:29:34";2026;"04/10/2026";"1º Turno";1;"AP";"06050";"MACAPÁ";10;473;1;"Principal";-1;2011;"ESCOLA QUILOMBOLA ESTADUAL PROFESSOR RAIMUNDO PEREIRA DA SILVA";1;"Convencional";"VILA DE MARUANUM SN";"VILA DE MARUANUM";"68900000";"96991207030";",1826517";"-51,2720383";1;"ATIVO";-1;"ATIVO";1;"ATIVO";1;"Ativo";"1";"Com acessibilidade";272;274;273;0;2011;"ESCOLA QUILOMBOLA ESTADUAL PROFESSOR RAIMUNDO PEREIRA DA SILVA";"VILA DE MARUANUM SN"
"05/10/2026";"06:29:34";2026;"04/10/2026";"1º Turno";1;"AP";"06050";"MACAPÁ";10;167;1;"Principal";-1;1392;"ESCOLA ESTADUAL RAIMUNDA DOS PASSOS SANTOS";1;"Convencional";"AV. LOURENCO ARAUJO DE SÁ, 2162, NOVO HORIZONTE";"NOVO HORIZONTE";"68909829";"991549564";",0956351";"-51,0497879";1;"ATIVO";-1;"ATIVO";1;"ATIVO";1;"Ativo";"0";"Sem acessibilidade";383;383;383;0;1392;"ESCOLA ESTADUAL RAIMUNDA DOS PASSOS SANTOS";"AV. LOURENCO ARAUJO DE SÁ, 2162, NOVO HORIZONTE"
"05/10/2026";"06:29:34";2026;"04/10/2026";"1º Turno";1;"AP";"06122";"VITÓRIA DO JARI";7;137;2;"Agregada";136;1015;"ESCOLA ESTADUAL MUNGUBA DO JARI";1;"Convencional";"PASSARELA PRINCIPAL JOSÉ SEMEÃO DE SOUZA, N. 473";"PRAINHA";"68920000";"36221244";"-,9292493";"-52,4277488";5;"BLOQUEADO";-1;"ATIVO";1;"ATIVO";1;"Ativo";"0";"Sem acessibilidade";197;0;0;0;1015;"ESCOLA ESTADUAL MUNGUBA DO JARI";"PASSARELA PRINCIPAL JOSÉ SEMEÃO DE SOUZA, N. 473"
"05/10/2026";"06:29:34";2026;"04/10/2026";"1º Turno";1;"AP";"06017";"AMAPÁ";1;93;2;"Agregada";1;1317;"ESCOLA MUNICIPAL PIMPOLHO";1;"Convencional";"AV FAB";"CENTRO";"68950000";"-1";"-1";"-1";1;"ATIVO";-1;"ATIVO";1;"ATIVO";1;"Ativo";"0";"Sem acessibilidade";2;0;0;0;1317;"ESCOLA MUNICIPAL PIMPOLHO";"AV FAB"
"05/10/2026";"06:29:34";2026;"04/10/2026";"1º Turno";1;"AP";"06050";"MACAPÁ";14;397;2;"Agregada";396;1597;"ESCOLA ESTADUAL ITAMATATUBA";1;"Convencional";"VILA DE ITAMATATUBA";"DISTRITO DE BAILIQUE";"68900000";"-1";",7595281";"-50,2864222";1;"ATIVO";-1;"ATIVO";1;"ATIVO";1;"Ativo";"0";"Sem acessibilidade";146;0;0;0;1597;"ESCOLA ESTADUAL ITAMATATUBA";"VILA DE ITAMATATUBA"
"05/10/2026";"06:29:34";2026;"04/10/2026";"1º Turno";1;"AP";"06157";"SANTANA";6;88;1;"Principal";-1;1112;"E.E. ALMIRANTE BARROSO";1;"Convencional";"AV. 7 DE SETEMBRO, 533";"COMERCIAL";"68925108";"3281 3018";"-,04850279";"-51,17737876";1;"ATIVO";-1;"ATIVO";1;"ATIVO";1;"Ativo";"0";"Sem acessibilidade";301;302;302;0;1112;"E.E. ALMIRANTE BARROSO";"AV. 7 DE SETEMBRO, 533"
"05/10/2026";"06:29:34";2026;"04/10/2026";"1º Turno";1;"AP";"06050";"MACAPÁ";2;432;1;"Principal";-1;1791;"ESCOLA ESTADUAL IRINEU DA GAMA PAES";1;"Convencional";"AV RAIMUNDO CAXIAS DE SOUZA                      SN";"CONGOS";"68900000";"+5596981151638";",0090684";"-51,0934478";1;"ATIVO";-1;"ATIVO";1;"ATIVO";1;"Ativo";"0";"Sem acessibilidade";361;361;361;0;1791;"ESCOLA ESTADUAL IRINEU DA GAMA PAES";"AV RAIMUNDO CAXIAS DE SOUZA                      SN"
"05/10/2026";"06:29:34";2026;"04/10/2026";"1º Turno";1;"AP";"06173";"TARTARUGALZINHO";8;11;1;"Principal";-1;1066;"ESC EST LUCIANA RABELO LEITE";1;"Convencional";"COMUNIDADE SANTA ROSA DO ARAGUARI";"CENTRO";"00000000";"-1";"1,12893535";"-50,47182625";1;"ATIVO";-1;"ATIVO";1;"ATIVO";1;"Ativo";"0";"Sem acessibilidade";58;60;60;0;1066;"ESC EST LUCIANA RABELO LEITE";"COMUNIDADE SANTA ROSA DO ARAGUARI"
"05/10/2026";"06:29:34";2026;"04/10/2026";"1º Turno";1;"AP";"06041";"ITAUBAL";10;371;1;"Principal";-1;1023;"ESCOLA ESTADUAL WILSON HILL DE ARAUJO";1;"Convencional";"VILA DO ITAUBAL";"CENTRO";"68900000";"-1";",6019829";"-50,6995791";1;"ATIVO";-1;"ATIVO";1;"ATIVO";1;"Ativo";"0";"Sem acessibilidade";323;325;325;0;1023;"ESCOLA ESTADUAL WILSON HILL DE ARAUJO";"VILA DO ITAUBAL"
"05/10/2026";"06:29:34";2026;"04/10/2026";"1º Turno";1;"AP";"06050";"MACAPÁ";2;644;1;"Principal";-1;1791;"ESCOLA ESTADUAL IRINEU DA GAMA PAES";1;"Convencional";"AV RAIMUNDO CAXIAS DE SOUZA                      SN";"CONGOS";"68900000";"+5596981151638";",0090684";"-51,0934478";1;"ATIVO";-1;"ATIVO";1;"ATIVO";1;"Ativo";"1";"Com acessibilidade";357;357;357;0;1791;"ESCOLA ESTADUAL IRINEU DA GAMA PAES";"AV RAIMUNDO CAXIAS DE SOUZA                      SN"
"05/10/2026";"06:29:34";2026;"04/10/2026";"1º Turno";1;"AP";"06050";"MACAPÁ";2;379;1;"Principal";-1;1961;"ESCOLA MUNICIPAL DE ENSINO INFANTIL ANA LUIZA DE SOUZA MORAES";1;"Convencional";"RUA CLAUDOMIRO DE MORAES, 802";"NOVO BURITIZAL";"68904000";"-1";",0183376";"-51,0795418";1;"ATIVO";-1;"ATIVO";1;"ATIVO";1;"Ativo";"0";"Sem acessibilidade";187;187;187;0;1961;"ESCOLA MUNICIPAL DE ENSINO INFANTIL ANA LUIZA DE SOUZA MORAES";"RUA CLAUDOMIRO DE MORAES, 802"
"05/10/2026";"06:29:34";2026;"04/10/2026";"1º Turno";1;"AP";"06050";"MACAPÁ";14;310;1;"Principal";-1;1449;"ESCOLA ESTADUAL TIRADENTES";1;"Convencional";"RUA SANTOS DUMONT         128      SANTA RITA";"SANTA RITA";"68900000";"+5596981117291";",042048";"-51,0727224";1;"ATIVO";-1;"ATIVO";1;"ATIVO";1;"Ativo";"0";"Sem acessibilidade";317;318;318;0;1449;"ESCOLA ESTADUAL TIRADENTES";"RUA SANTOS DUMONT         128      SANTA RITA"
"05/10/2026";"06:29:34";2026;"04/10/2026";"1º Turno";1;"AP";"06157";"SANTANA";6;267;1;"Principal";-1;1198;"E.E. FONTE NOVA";1;"Convencional";"AV. DOM PEDRO I, 4286";"FONTE NOVA";"68928163";"3281 3288";"-,01910818";"-51,16939163";1;"ATIVO";-1;"ATIVO";1;"ATIVO";1;"Ativo";"1";"Com acessibilidade";252;252;252;0;1198;"E.E. FONTE NOVA";"AV. DOM PEDRO I, 4286"
"05/10/2026";"06:29:34";2026;"04/10/2026";"1º Turno";1;"AP";"06050";"MACAPÁ";2;444;1;"Principal";-1;1783;"ESCOLA ESTADUAL LAURO CHAVES";1;"Convencional";"AV TEMBES       SN";"MUCA";"68900000";"32411440";",0130979";"-51,074366";1;"ATIVO";-1;"ATIVO";1;"ATIVO";1;"Ativo";"1";"Com acessibilidade";260;260;260;0;1783;"ESCOLA ESTADUAL LAURO CHAVES";"AV TEMBES       SN"
"05/10/2026";"06:29:34";2026;"04/10/2026";"1º Turno";1;"AP";"06050";"MACAPÁ";2;904;1;"Principal";-1;1090;"ESCOLA ESTADUAL DR.COARACY NUNES";1;"Convencional";"AV MENDONCA JUNIOR          1651         CENTRO";"CENTRO";"68900000";"+5596981025968";",0338216";"-51,0647025";1;"ATIVO";-1;"ATIVO";1;"ATIVO";1;"Ativo";"0";"Sem acessibilidade";294;296;296;0;1090;"ESCOLA ESTADUAL DR.COARACY NUNES";"AV MENDONCA JUNIOR          1651         CENTRO"
"05/10/2026";"06:29:34";2026;"04/10/2026";"1º Turno";1;"AP";"06017";"AMAPÁ";1;29;1;"Principal";-1;1015;"ESCOLA ESTADUAL VEIGA CABRAL";1;"Convencional";"AV. FAB, S/N";"CENTRO";"68950000";"-1";"2,0500051";"-50,7918795";1;"ATIVO";-1;"ATIVO";1;"ATIVO";1;"Ativo";"0";"Sem acessibilidade";269;269;269;0;1015;"ESCOLA ESTADUAL VEIGA CABRAL";"AV. FAB, S/N"
"05/10/2026";"06:29:34";2026;"04/10/2026";"1º Turno";1;"AP";"06050";"MACAPÁ";10;340;1;"Principal";-1;2062;"ESCOLA MARIA LOPES DA CONCEIÇÃO";4;"Temporário";"RUA TRACAJATUBA, S/N - CENTRO";"TRACAJATUBA I";"68912500";"96 984003247";"-1";"-1";1;"ATIVO";-1;"ATIVO";1;"ATIVO";1;"Ativo";"1";"Com acessibilidade";328;378;378;0;1252;"ESCOLA MUNICIPAL ERIDIO ROCHA DA CONCEIÇÃO";"RUA ERÍDIO ROCHA, S/N"
"05/10/2026";"06:29:34";2026;"04/10/2026";"1º Turno";1;"AP";"06050";"MACAPÁ";2;89;1;"Principal";-1;1155;"ESCOLA ESTADUAL PROFº ZOLITO DE JESUS NUNES";1;"Convencional";"RUA LEOPOLDO MACHADO                            160 - BEIROL";"BEIROL";"68902020";"+5596991150828";",0179869";"-51,0631282";1;"ATIVO";-1;"ATIVO";1;"ATIVO";1;"Ativo";"0";"Sem acessibilidade";361;360;360;0;1155;"ESCOLA ESTADUAL PROFº ZOLITO DE JESUS NUNES";"RUA LEOPOLDO MACHADO                            160 - BEIROL"
"05/10/2026";"06:29:34";2026;"04/10/2026";"1º Turno";1;"AP";"06050";"MACAPÁ";2;736;1;"Principal";-1;2321;"ESCOLA ESTADUAL PROFª NANCI NINA COSTA";1;"Convencional";"AV. INSPETOR AIMORÉ, 1331";"ZERAO";"68900000";"+5596981452190";",0015588";"-51,0873044";1;"ATIVO";-1;"ATIVO";1;"ATIVO";1;"Ativo";"0";"Sem acessibilidade";378;376;376;0;2321;"ESCOLA ESTADUAL PROFª NANCI NINA COSTA";"AV. INSPETOR AIMORÉ, 1331"
"05/10/2026";"06:29:34";2026;"04/10/2026";"1º Turno";1;"AP";"06050";"MACAPÁ";14;141;1;"Principal";-1;1201;"EPG JESUS DE NAZARÉ";1;"Convencional";"AV PRINCESA IZABEL, 255";"JESUS DE NAZARE";"68900000";"-1";",0452543";"-51,0639409";1;"ATIVO";-1;"ATIVO";1;"ATIVO";1;"Ativo";"0";"Sem acessibilidade";345;341;341;0;1201;"EPG JESUS DE NAZARÉ";"AV PRINCESA IZABEL, 255"
"05/10/2026";"06:29:34";2026;"04/10/2026";"1º Turno";1;"AP";"06122";"VITÓRIA DO JARI";7;165;1;"Principal";-1;1082;"ESCOLA MUNICIPAL ÁLVARO MARQUES GONÇALVES";1;"Convencional";"PAS JOSÉ SIMEÃO DE SOUZA - 1361";"MINA";"68924000";"+5509636221243";"-,9193051";"-52,4146888";1;"ATIVO";-1;"ATIVO";1;"ATIVO";1;"Ativo";"0";"Sem acessibilidade";212;211;211;0;1082;"ESCOLA MUNICIPAL ÁLVARO MARQUES GONÇALVES";"PAS JOSÉ SIMEÃO DE SOUZA - 1361"
"05/10/2026";"06:29:34";2026;"04/10/2026";"1º Turno";1;"AP";"06009";"PRACUÚBA";1;88;2;"Agregada";14;1120;"ESCOLA MUNICIPAL PROFº EVANDRO MARTINS RIBEIRO";1;"Convencional";"BR 156, KM 270";"BREU";"68900000";"-1";"1,8141024";"-50,8764624";1;"ATIVO";-1;"ATIVO";1;"ATIVO";1;"Ativo";"0";"Sem acessibilidade";139;0;0;0;1120;"ESCOLA MUNICIPAL PROFº EVANDRO MARTINS RIBEIRO";"BR 156, KM 270"
"05/10/2026";"06:29:34";2026;"04/10/2026";"1º Turno";1;"AP";"06025";"PORTO GRANDE";12;32;1;"Principal";-1;1058;"ESC. EST. ELIAS FREITAS TRAJANO DE SOUZA";1;"Convencional";"RUA BELA VISTA, S/N";"AEROPORTO";"68997000";"-1";",70372892";"-51,40372491";1;"ATIVO";-1;"ATIVO";1;"ATIVO";1;"Ativo";"1";"Com acessibilidade";370;369;369;0;1058;"ESC. EST. ELIAS FREITAS TRAJANO DE SOUZA";"RUA BELA VISTA, S/N"
"05/10/2026";"06:29:34";2026;"04/10/2026";"1º Turno";1;"AP";"06009";"PRACUÚBA";1;14;1;"Principal";-1;1120;"ESCOLA MUNICIPAL PROFº EVANDRO MARTINS RIBEIRO";1;"Convencional";"BR 156, KM 270";"BREU";"68900000";"-1";"1,8141024";"-50,8764624";1;"ATIVO";-1;"ATIVO";1;"ATIVO";1;"Ativo";"0";"Sem acessibilidade";189;327;327;0;1120;"ESCOLA MUNICIPAL PROFº EVANDRO MARTINS RIBEIRO";"BR 156, KM 270"
"05/10/2026";"06:29:34";2026;"04/10/2026";"1º Turno";1;"AP";"06106";"SERRA DO NAVIO";11;12;1;"Principal";-1;1015;"ESCOLA ESTADUAL DOUTOR HERMELINO HERBSTER GUSMAO";1;"Convencional";"BC7, 589, SERRA DO NAVIO";"CENTRO";"68900000";"-1";"-1";"-1";1;"ATIVO";-1;"ATIVO";1;"ATIVO";1;"Ativo";"0";"Sem acessibilidade";322;319;319;0;1015;"ESCOLA ESTADUAL DOUTOR HERMELINO HERBSTER GUSMAO";"BC7, 589, SERRA DO NAVIO"
"05/10/2026";"06:29:34";2026;"04/10/2026";"1º Turno";1;"AP";"06114";"FERREIRA GOMES";12;44;1;"Principal";-1;1015;"ESCOLA ESTADUAL PROFA. MARIA IRACI TAVARES";1;"Convencional";"RUA DUQUE DE CAXIAS, N. 521";"CENTRO";"68915000";"-1";",85830092";"-51,18378177";1;"ATIVO";-1;"ATIVO";1;"ATIVO";1;"Ativo";"1";"Com acessibilidade";371;368;368;0;1015;"ESCOLA ESTADUAL PROFA. MARIA IRACI TAVARES";"RUA DUQUE DE CAXIAS, N. 521"
"05/10/2026";"06:29:34";2026;"04/10/2026";"1º Turno";1;"AP";"06076";"MAZAGÃO";5;32;1;"Principal";-1;1155;"ESCOLA ESTADUAL OSMUNDO VALENTE BARRETO";1;"Convencional";"BRAÇO DO RIO AJURUXI";"COMUNIDADE MARANATA";"68940000";"-1";"-,5351455";"-51,5468884";1;"ATIVO";-1;"ATIVO";1;"ATIVO";1;"Ativo";"0";"Sem acessibilidade";316;316;316;0;1155;"ESCOLA ESTADUAL OSMUNDO VALENTE BARRETO";"BRAÇO DO RIO AJURUXI"
"05/10/2026";"06:29:34";2026;"04/10/2026";"1º Turno";1;"AP";"06092";"OIAPOQUE";4;78;1;"Principal";-1;1201;"IFAP - INSTITUTO FEDERAL DO AMAPÁ";1;"Convencional";"RUA JOAQUIM CAETANO DA SILVA";"CENTRO";"68980000";"+559635211386";"-1";"-1";1;"ATIVO";-1;"ATIVO";1;"ATIVO";1;"Ativo";"0";"Sem acessibilidade";211;212;212;0;1201;"IFAP - INSTITUTO FEDERAL DO AMAPÁ";"RUA JOAQUIM CAETANO DA SILVA"
"05/10/2026";"06:29:34";2026;"04/10/2026";"1º Turno";1;"AP";"06050";"MACAPÁ";2;626;1;"Principal";-1;2208;"ESCOLA MUNICIPAL DE ENSINO FUNDAMENTAL ESFORÇO POPULAR";1;"Convencional";"RUA RAIMUNDO FERREIRA DA SILVA - 241";"MUCA";"68900000";"32415652";",0116414";"-51,0773336";1;"ATIVO";-1;"ATIVO";1;"ATIVO";1;"Ativo";"0";"Sem acessibilidade";263;260;260;0;2208;"ESCOLA MUNICIPAL DE ENSINO FUNDAMENTAL ESFORÇO POPULAR";"RUA RAIMUNDO FERREIRA DA SILVA - 241"
"05/10/2026";"06:29:34";2026;"04/10/2026";"1º Turno";1;"AP";"06050";"MACAPÁ";2;883;1;"Principal";-1;2682;"ESCOLA ESTADUAL SANTA INÊS";1;"Convencional";"RUA BEIRA RIO                         SANTA INES";"SANTA INES";"68900000";"+5596991537535";",0259971";"-51,0541281";1;"ATIVO";-1;"ATIVO";1;"ATIVO";1;"Ativo";"0";"Sem acessibilidade";310;309;309;0;2682;"ESCOLA ESTADUAL SANTA INÊS";"RUA BEIRA RIO                         SANTA INES"
"05/10/2026";"06:29:34";2026;"04/10/2026";"1º Turno";1;"AP";"06050";"MACAPÁ";10;74;1;"Principal";-1;1147;"ESCOLA ESTADUAL SEBASTIAO CORDEIRO DE SENA";1;"Convencional";"ROD. AP 70, 1120,";"VILA CORRE AGUA";"68912500";"-1";",75166";"-50,8250117";1;"ATIVO";-1;"ATIVO";1;"ATIVO";1;"Ativo";"1";"Com acessibilidade";249;249;249;0;1147;"ESCOLA ESTADUAL SEBASTIAO CORDEIRO DE SENA";"ROD. AP 70, 1120,"
"05/10/2026";"06:29:34";2026;"04/10/2026";"1º Turno";1;"AP";"06157";"SANTANA";6;83;1;"Principal";-1;1082;"E.P.G. JOANIRA DEL CASTILO";1;"Convencional";"TV. PEDRO TEIXEIRA, 194";"NOVA BRASÍLIA I";"68927251";"3283 2659";"-,0407868";"-51,1662145";1;"ATIVO";-1;"ATIVO";1;"ATIVO";1;"Ativo";"0";"Sem acessibilidade";265;263;263;0;1082;"E.P.G. JOANIRA DEL CASTILO";"TV. PEDRO TEIXEIRA, 194"
"05/10/2026";"06:29:34";2026;"04/10/2026";"1º Turno";1;"AP";"06050";"MACAPÁ";2;429;1;"Principal";-1;1899;"UNIVERSIDADE FEDERAL DO AMAPA - UNIFAP";1;"Convencional";"ROD. JOSMAR CHAVES PINTO, KM 02   JARDIM MARCO ZERO";"UNIVERSIDADE";"68903419";"+5596981159919";"-,0065359";"-51,0845096";1;"ATIVO";-1;"ATIVO";1;"ATIVO";1;"Ativo";"0";"Sem acessibilidade";378;375;375;0;1899;"UNIVERSIDADE FEDERAL DO AMAPA - UNIFAP";"ROD. JOSMAR CHAVES PINTO, KM 02   JARDIM MARCO ZERO"
"05/10/2026";"06:29:34";2026;"04/10/2026";"1º Turno";1;"AP";"06157";"SANTANA";6;139;1;"Principal";-1;1457;"IFAP INSTITUTO FEDERAL DO AMAPA";1;"Convencional";"RODOVIA DUCA SERRA 1133";"FONTE NOVA";"68928084";"-1";"-,02058645";"-51,18061816";1;"ATIVO";-1;"ATIVO";1;"ATIVO";1;"Ativo";"0";"Sem acessibilidade";304;304;304;0;1457;"IFAP INSTITUTO FEDERAL DO AMAPA";"RODOVIA DUCA SERRA 1133"
"05/10/2026";"06:29:34";2026;"04/10/2026";"1º Turno";1;"AP";"06017";"AMAPÁ";1;34;1;"Principal";-1;1015;"ESCOLA ESTADUAL VEIGA CABRAL";1;"Convencional";"AV. FAB, S/N";"CENTRO";"68950000";"-1";"2,0500051";"-50,7918795";1;"ATIVO";-1;"ATIVO";1;"ATIVO";1;"Ativo";"0";"Sem acessibilidade";274;270;270;0;1015;"ESCOLA ESTADUAL VEIGA CABRAL";"AV. FAB, S/N"
"05/10/2026";"06:29:34";2026;"04/10/2026";"1º Turno";1;"AP";"06050";"MACAPÁ";14;243;1;"Principal";-1;1341;"ESCOLA ESTADUAL MARIA DO SOCORRO ANDRADE SMITH";1;"Convencional";"CONJUNTO CABRALZINHO                  CABRALZINHO        SN";"CABRALZINHO";"68900000";"32611826";",0317255";"-51,1158339";1;"ATIVO";-1;"ATIVO";1;"ATIVO";1;"Ativo";"0";"Sem acessibilidade";348;346;346;0;1341;"ESCOLA ESTADUAL MARIA DO SOCORRO ANDRADE SMITH";"CONJUNTO CABRALZINHO                  CABRALZINHO        SN"
"05/10/2026";"06:29:34";2026;"04/10/2026";"1º Turno";1;"AP";"06157";"SANTANA";6;250;1;"Principal";-1;1244;"E.M. PROFESSORA MARIA ILNAH DE SOUZA";1;"Convencional";"RUA ADALVARO ALVES CAVALCANTE, 2060";"PROVEDOR I";"68925000";"3283 5749";"-,0410583";"-51,1578353";1;"ATIVO";-1;"ATIVO";1;"ATIVO";1;"Ativo";"0";"Sem acessibilidade";356;357;357;0;1244;"E.M. PROFESSORA MARIA ILNAH DE SOUZA";"RUA ADALVARO ALVES CAVALCANTE, 2060"
"05/10/2026";"06:29:34";2026;"04/10/2026";"1º Turno";1;"AP";"06050";"MACAPÁ";14;38;1;"Principal";-1;1074;"E.E JOSE DE ALENCAR";1;"Convencional";"RUA CANDIDO MENDES 269";"CENTRO";"68900000";"32125216";",0436565";"-51,049995";1;"ATIVO";-1;"ATIVO";1;"ATIVO";1;"Ativo";"0";"Sem acessibilidade";324;322;322;0;1074;"E.E JOSE DE ALENCAR";"RUA CANDIDO MENDES 269"
"05/10/2026";"06:29:34";2026;"04/10/2026";"1º Turno";1;"AP";"06092";"OIAPOQUE";4;18;1;"Principal";-1;1023;"ESCOLA DE PRIMEIRO GRAU JOAQUIM NABUCO";1;"Convencional";"RUA LELIO SILVA";"CENTRO";"68900000";"-1";"3,84401648";"-51,83412591";1;"ATIVO";-1;"ATIVO";1;"ATIVO";1;"Ativo";"0";"Sem acessibilidade";293;288;288;0;1023;"ESCOLA DE PRIMEIRO GRAU JOAQUIM NABUCO";"RUA LELIO SILVA"
"05/10/2026";"06:29:34";2026;"04/10/2026";"1º Turno";1;"AP";"06130";"LARANJAL DO JARI";7;123;1;"Principal";-1;1040;"ESCOLA ESTADUAL SONIA HENRIQUES BARRETO";1;"Convencional";"AVENIDA TANCREDO NEVES, N. 1174";"CENTRO";"68920000";"36211459";"-,8538408";"-52,5388352";1;"ATIVO";-1;"ATIVO";1;"ATIVO";1;"Ativo";"0";"Sem acessibilidade";270;271;271;0;1040;"ESCOLA ESTADUAL SONIA HENRIQUES BARRETO";"AVENIDA TANCREDO NEVES, N. 1174"
"05/10/2026";"06:29:34";2026;"04/10/2026";"1º Turno";1;"AP";"06173";"TARTARUGALZINHO";8;18;1;"Principal";-1;1031;"ESC EST REISALINA FERREIRA TOMAZ";1;"Convencional";"AV. N. S. PERPÉTUO SOCORRO, 765";"CENTRO";"68990000";"+559634221199";"1,51009521";"-50,91264494";1;"ATIVO";-1;"ATIVO";1;"ATIVO";1;"Ativo";"0";"Sem acessibilidade";255;256;256;0;1031;"ESC EST REISALINA FERREIRA TOMAZ";"AV. N. S. PERPÉTUO SOCORRO, 765"
"05/10/2026";"06:29:34";2026;"04/10/2026";"1º Turno";1;"AP";"06050";"MACAPÁ";14;77;1;"Principal";-1;1716;"ESCOLA ESTADUAL BARÃO DO RIO BRANCO";4;"Temporário";"AV. FAB, 122";"CENTRAL";"68900073";"-1";"-1";"-1";1;"ATIVO";-1;"ATIVO";1;"ATIVO";1;"Ativo";"0";"Sem acessibilidade";354;352;352;0;1120;"EEEF GENERAL AZEVEDO COSTA";"AV. JOSE ANTONIO SIQUEIRA 111"
"05/10/2026";"06:29:34";2026;"04/10/2026";"1º Turno";1;"AP";"06050";"MACAPÁ";14;395;1;"Principal";-1;1589;"ESCOLA ESTADUAL IGARAPÉ GRANDE DA TERRA GRANDE";1;"Convencional";"IGARAPÉ GRANDE";"DISTRITO DE BAILIQUE";"68900000";"-1";"1,0901151";"-50,0368014";1;"ATIVO";-1;"ATIVO";1;"ATIVO";1;"Ativo";"0";"Sem acessibilidade";201;200;200;0;1589;"ESCOLA ESTADUAL IGARAPÉ GRANDE DA TERRA GRANDE";"IGARAPÉ GRANDE"
"05/10/2026";"06:29:34";2026;"04/10/2026";"1º Turno";1;"AP";"06114";"FERREIRA GOMES";12;63;1;"Principal";-1;1040;"ESCOLA MUNICIPAL PASTOR JACI TORQUATO";1;"Convencional";"AV COSTA E SILVA, 1002";"CENTRO";"68915000";"-1";",8526622";"-51,18396644";1;"ATIVO";-1;"ATIVO";1;"ATIVO";1;"Ativo";"1";"Com acessibilidade";248;248;248;0;1040;"ESCOLA MUNICIPAL PASTOR JACI TORQUATO";"AV COSTA E SILVA, 1002"
"05/10/2026";"06:29:34";2026;"04/10/2026";"1º Turno";1;"AP";"06050";"MACAPÁ";2;348;1;"Principal";-1;1783;"ESCOLA ESTADUAL LAURO CHAVES";1;"Convencional";"AV TEMBES       SN";"MUCA";"68900000";"32411440";",0130979";"-51,074366";1;"ATIVO";-1;"ATIVO";1;"ATIVO";1;"Ativo";"1";"Com acessibilidade";261;261;261;0;1783;"ESCOLA ESTADUAL LAURO CHAVES";"AV TEMBES       SN"
"05/10/2026";"06:29:34";2026;"04/10/2026";"1º Turno";1;"AP";"06050";"MACAPÁ";2;851;1;"Principal";-1;2658;"ESCOLA ESTADUAL IRMA SANTINA RIOLI";1;"Convencional";"RUA JOVINO DINOA, 2732";"TREM";"68900160";"-1";",027631";"-51,0607761";1;"ATIVO";-1;"ATIVO";1;"ATIVO";1;"Ativo";"0";"Sem acessibilidade";349;348;348;0;2658;"ESCOLA ESTADUAL IRMA SANTINA RIOLI";"RUA JOVINO DINOA, 2732"
"05/10/2026";"06:29:34";2026;"04/10/2026";"1º Turno";1;"AP";"06050";"MACAPÁ";2;857;1;"Principal";-1;2666;"ESCOLA ESTADUAL JOSEFA JUCILEIDE AMORAS COLARES";1;"Convencional";"AV.RAIMUNDO TEQUILO GOES DE ALMEIDA    000147";"NOVA ESPERANCA";"68901610";"+5596991990317";",0317616";"-51,0825624";1;"ATIVO";-1;"ATIVO";1;"ATIVO";1;"Ativo";"1";"Com acessibilidade";371;368;368;0;2666;"ESCOLA ESTADUAL JOSEFA JUCILEIDE AMORAS COLARES";"AV.RAIMUNDO TEQUILO GOES DE ALMEIDA    000147"
"05/10/2026";"06:29:34";2026;"04/10/2026";"1º Turno";1;"AP";"06050";"MACAPÁ";10;339;1;"Principal";-1;1660;"ESCOLA ESTADUAL DE TEMPO INTEGRAL PROFESSOR. DARCY RIBEIRO";1;"Convencional";"AV. JOSÉ FERREIRA CHUCRE, 2420";"NOVO HORIZONTE";"68909826";"-1";",0873907";"-51,0406523";1;"ATIVO";-1;"ATIVO";1;"ATIVO";1;"Ativo";"1";"Com acessibilidade";364;364;364;0;1660;"ESCOLA ESTADUAL DE TEMPO INTEGRAL PROFESSOR. DARCY RIBEIRO";"AV. JOSÉ FERREIRA CHUCRE, 2420"
"05/10/2026";"06:29:34";2026;"04/10/2026";"1º Turno";1;"AP";"06050";"MACAPÁ";14;114;1;"Principal";-1;1163;"EMEF MAESTRO MIGUEL ALVES DA SILVA";1;"Convencional";"RUA QUINTINO JUSTO DE ALMEIDA, 120";"PERPETUO SOCORRO";"68908629";"988037090";",0510239";"-51,0471448";1;"ATIVO";-1;"ATIVO";1;"ATIVO";1;"Ativo";"0";"Sem acessibilidade";345;344;344;0;1163;"EMEF MAESTRO MIGUEL ALVES DA SILVA";"RUA QUINTINO JUSTO DE ALMEIDA, 120"
"05/10/2026";"06:29:34";2026;"04/10/2026";"1º Turno";1;"AP";"06157";"SANTANA";6;43;1;"Principal";-1;1155;"E.E. PROF. FRANCISCO WALCY LOBATO LIMA";1;"Convencional";"AV. MARIA COLARES, 1940";"NOVA BRASÍLIA I";"68927299";"3283 2601";"-,0365765";"-51,1660317";1;"ATIVO";-1;"ATIVO";1;"ATIVO";1;"Ativo";"0";"Sem acessibilidade";308;307;307;0;1155;"E.E. PROF. FRANCISCO WALCY LOBATO LIMA";"AV. MARIA COLARES, 1940"
"05/10/2026";"06:29:34";2026;"04/10/2026";"1º Turno";1;"AP";"06084";"PEDRA BRANCA DO AMAPARI";11;30;1;"Principal";-1;1066;"ESCOLA MUNICIPAL DE ENSINO FUNDAMENTAL SÃO PEDRO";1;"Convencional";"RUA FRANCISCO BRAZ, 345";"CENTRO";"68945100";"+559633221289";",7771201";"-51,9532666";1;"ATIVO";-1;"ATIVO";1;"ATIVO";1;"Ativo";"0";"Sem acessibilidade";327;323;323;0;1066;"ESCOLA MUNICIPAL DE ENSINO FUNDAMENTAL SÃO PEDRO";"RUA FRANCISCO BRAZ, 345"
"05/10/2026";"06:29:34";2026;"04/10/2026";"1º Turno";1;"AP";"06041";"ITAUBAL";10;442;2;"Agregada";351;1090;"ESCOLA ESTADUAL IPIXUNA GRANDE";1;"Convencional";"IGARAPÉ IPIXUNA GRANDE";"IGARAPÉ IPIXUNA GRANDE";"68900000";"-1";",3960582";"-50,6343877";1;"ATIVO";-1;"ATIVO";1;"ATIVO";1;"Ativo";"0";"Sem acessibilidade";178;0;0;0;1090;"ESCOLA ESTADUAL IPIXUNA GRANDE";"IGARAPÉ IPIXUNA GRANDE"
"05/10/2026";"06:29:34";2026;"04/10/2026";"1º Turno";1;"AP";"06050";"MACAPÁ";14;385;2;"Agregada";384;1554;"ESCOLA ESTADUAL BENTO TOLOSA DE SANTANA";1;"Convencional";"FOZ DO GURIJUBA";"DISTRITO DE BAILIQUE";"68900000";"-1";",8725232";"-50,2855911";1;"ATIVO";-1;"ATIVO";1;"ATIVO";1;"Ativo";"0";"Sem acessibilidade";105;0;0;0;1554;"ESCOLA ESTADUAL BENTO TOLOSA DE SANTANA";"FOZ DO GURIJUBA"
"05/10/2026";"06:29:34";2026;"04/10/2026";"1º Turno";1;"AP";"06050";"MACAPÁ";10;422;1;"Principal";-1;1732;"ESCOLA MUNICIPAL SANDRA LOBATO FERREIRA";1;"Convencional";"AV MARIA CAVALCANTE DE AZEVEDO PICANÇO, 505";"ILHA MIRIM";"68900010";"-1";",063737";"-51,0940966";1;"ATIVO";-1;"ATIVO";1;"ATIVO";1;"Ativo";"1";"Com acessibilidade";238;238;238;0;1732;"ESCOLA MUNICIPAL SANDRA LOBATO FERREIRA";"AV MARIA CAVALCANTE DE AZEVEDO PICANÇO, 505"
"05/10/2026";"06:29:34";2026;"04/10/2026";"1º Turno";1;"AP";"06050";"MACAPÁ";14;402;1;"Principal";-1;1619;"ESCOLA ESTADUAL MARIA JOSE CAMPELO DA SILVA";1;"Convencional";"LOCALIDADE LIMAO DO CURUA";"DISTRITO DE BAILIQUE";"68900000";"-1";",7619467";"-50,1695833";1;"ATIVO";-1;"ATIVO";1;"ATIVO";1;"Ativo";"0";"Sem acessibilidade";223;223;223;0;1619;"ESCOLA ESTADUAL MARIA JOSE CAMPELO DA SILVA";"LOCALIDADE LIMAO DO CURUA"
"05/10/2026";"06:29:34";2026;"04/10/2026";"1º Turno";1;"AP";"06050";"MACAPÁ";2;729;1;"Principal";-1;1163;"ESCOLA MUNICIPAL DE ENSINO FUNDAMENTAL RORAIMA";1;"Convencional";"RUA HILDEMAR MAIA ,   2549";"BURITIZAL";"68902870";"000000000";",0239286";"-51,0709472";1;"ATIVO";-1;"ATIVO";1;"ATIVO";1;"Ativo";"0";"Sem acessibilidade";211;210;210;0;2224;"ESCOLA MUNICIPAL DE ENSINO FUNDAMENTAL EUNICE PICANÇO";"RUA CLAUDOMIRO DE MORAES - 3015"
"05/10/2026";"06:29:34";2026;"04/10/2026";"1º Turno";1;"AP";"06050";"MACAPÁ";2;549;1;"Principal";-1;1791;"ESCOLA ESTADUAL IRINEU DA GAMA PAES";1;"Convencional";"AV RAIMUNDO CAXIAS DE SOUZA                      SN";"CONGOS";"68900000";"+5596981151638";",0090684";"-51,0934478";1;"ATIVO";-1;"ATIVO";1;"ATIVO";1;"Ativo";"1";"Com acessibilidade";251;249;249;0;2046;"ESCOLA ESTADUAL PROFª BENIGNA MOREIRA DE SOUZA";"RUA RAUL MONTEIRO VALDEZ - 1500"
"05/10/2026";"06:29:34";2026;"04/10/2026";"1º Turno";1;"AP";"06050";"MACAPÁ";14;15;1;"Principal";-1;1040;"CENTRO EDUCACIONAL IRMÃ CARMELA BONASSI";1;"Convencional";"AV. DEZOITO, 1792";"MARABAIXO III";"68909857";"+5596991360104";",0463151";"-51,1256065";1;"ATIVO";-1;"ATIVO";1;"ATIVO";1;"Ativo";"1";"Com acessibilidade";441;440;440;0;1040;"CENTRO EDUCACIONAL IRMÃ CARMELA BONASSI";"AV. DEZOITO, 1792"
"05/10/2026";"06:29:34";2026;"04/10/2026";"1º Turno";1;"AP";"06157";"SANTANA";6;209;1;"Principal";-1;1287;"E.E. RODOVAL BORGES SILVA";1;"Convencional";"TRAVESSA L-8, 05";"FONTE NOVA";"68925000";"3283 1213";"-,01659399";"-51,17809187";1;"ATIVO";-1;"ATIVO";1;"ATIVO";1;"Ativo";"0";"Sem acessibilidade";356;354;354;0;1287;"E.E. RODOVAL BORGES SILVA";"TRAVESSA L-8, 05"
"05/10/2026";"06:29:34";2026;"04/10/2026";"1º Turno";1;"AP";"06157";"SANTANA";6;120;1;"Principal";-1;1180;"E.E. MARIA CATARINA DANTAS TIBURCIO";1;"Convencional";"AV. MARIA IZABEL PEREIRA DA SILVA, 110";"NOVO HORIZONTE ";"68925000";"3283 2815";"-,0558208";"-51,164729";1;"ATIVO";-1;"ATIVO";1;"ATIVO";1;"Ativo";"0";"Sem acessibilidade";339;338;338;0;1180;"E.E. MARIA CATARINA DANTAS TIBURCIO";"AV. MARIA IZABEL PEREIRA DA SILVA, 110"
"05/10/2026";"06:29:34";2026;"04/10/2026";"1º Turno";1;"AP";"06050";"MACAPÁ";14;253;1;"Principal";-1;1350;"ESCOLA ESTADUAL PREDICANDA CARNEIRO AMORIM LOPES";1;"Convencional";"RUA RIO GRANDE DO SUL                     131";"SANTA RITA";"68900000";"+5596991555522";",0384932";"-51,0808658";1;"ATIVO";-1;"ATIVO";1;"ATIVO";1;"Ativo";"0";"Sem acessibilidade";364;358;358;0;1350;"ESCOLA ESTADUAL PREDICANDA CARNEIRO AMORIM LOPES";"RUA RIO GRANDE DO SUL                     131"
"05/10/2026";"06:29:34";2026;"04/10/2026";"1º Turno";1;"AP";"06130";"LARANJAL DO JARI";7;86;1;"Principal";-1;1058;"ESCOLA ESTADUAL PROF. MARIA DE NAZARÉ RODRIGUES DA SILVA";1;"Convencional";"RUA CULTURA, N 277";"AGRESTE";"68920000";"991894068";"-,8443316";"-52,5159137";1;"ATIVO";-1;"ATIVO";1;"ATIVO";1;"Ativo";"0";"Sem acessibilidade";265;264;264;0;1058;"ESCOLA ESTADUAL PROF. MARIA DE NAZARÉ RODRIGUES DA SILVA";"RUA CULTURA, N 277"
"05/10/2026";"06:29:34";2026;"04/10/2026";"1º Turno";1;"AP";"06050";"MACAPÁ";2;79;1;"Principal";-1;1139;"ESCOLA ESTADUAL PROFº JOSÉ FIRMO DO NASCIMENTO";1;"Convencional";"AV CLODOVIO COELHO  - 145  - TREM";"BEIROL";"68900000";"+5596981010886";",0232182";"-51,0625066";1;"ATIVO";-1;"ATIVO";1;"ATIVO";1;"Ativo";"0";"Sem acessibilidade";234;235;235;0;1139;"ESCOLA ESTADUAL PROFº JOSÉ FIRMO DO NASCIMENTO";"AV CLODOVIO COELHO  - 145  - TREM"
"05/10/2026";"06:29:34";2026;"04/10/2026";"1º Turno";1;"AP";"06017";"AMAPÁ";1;19;1;"Principal";-1;1104;"ESCOLA ESTADUAL VIDAL DE NEGREIROS";1;"Convencional";"AV. DESIDERIO ANTONIO COELHO, 470, CENTRO";"SETE MANGUEIRAS";"68950000";"-1";"2,0471077";"-50,7919131";1;"ATIVO";-1;"ATIVO";1;"ATIVO";1;"Ativo";"0";"Sem acessibilidade";269;266;266;0;1104;"ESCOLA ESTADUAL VIDAL DE NEGREIROS";"AV. DESIDERIO ANTONIO COELHO, 470, CENTRO"
"05/10/2026";"06:29:34";2026;"04/10/2026";"1º Turno";1;"AP";"06092";"OIAPOQUE";4;14;1;"Principal";-1;1023;"ESCOLA DE PRIMEIRO GRAU JOAQUIM NABUCO";1;"Convencional";"RUA LELIO SILVA";"CENTRO";"68900000";"-1";"3,84401648";"-51,83412591";1;"ATIVO";-1;"ATIVO";1;"ATIVO";1;"Ativo";"0";"Sem acessibilidade";292;290;290;0;1023;"ESCOLA DE PRIMEIRO GRAU JOAQUIM NABUCO";"RUA LELIO SILVA"
"05/10/2026";"06:29:34";2026;"04/10/2026";"1º Turno";1;"AP";"06092";"OIAPOQUE";4;9;1;"Principal";-1;1074;"ESCOLA DE PRIMEIRO GRAU TAPARABU";1;"Convencional";"VILA DE TAPARABU";"VILA DE TAPARABU";"68980000";"-1";"-1";"-1";1;"ATIVO";-1;"ATIVO";1;"ATIVO";1;"Ativo";"0";"Sem acessibilidade";267;268;268;0;1074;"ESCOLA DE PRIMEIRO GRAU TAPARABU";"VILA DE TAPARABU"
"05/10/2026";"06:29:34";2026;"04/10/2026";"1º Turno";1;"AP";"06076";"MAZAGÃO";5;69;1;"Principal";-1;1252;"ESCOLA MUNICIPAL DOMINGOS VALENTE BARRETO";1;"Convencional";"RUA SANTA RITA, SN";"BOM JESUS";"68940000";"-1";"-,10687113";"-51,2867679";1;"ATIVO";-1;"ATIVO";1;"ATIVO";1;"Ativo";"0";"Sem acessibilidade";311;310;310;0;1252;"ESCOLA MUNICIPAL DOMINGOS VALENTE BARRETO";"RUA SANTA RITA, SN"
"05/10/2026";"06:29:34";2026;"04/10/2026";"1º Turno";1;"AP";"06050";"MACAPÁ";2;834;1;"Principal";-1;1090;"ESCOLA ESTADUAL DR.COARACY NUNES";1;"Convencional";"AV MENDONCA JUNIOR          1651         CENTRO";"CENTRO";"68900000";"+5596981025968";",0338216";"-51,0647025";1;"ATIVO";-1;"ATIVO";1;"ATIVO";1;"Ativo";"0";"Sem acessibilidade";258;255;255;0;1090;"ESCOLA ESTADUAL DR.COARACY NUNES";"AV MENDONCA JUNIOR          1651         CENTRO"
"05/10/2026";"06:29:34";2026;"04/10/2026";"1º Turno";1;"AP";"06122";"VITÓRIA DO JARI";7;152;1;"Principal";-1;1058;"ESCOLA MUNICIPAL BENEDITO LIMA PENELVA";1;"Convencional";"RUA PEDRO LADISLAU, S/N";"SANTA CLARA";"68920000";"36221235";"-,9342084";"-52,4328917";1;"ATIVO";-1;"ATIVO";1;"ATIVO";1;"Ativo";"0";"Sem acessibilidade";263;262;262;0;1058;"ESCOLA MUNICIPAL BENEDITO LIMA PENELVA";"RUA PEDRO LADISLAU, S/N"
"05/10/2026";"06:29:34";2026;"04/10/2026";"1º Turno";1;"AP";"06122";"VITÓRIA DO JARI";7;167;1;"Principal";-1;1082;"ESCOLA MUNICIPAL ÁLVARO MARQUES GONÇALVES";1;"Convencional";"PAS JOSÉ SIMEÃO DE SOUZA - 1361";"MINA";"68924000";"+5509636221243";"-,9193051";"-52,4146888";1;"ATIVO";-1;"ATIVO";1;"ATIVO";1;"Ativo";"0";"Sem acessibilidade";215;215;215;0;1082;"ESCOLA MUNICIPAL ÁLVARO MARQUES GONÇALVES";"PAS JOSÉ SIMEÃO DE SOUZA - 1361"
"05/10/2026";"06:29:34";2026;"04/10/2026";"1º Turno";1;"AP";"06050";"MACAPÁ";2;384;1;"Principal";-1;1791;"ESCOLA ESTADUAL IRINEU DA GAMA PAES";1;"Convencional";"AV RAIMUNDO CAXIAS DE SOUZA                      SN";"CONGOS";"68900000";"+5596981151638";",0090684";"-51,0934478";1;"ATIVO";-1;"ATIVO";1;"ATIVO";1;"Ativo";"0";"Sem acessibilidade";365;364;364;0;1791;"ESCOLA ESTADUAL IRINEU DA GAMA PAES";"AV RAIMUNDO CAXIAS DE SOUZA                      SN"
"05/10/2026";"06:29:34";2026;"04/10/2026";"1º Turno";1;"AP";"06050";"MACAPÁ";2;463;1;"Principal";-1;1600;"ESCOLA ESTADUAL MÁRIO QUIRINO DA SILVA";1;"Convencional";"RUA CLAUDOMIRO DE MORAIS                    SN";"NOVO BURITIZAL";"68900000";"32125283";",0154748";"-51,0823276";1;"ATIVO";-1;"ATIVO";1;"ATIVO";1;"Ativo";"0";"Sem acessibilidade";246;246;246;0;2046;"ESCOLA ESTADUAL PROFª BENIGNA MOREIRA DE SOUZA";"RUA RAUL MONTEIRO VALDEZ - 1500"
"05/10/2026";"06:29:34";2026;"04/10/2026";"1º Turno";1;"AP";"06076";"MAZAGÃO";5;109;1;"Principal";-1;1210;"ESCOLA ESTADUAL EVILÁSIO PEDRO DE LIMA FERREIRA";1;"Convencional";"RODOVIA MACAPA JARI BR 156 KM 132, S/N";"DISTRITO DE MARACA";"68930000";"-1";"-,17971223";"-51,73465291";1;"ATIVO";-1;"ATIVO";1;"ATIVO";1;"Ativo";"0";"Sem acessibilidade";292;292;292;0;1210;"ESCOLA ESTADUAL EVILÁSIO PEDRO DE LIMA FERREIRA";"RODOVIA MACAPA JARI BR 156 KM 132, S/N"
"05/10/2026";"06:29:34";2026;"04/10/2026";"1º Turno";1;"AP";"06025";"PORTO GRANDE";12;27;1;"Principal";-1;1058;"ESC. EST. ELIAS FREITAS TRAJANO DE SOUZA";1;"Convencional";"RUA BELA VISTA, S/N";"AEROPORTO";"68997000";"-1";",70372892";"-51,40372491";1;"ATIVO";-1;"ATIVO";1;"ATIVO";1;"Ativo";"1";"Com acessibilidade";370;367;367;0;1058;"ESC. EST. ELIAS FREITAS TRAJANO DE SOUZA";"RUA BELA VISTA, S/N"
"05/10/2026";"06:29:34";2026;"04/10/2026";"1º Turno";1;"AP";"06050";"MACAPÁ";14;256;1;"Principal";-1;1368;"ESCOLA ESTADUAL PROF. NILTON BALIEIRO MACHADO";1;"Convencional";"DECIMA QUINTA AVENIDA, S/N (ESQUINA COM A QUINTA RUA)";"MARABAIXO III";"68900000";"+5596991539690";",0441313";"-51,127965";1;"ATIVO";-1;"ATIVO";1;"ATIVO";1;"Ativo";"0";"Sem acessibilidade";395;394;394;0;1368;"ESCOLA ESTADUAL PROF. NILTON BALIEIRO MACHADO";"DECIMA QUINTA AVENIDA, S/N (ESQUINA COM A QUINTA RUA)"
"05/10/2026";"06:29:34";2026;"04/10/2026";"1º Turno";1;"AP";"06050";"MACAPÁ";10;425;1;"Principal";-1;1724;"ESCOLA ESTADUAL PROFESSOR ANTONIO MUNHOZ LOPES";1;"Convencional";"CONJUNTO HABITACIONAL MACAPABA";"MACAPABA";"68900000";"-1";",086194";"-51,0949749";1;"ATIVO";-1;"ATIVO";1;"ATIVO";1;"Ativo";"0";"Sem acessibilidade";383;383;383;0;1724;"ESCOLA ESTADUAL PROFESSOR ANTONIO MUNHOZ LOPES";"CONJUNTO HABITACIONAL MACAPABA"
"05/10/2026";"06:29:34";2026;"04/10/2026";"1º Turno";1;"AP";"06050";"MACAPÁ";2;852;1;"Principal";-1;2658;"ESCOLA ESTADUAL IRMA SANTINA RIOLI";1;"Convencional";"RUA JOVINO DINOA, 2732";"TREM";"68900160";"-1";",027631";"-51,0607761";1;"ATIVO";-1;"ATIVO";1;"ATIVO";1;"Ativo";"0";"Sem acessibilidade";352;350;350;0;2658;"ESCOLA ESTADUAL IRMA SANTINA RIOLI";"RUA JOVINO DINOA, 2732"
"05/10/2026";"06:29:34";2026;"04/10/2026";"1º Turno";1;"AP";"06050";"MACAPÁ";2;874;1;"Principal";-1;2674;"ESCOLA ESTADUAL PROFª MARIA CARMELITA DO CARMO";1;"Convencional";"RUA BARAO DE MAUA, 345";"BURITIZAL";"68900460";"+5596991394217";",0273806";"-51,0750153";1;"ATIVO";-1;"ATIVO";1;"ATIVO";1;"Ativo";"0";"Sem acessibilidade";276;277;277;0;2674;"ESCOLA ESTADUAL PROFª MARIA CARMELITA DO CARMO";"RUA BARAO DE MAUA, 345"
"05/10/2026";"06:29:34";2026;"04/10/2026";"1º Turno";1;"AP";"06050";"MACAPÁ";2;375;1;"Principal";-1;1996;"ESCOLA ESTADUAL PROFº ROBERTO JOSE MORAIS DE CASTRO";1;"Convencional";"RUA JOVINO DINOA, 152";"BEIROL";"68908110";"-1";",0181997";"-51,0612885";1;"ATIVO";-1;"ATIVO";1;"ATIVO";1;"Ativo";"0";"Sem acessibilidade";320;319;319;0;1996;"ESCOLA ESTADUAL PROFº ROBERTO JOSE MORAIS DE CASTRO";"RUA JOVINO DINOA, 152"
"05/10/2026";"06:29:34";2026;"04/10/2026";"1º Turno";1;"AP";"06157";"SANTANA";6;144;1;"Principal";-1;1210;"E.E. IGARAPE DA FORTALEZA";1;"Convencional";"RUA RIO MATAPI, 121";"IGARAPÉ DA FORTALEZA";"68925000";"3283 2250";"-,0473052";"-51,1450026";1;"ATIVO";-1;"ATIVO";1;"ATIVO";1;"Ativo";"0";"Sem acessibilidade";377;375;375;0;1210;"E.E. IGARAPE DA FORTALEZA";"RUA RIO MATAPI, 121"
"05/10/2026";"06:29:34";2026;"04/10/2026";"1º Turno";1;"AP";"06050";"MACAPÁ";2;600;1;"Principal";-1;1171;"ESCOLA ESTADUAL PROFª SEBASTIANA LENIR DE ALMEIDA";1;"Convencional";"AV DIOGENES SILVA         123        BURITIZAL";"BURITIZAL";"68902891";"+5596991579520";",0258939";"-51,0728225";1;"ATIVO";-1;"ATIVO";1;"ATIVO";1;"Ativo";"0";"Sem acessibilidade";288;285;285;0;1171;"ESCOLA ESTADUAL PROFª SEBASTIANA LENIR DE ALMEIDA";"AV DIOGENES SILVA         123        BURITIZAL"
"05/10/2026";"06:29:34";2026;"04/10/2026";"1º Turno";1;"AP";"06050";"MACAPÁ";14;318;1;"Principal";-1;1449;"ESCOLA ESTADUAL TIRADENTES";1;"Convencional";"RUA SANTOS DUMONT         128      SANTA RITA";"SANTA RITA";"68900000";"+5596981117291";",042048";"-51,0727224";1;"ATIVO";-1;"ATIVO";1;"ATIVO";1;"Ativo";"0";"Sem acessibilidade";312;312;312;0;1449;"ESCOLA ESTADUAL TIRADENTES";"RUA SANTOS DUMONT         128      SANTA RITA"
"05/10/2026";"06:29:34";2026;"04/10/2026";"1º Turno";1;"AP";"06050";"MACAPÁ";2;823;1;"Principal";-1;2518;"ESCOLA ESTADUAL PROFª JACINTA MARIA RODRIGUES DE CARVALHO";1;"Convencional";"RUA DA MARINHA, S/N";"DISTRITO DE FAZENDINHA";"68911432";"+5596991294660";"-,0470989";"-51,1047903";1;"ATIVO";-1;"ATIVO";1;"ATIVO";1;"Ativo";"0";"Sem acessibilidade";376;375;375;0;2518;"ESCOLA ESTADUAL PROFª JACINTA MARIA RODRIGUES DE CARVALHO";"RUA DA MARINHA, S/N"
"05/10/2026";"06:29:34";2026;"04/10/2026";"1º Turno";1;"AP";"06114";"FERREIRA GOMES";12;50;1;"Principal";-1;1023;"ESCOLA ESTADUAL INDEPENDENCIA";1;"Convencional";"RAMAL DA ELETRONORTE (USINA COARACY NUNES)";"VILA DO PAREDÃO";"68915000";"-1";",889471";"-51,2571473";1;"ATIVO";-1;"ATIVO";1;"ATIVO";1;"Ativo";"1";"Com acessibilidade";226;226;226;0;1023;"ESCOLA ESTADUAL INDEPENDENCIA";"RAMAL DA ELETRONORTE (USINA COARACY NUNES)"
"05/10/2026";"06:29:34";2026;"04/10/2026";"1º Turno";1;"AP";"06157";"SANTANA";6;230;1;"Principal";-1;1368;"ESCOLA ESTADUAL DENISE DE MELO VASCONCELOS";1;"Convencional";"TRAVESSA 24, 145";"PROVEDOR II";"68925000";"-1";"-,044795";"-51,152917";1;"ATIVO";-1;"ATIVO";1;"ATIVO";1;"Ativo";"0";"Sem acessibilidade";268;267;267;0;1368;"ESCOLA ESTADUAL DENISE DE MELO VASCONCELOS";"TRAVESSA 24, 145"
"05/10/2026";"06:29:34";2026;"04/10/2026";"1º Turno";1;"AP";"06092";"OIAPOQUE";4;73;1;"Principal";-1;1201;"IFAP - INSTITUTO FEDERAL DO AMAPÁ";1;"Convencional";"RUA JOAQUIM CAETANO DA SILVA";"CENTRO";"68980000";"+559635211386";"-1";"-1";1;"ATIVO";-1;"ATIVO";1;"ATIVO";1;"Ativo";"0";"Sem acessibilidade";208;209;209;0;1201;"IFAP - INSTITUTO FEDERAL DO AMAPÁ";"RUA JOAQUIM CAETANO DA SILVA"
"05/10/2026";"06:29:34";2026;"04/10/2026";"1º Turno";1;"AP";"06050";"MACAPÁ";14;439;1;"Principal";-1;1368;"ESCOLA ESTADUAL PROF. NILTON BALIEIRO MACHADO";1;"Convencional";"DECIMA QUINTA AVENIDA, S/N (ESQUINA COM A QUINTA RUA)";"MARABAIXO III";"68900000";"+5596991539690";",0441313";"-51,127965";1;"ATIVO";-1;"ATIVO";1;"ATIVO";1;"Ativo";"0";"Sem acessibilidade";400;398;398;0;1368;"ESCOLA ESTADUAL PROF. NILTON BALIEIRO MACHADO";"DECIMA QUINTA AVENIDA, S/N (ESQUINA COM A QUINTA RUA)"
"05/10/2026";"06:29:34";2026;"04/10/2026";"1º Turno";1;"AP";"06050";"MACAPÁ";10;380;1;"Principal";-1;1678;"ESCOLA ESTADUAL RISALVA FREITAS DO AMARAL";1;"Convencional";"AV CECILIA VICENTE DA PAIXÃO, S/N";"PANTANAL";"68907311";"-1";",0710676";"-51,046337";1;"ATIVO";-1;"ATIVO";1;"ATIVO";1;"Ativo";"0";"Sem acessibilidade";384;377;377;0;1678;"ESCOLA ESTADUAL RISALVA FREITAS DO AMARAL";"AV CECILIA VICENTE DA PAIXÃO, S/N"
"05/10/2026";"06:29:34";2026;"04/10/2026";"1º Turno";1;"AP";"06050";"MACAPÁ";2;554;1;"Principal";-1;2356;"ESCOLA ESTADUAL GONÇALVES DIAS";1;"Convencional";"RUA SANTOS DUMONT     BURITIZAL      N° 121";"BURITIZAL";"68902880";"+5596991451429";",0203216";"-51,073305";1;"ATIVO";-1;"ATIVO";1;"ATIVO";1;"Ativo";"0";"Sem acessibilidade";310;306;306;0;2356;"ESCOLA ESTADUAL GONÇALVES DIAS";"RUA SANTOS DUMONT     BURITIZAL      N° 121"
"05/10/2026";"06:29:34";2026;"04/10/2026";"1º Turno";1;"AP";"06157";"SANTANA";6;114;1;"Principal";-1;1457;"IFAP INSTITUTO FEDERAL DO AMAPA";1;"Convencional";"RODOVIA DUCA SERRA 1133";"FONTE NOVA";"68928084";"-1";"-,02058645";"-51,18061816";1;"ATIVO";-1;"ATIVO";1;"ATIVO";1;"Ativo";"0";"Sem acessibilidade";305;305;305;0;1457;"IFAP INSTITUTO FEDERAL DO AMAPA";"RODOVIA DUCA SERRA 1133"
"05/10/2026";"06:29:34";2026;"04/10/2026";"1º Turno";1;"AP";"06050";"MACAPÁ";10;325;1;"Principal";-1;1694;"ESCOLA MUNICIPAL LÚCIA NEVES DENIUR";1;"Convencional";"ALAMEDA CIRIGUELA, N 1088";"BRASIL NOVO";"68909333";"-1";",0986836";"-51,0849266";1;"ATIVO";-1;"ATIVO";1;"ATIVO";1;"Ativo";"0";"Sem acessibilidade";384;385;385;0;1694;"ESCOLA MUNICIPAL LÚCIA NEVES DENIUR";"ALAMEDA CIRIGUELA, N 1088"
"05/10/2026";"06:29:34";2026;"04/10/2026";"1º Turno";1;"AP";"06050";"MACAPÁ";10;283;1;"Principal";-1;1392;"ESCOLA ESTADUAL RAIMUNDA DOS PASSOS SANTOS";1;"Convencional";"AV. LOURENCO ARAUJO DE SÁ, 2162, NOVO HORIZONTE";"NOVO HORIZONTE";"68909829";"991549564";",0956351";"-51,0497879";1;"ATIVO";-1;"ATIVO";1;"ATIVO";1;"Ativo";"0";"Sem acessibilidade";381;381;381;0;1392;"ESCOLA ESTADUAL RAIMUNDA DOS PASSOS SANTOS";"AV. LOURENCO ARAUJO DE SÁ, 2162, NOVO HORIZONTE"
"05/10/2026";"06:29:34";2026;"04/10/2026";"1º Turno";1;"AP";"06017";"AMAPÁ";1;47;1;"Principal";-1;1279;"ESCOLA MUNICIPAL FRANCISCO ALVES DE OLIVEIRA";1;"Convencional";"AV GOVERNADOR JANARY GENTIL NUNES";"BOM JARDIM";"68950000";"-1";"2,0497538";"-50,7872148";1;"ATIVO";-1;"ATIVO";1;"ATIVO";1;"Ativo";"0";"Sem acessibilidade";364;363;363;0;1279;"ESCOLA MUNICIPAL FRANCISCO ALVES DE OLIVEIRA";"AV GOVERNADOR JANARY GENTIL NUNES"
"05/10/2026";"06:29:34";2026;"04/10/2026";"1º Turno";1;"AP";"06025";"PORTO GRANDE";12;12;1;"Principal";-1;1139;"ESCOLA MUNICIPAL ACRE";1;"Convencional";"AVENIDA OITO DE AGOSTO";"CENTRO";"68997000";"-1";",71233734";"-51,41411779";1;"ATIVO";-1;"ATIVO";1;"ATIVO";1;"Ativo";"1";"Com acessibilidade";356;355;355;0;1139;"ESCOLA MUNICIPAL ACRE";"AVENIDA OITO DE AGOSTO"
"05/10/2026";"06:29:34";2026;"04/10/2026";"1º Turno";1;"AP";"06050";"MACAPÁ";2;866;1;"Principal";-1;2666;"ESCOLA ESTADUAL JOSEFA JUCILEIDE AMORAS COLARES";1;"Convencional";"AV.RAIMUNDO TEQUILO GOES DE ALMEIDA    000147";"NOVA ESPERANCA";"68901610";"+5596991990317";",0317616";"-51,0825624";1;"ATIVO";-1;"ATIVO";1;"ATIVO";1;"Ativo";"0";"Sem acessibilidade";374;368;368;0;2666;"ESCOLA ESTADUAL JOSEFA JUCILEIDE AMORAS COLARES";"AV.RAIMUNDO TEQUILO GOES DE ALMEIDA    000147"
"05/10/2026";"06:29:34";2026;"04/10/2026";"1º Turno";1;"AP";"06157";"SANTANA";6;161;1;"Principal";-1;1180;"E.E. MARIA CATARINA DANTAS TIBURCIO";1;"Convencional";"AV. MARIA IZABEL PEREIRA DA SILVA, 110";"NOVO HORIZONTE ";"68925000";"3283 2815";"-,0558208";"-51,164729";1;"ATIVO";-1;"ATIVO";1;"ATIVO";1;"Ativo";"0";"Sem acessibilidade";332;331;331;0;1180;"E.E. MARIA CATARINA DANTAS TIBURCIO";"AV. MARIA IZABEL PEREIRA DA SILVA, 110"
"05/10/2026";"06:29:34";2026;"04/10/2026";"1º Turno";1;"AP";"06173";"TARTARUGALZINHO";8;17;1;"Principal";-1;1112;"ESC EST NOVA VIDA";1;"Convencional";"BR 156 KM 112- COMUN. NOVA VIDA";"NOVA VIDA";"68990000";"-1";"-1";"-1";1;"ATIVO";-1;"ATIVO";1;"ATIVO";1;"Ativo";"0";"Sem acessibilidade";214;355;355;0;1112;"ESC EST NOVA VIDA";"BR 156 KM 112- COMUN. NOVA VIDA"
"05/10/2026";"06:29:34";2026;"04/10/2026";"1º Turno";1;"AP";"06076";"MAZAGÃO";5;104;1;"Principal";-1;1201;"ESCOLA ESTADUAL FAGUNDES VARELA";1;"Convencional";"RUA JOSE DOS REIS BARRETO, 1313 - CENTRO";"DISTRITO DO CARVAO";"68940000";"-1";"-,184611";"-51,3552501";1;"ATIVO";-1;"ATIVO";1;"ATIVO";1;"Ativo";"0";"Sem acessibilidade";215;215;215;0;1201;"ESCOLA ESTADUAL FAGUNDES VARELA";"RUA JOSE DOS REIS BARRETO, 1313 - CENTRO"
"05/10/2026";"06:29:34";2026;"04/10/2026";"1º Turno";1;"AP";"06050";"MACAPÁ";2;740;1;"Principal";-1;1899;"UNIVERSIDADE FEDERAL DO AMAPA - UNIFAP";1;"Convencional";"ROD. JOSMAR CHAVES PINTO, KM 02   JARDIM MARCO ZERO";"UNIVERSIDADE";"68903419";"+5596981159919";"-,0065359";"-51,0845096";1;"ATIVO";-1;"ATIVO";1;"ATIVO";1;"Ativo";"0";"Sem acessibilidade";383;380;380;0;1899;"UNIVERSIDADE FEDERAL DO AMAPA - UNIFAP";"ROD. JOSMAR CHAVES PINTO, KM 02   JARDIM MARCO ZERO"
"05/10/2026";"06:29:34";2026;"04/10/2026";"1º Turno";1;"AP";"06050";"MACAPÁ";2;411;1;"Principal";-1;1848;"ESCOLA ESTADUAL PROFº ANTONIO CASTRO MONTEIRO";1;"Convencional";"AV. DOM JOSE MARITANO         700";"ZERAO";"68900000";"+5596984136039";"-,0018708";"-51,097023";1;"ATIVO";-1;"ATIVO";1;"ATIVO";1;"Ativo";"0";"Sem acessibilidade";340;338;338;0;1848;"ESCOLA ESTADUAL PROFº ANTONIO CASTRO MONTEIRO";"AV. DOM JOSE MARITANO         700"
"05/10/2026";"06:29:34";2026;"04/10/2026";"1º Turno";1;"AP";"06025";"PORTO GRANDE";12;20;1;"Principal";-1;1040;"ESCOLA MUNICIPAL CUPIXI";1;"Convencional";"VILA DO CUPIXI";"CUPIXI";"68997000";"-1";",6098031";"-51,768331";1;"ATIVO";-1;"ATIVO";1;"ATIVO";1;"Ativo";"1";"Com acessibilidade";291;290;290;0;1040;"ESCOLA MUNICIPAL CUPIXI";"VILA DO CUPIXI"
"05/10/2026";"06:29:34";2026;"04/10/2026";"1º Turno";1;"AP";"06157";"SANTANA";6;166;1;"Principal";-1;1457;"IFAP INSTITUTO FEDERAL DO AMAPA";1;"Convencional";"RODOVIA DUCA SERRA 1133";"FONTE NOVA";"68928084";"-1";"-,02058645";"-51,18061816";1;"ATIVO";-1;"ATIVO";1;"ATIVO";1;"Ativo";"0";"Sem acessibilidade";302;301;301;0;1457;"IFAP INSTITUTO FEDERAL DO AMAPA";"RODOVIA DUCA SERRA 1133"
"05/10/2026";"06:29:34";2026;"04/10/2026";"1º Turno";1;"AP";"06157";"SANTANA";6;192;1;"Principal";-1;1210;"E.E. IGARAPE DA FORTALEZA";1;"Convencional";"RUA RIO MATAPI, 121";"IGARAPÉ DA FORTALEZA";"68925000";"3283 2250";"-,0473052";"-51,1450026";1;"ATIVO";-1;"ATIVO";1;"ATIVO";1;"Ativo";"0";"Sem acessibilidade";376;375;375;0;1210;"E.E. IGARAPE DA FORTALEZA";"RUA RIO MATAPI, 121"
"05/10/2026";"06:29:34";2026;"04/10/2026";"1º Turno";1;"AP";"06157";"SANTANA";6;253;1;"Principal";-1;1430;"ESCOLA MUNICIPAL NOSSA SENHORA DA CONCEICAO";1;"Convencional";"AV. JOSE DE ANCHIETA, 399-A";"COMERCIAL";"68925000";"99141164";"-,0497623";"-51,1757274";1;"ATIVO";-1;"ATIVO";1;"ATIVO";1;"Ativo";"0";"Sem acessibilidade";214;214;214;0;1430;"ESCOLA MUNICIPAL NOSSA SENHORA DA CONCEICAO";"AV. JOSE DE ANCHIETA, 399-A"
"05/10/2026";"06:29:34";2026;"04/10/2026";"1º Turno";1;"AP";"06092";"OIAPOQUE";4;23;1;"Principal";-1;1090;"ESCOLA DE PRIMEIRO GRAU KUMARUMA";1;"Convencional";"ALDEIA KUMARUMA";"ALDEIA KUMARUMA";"68980000";"-1";"3,3787291";"-51,2981222";1;"ATIVO";-1;"ATIVO";1;"ATIVO";1;"Ativo";"0";"Sem acessibilidade";276;278;278;0;1090;"ESCOLA DE PRIMEIRO GRAU KUMARUMA";"ALDEIA KUMARUMA"
"05/10/2026";"06:29:34";2026;"04/10/2026";"1º Turno";1;"AP";"06106";"SERRA DO NAVIO";11;11;1;"Principal";-1;1015;"ESCOLA ESTADUAL DOUTOR HERMELINO HERBSTER GUSMAO";1;"Convencional";"BC7, 589, SERRA DO NAVIO";"CENTRO";"68900000";"-1";"-1";"-1";1;"ATIVO";-1;"ATIVO";1;"ATIVO";1;"Ativo";"0";"Sem acessibilidade";324;319;319;0;1015;"ESCOLA ESTADUAL DOUTOR HERMELINO HERBSTER GUSMAO";"BC7, 589, SERRA DO NAVIO"
"05/10/2026";"06:29:34";2026;"04/10/2026";"1º Turno";1;"AP";"06025";"PORTO GRANDE";12;42;1;"Principal";-1;1031;"ESC. EST. CAMPO VERDE";1;"Convencional";"RODOVIA PERIMETRAL NORTE, KM 119, S/N";"CAMPO VERDE";"68997000";"-1";",6768532";"-51,51482237";1;"ATIVO";-1;"ATIVO";1;"ATIVO";1;"Ativo";"1";"Com acessibilidade";313;313;313;0;1031;"ESC. EST. CAMPO VERDE";"RODOVIA PERIMETRAL NORTE, KM 119, S/N"
"05/10/2026";"06:29:34";2026;"04/10/2026";"1º Turno";1;"AP";"06050";"MACAPÁ";10;406;1;"Principal";-1;1082;"ESCOLA QUILOMBOLA ESTADUAL PEDRO ALCANTARA CHAVES LOPES";1;"Convencional";"RUA JOSÉ MARIANO PICANÇO, 1134";"VILA ABACATE DA PEDREIRA";"68900000";"969990772809";",2695636";"-50,9147641";1;"ATIVO";-1;"ATIVO";1;"ATIVO";1;"Ativo";"1";"Com acessibilidade";235;235;235;0;1082;"ESCOLA QUILOMBOLA ESTADUAL PEDRO ALCANTARA CHAVES LOPES";"RUA JOSÉ MARIANO PICANÇO, 1134"
"05/10/2026";"06:29:34";2026;"04/10/2026";"1º Turno";1;"AP";"06122";"VITÓRIA DO JARI";7;138;1;"Principal";-1;1015;"ESCOLA ESTADUAL MUNGUBA DO JARI";1;"Convencional";"PASSARELA PRINCIPAL JOSÉ SEMEÃO DE SOUZA, N. 473";"PRAINHA";"68920000";"36221244";"-,9292493";"-52,4277488";5;"BLOQUEADO";-1;"ATIVO";1;"ATIVO";1;"Ativo";"0";"Sem acessibilidade";181;361;361;0;1015;"ESCOLA ESTADUAL MUNGUBA DO JARI";"PASSARELA PRINCIPAL JOSÉ SEMEÃO DE SOUZA, N. 473"
"05/10/2026";"06:29:34";2026;"04/10/2026";"1º Turno";1;"AP";"06025";"PORTO GRANDE";12;13;1;"Principal";-1;1139;"ESCOLA MUNICIPAL ACRE";1;"Convencional";"AVENIDA OITO DE AGOSTO";"CENTRO";"68997000";"-1";",71233734";"-51,41411779";1;"ATIVO";-1;"ATIVO";1;"ATIVO";1;"Ativo";"1";"Com acessibilidade";355;353;353;0;1139;"ESCOLA MUNICIPAL ACRE";"AVENIDA OITO DE AGOSTO"
"05/10/2026";"06:29:34";2026;"04/10/2026";"1º Turno";1;"AP";"06033";"CALÇOENE";1;58;1;"Principal";-1;1023;"ESCOLA ESTADUAL LOBO D ALMADA";1;"Convencional";"AV PADRE MARCOS, N. 727";"CENTRO";"68960000";"-1";"2,4928043";"-50,9508726";1;"ATIVO";-1;"ATIVO";1;"ATIVO";1;"Ativo";"0";"Sem acessibilidade";275;273;273;0;1023;"ESCOLA ESTADUAL LOBO D ALMADA";"AV PADRE MARCOS, N. 727"
"05/10/2026";"06:29:34";2026;"04/10/2026";"1º Turno";1;"AP";"06017";"AMAPÁ";1;76;1;"Principal";-1;1295;"ESCOLA ESTADUAL MARIA DO CÉU GONÇALVES DIAS";1;"Convencional";"AV GUARANY, S/N";"NOVA ESPERANCA";"68950000";"-1";"2,037045";"-50,7925807";1;"ATIVO";-1;"ATIVO";1;"ATIVO";1;"Ativo";"0";"Sem acessibilidade";272;267;267;0;1295;"ESCOLA ESTADUAL MARIA DO CÉU GONÇALVES DIAS";"AV GUARANY, S/N"
"05/10/2026";"06:29:34";2026;"04/10/2026";"1º Turno";1;"AP";"06122";"VITÓRIA DO JARI";7;141;2;"Agregada";140;1015;"ESCOLA ESTADUAL MUNGUBA DO JARI";1;"Convencional";"PASSARELA PRINCIPAL JOSÉ SEMEÃO DE SOUZA, N. 473";"PRAINHA";"68920000";"36221244";"-,9292493";"-52,4277488";5;"BLOQUEADO";-1;"ATIVO";1;"ATIVO";1;"Ativo";"0";"Sem acessibilidade";187;0;0;0;1015;"ESCOLA ESTADUAL MUNGUBA DO JARI";"PASSARELA PRINCIPAL JOSÉ SEMEÃO DE SOUZA, N. 473"
"05/10/2026";"06:29:34";2026;"04/10/2026";"1º Turno";1;"AP";"06050";"MACAPÁ";2;658;1;"Principal";-1;1791;"ESCOLA ESTADUAL IRINEU DA GAMA PAES";1;"Convencional";"AV RAIMUNDO CAXIAS DE SOUZA                      SN";"CONGOS";"68900000";"+5596981151638";",0090684";"-51,0934478";1;"ATIVO";-1;"ATIVO";1;"ATIVO";1;"Ativo";"0";"Sem acessibilidade";360;360;360;0;1791;"ESCOLA ESTADUAL IRINEU DA GAMA PAES";"AV RAIMUNDO CAXIAS DE SOUZA                      SN"
"05/10/2026";"06:29:34";2026;"04/10/2026";"1º Turno";1;"AP";"06130";"LARANJAL DO JARI";7;3;1;"Principal";-1;1023;"ESCOLA DE 1 GRAU AGUA BRANCA DO CAJARI";1;"Convencional";"VILA ÁGUA BRANCA DO CAJARI";"VILA AGUA BRANCA DO CAJARI";"68920000";"-1";"-,5502481";"-52,1816431";1;"ATIVO";-1;"ATIVO";1;"ATIVO";1;"Ativo";"0";"Sem acessibilidade";258;258;258;0;1023;"ESCOLA DE 1 GRAU AGUA BRANCA DO CAJARI";"VILA ÁGUA BRANCA DO CAJARI"
"05/10/2026";"06:29:34";2026;"04/10/2026";"1º Turno";1;"AP";"06092";"OIAPOQUE";4;57;1;"Principal";-1;1139;"EMEF PROFª ONÉDIA PAIS BENTES - ANEXO DA BR";1;"Convencional";"AVENIDA ESTEVAO HENRIQUE, 180 - FM";"INFRAEREO";"68980000";"-1";"3,83723251";"-51,81382603";1;"ATIVO";-1;"ATIVO";1;"ATIVO";1;"Ativo";"0";"Sem acessibilidade";285;287;287;0;1139;"EMEF PROFª ONÉDIA PAIS BENTES - ANEXO DA BR";"AVENIDA ESTEVAO HENRIQUE, 180 - FM"
"05/10/2026";"06:29:34";2026;"04/10/2026";"1º Turno";1;"AP";"06050";"MACAPÁ";10;420;1;"Principal";-1;1740;"ESCOLA ESTADUAL DOM JOSÉ MARITANO";1;"Convencional";"AV. ALEXANDRE FERREIRA DA SILVA, 2204";"NOVO HORIZONTE";"68900817";"-1";",0924881";"-51,0509332";1;"ATIVO";-1;"ATIVO";1;"ATIVO";1;"Ativo";"0";"Sem acessibilidade";239;238;238;0;1740;"ESCOLA ESTADUAL DOM JOSÉ MARITANO";"AV. ALEXANDRE FERREIRA DA SILVA, 2204"
"05/10/2026";"06:29:34";2026;"04/10/2026";"1º Turno";1;"AP";"06050";"MACAPÁ";14;112;1;"Principal";-1;1163;"EMEF MAESTRO MIGUEL ALVES DA SILVA";1;"Convencional";"RUA QUINTINO JUSTO DE ALMEIDA, 120";"PERPETUO SOCORRO";"68908629";"988037090";",0510239";"-51,0471448";1;"ATIVO";-1;"ATIVO";1;"ATIVO";1;"Ativo";"0";"Sem acessibilidade";346;345;345;0;1163;"EMEF MAESTRO MIGUEL ALVES DA SILVA";"RUA QUINTINO JUSTO DE ALMEIDA, 120"
"05/10/2026";"06:29:34";2026;"04/10/2026";"1º Turno";1;"AP";"06050";"MACAPÁ";10;347;1;"Principal";-1;1279;"ESCOLA ESTADUAL MARIA DO CARMO VIANA DOS ANJOS";1;"Convencional";"RUA FRANCISCO ALVES CORRÊA, 30, JARDIM FELICIDADE II";"JARDIM FELICIDADE II";"68900000";"991296548";",0968478";"-51,056575";1;"ATIVO";-1;"ATIVO";1;"ATIVO";1;"Ativo";"1";"Com acessibilidade";350;349;349;0;1279;"ESCOLA ESTADUAL MARIA DO CARMO VIANA DOS ANJOS";"RUA FRANCISCO ALVES CORRÊA, 30, JARDIM FELICIDADE II"
"05/10/2026";"06:29:34";2026;"04/10/2026";"1º Turno";1;"AP";"06050";"MACAPÁ";2;780;1;"Principal";-1;1899;"UNIVERSIDADE FEDERAL DO AMAPA - UNIFAP";1;"Convencional";"ROD. JOSMAR CHAVES PINTO, KM 02   JARDIM MARCO ZERO";"UNIVERSIDADE";"68903419";"+5596981159919";"-,0065359";"-51,0845096";1;"ATIVO";-1;"ATIVO";1;"ATIVO";1;"Ativo";"0";"Sem acessibilidade";380;375;375;0;1899;"UNIVERSIDADE FEDERAL DO AMAPA - UNIFAP";"ROD. JOSMAR CHAVES PINTO, KM 02   JARDIM MARCO ZERO"
"05/10/2026";"06:29:34";2026;"04/10/2026";"1º Turno";1;"AP";"06092";"OIAPOQUE";4;61;1;"Principal";-1;1180;"ESCOLA MUNICIPAL PROFESSOR RUI MARQUES LOBO";1;"Convencional";"AVENIDA BARÃO DO RIO BRANCO, 960";"PLANALTO";"68980000";"-1";"3,83855395";"-51,83210956";1;"ATIVO";-1;"ATIVO";1;"ATIVO";1;"Ativo";"0";"Sem acessibilidade";279;277;277;0;1180;"ESCOLA MUNICIPAL PROFESSOR RUI MARQUES LOBO";"AVENIDA BARÃO DO RIO BRANCO, 960"
"05/10/2026";"06:29:34";2026;"04/10/2026";"1º Turno";1;"AP";"06122";"VITÓRIA DO JARI";7;146;1;"Principal";-1;1023;"ESCOLA ESTADUAL JARILÂNDIA";1;"Convencional";"VILA DE JARILÂNDIA, N. 1222";"VILA DE SAO JOAO DO CAJARI";"68920000";"36229000";"-1,1240376";"-51,9947213";1;"ATIVO";-1;"ATIVO";1;"ATIVO";1;"Ativo";"0";"Sem acessibilidade";253;251;251;0;1023;"ESCOLA ESTADUAL JARILÂNDIA";"VILA DE JARILÂNDIA, N. 1222"
"05/10/2026";"06:29:34";2026;"04/10/2026";"1º Turno";1;"AP";"06050";"MACAPÁ";2;762;1;"Principal";-1;1899;"UNIVERSIDADE FEDERAL DO AMAPA - UNIFAP";1;"Convencional";"ROD. JOSMAR CHAVES PINTO, KM 02   JARDIM MARCO ZERO";"UNIVERSIDADE";"68903419";"+5596981159919";"-,0065359";"-51,0845096";1;"ATIVO";-1;"ATIVO";1;"ATIVO";1;"Ativo";"0";"Sem acessibilidade";378;374;374;0;1899;"UNIVERSIDADE FEDERAL DO AMAPA - UNIFAP";"ROD. JOSMAR CHAVES PINTO, KM 02   JARDIM MARCO ZERO"
"05/10/2026";"06:29:34";2026;"04/10/2026";"1º Turno";1;"AP";"06050";"MACAPÁ";2;101;1;"Principal";-1;1163;"ESCOLA MUNICIPAL DE ENSINO FUNDAMENTAL RORAIMA";1;"Convencional";"RUA HILDEMAR MAIA ,   2549";"BURITIZAL";"68902870";"000000000";",0239286";"-51,0709472";1;"ATIVO";-1;"ATIVO";1;"ATIVO";1;"Ativo";"0";"Sem acessibilidade";189;380;380;0;1163;"ESCOLA MUNICIPAL DE ENSINO FUNDAMENTAL RORAIMA";"RUA HILDEMAR MAIA ,   2549"
"05/10/2026";"06:29:34";2026;"04/10/2026";"1º Turno";1;"AP";"06092";"OIAPOQUE";4;60;1;"Principal";-1;1120;"CAMPUS UNIVERSITÁRIO BINACIONAL - UNIFAP";1;"Convencional";"BR 156 - KM 01";"UNIVERSIDADE";"68980000";"-1";"3,83941796";"-51,81908173";1;"ATIVO";-1;"ATIVO";1;"ATIVO";1;"Ativo";"0";"Sem acessibilidade";278;273;273;0;1120;"CAMPUS UNIVERSITÁRIO BINACIONAL - UNIFAP";"BR 156 - KM 01"
"05/10/2026";"06:29:34";2026;"04/10/2026";"1º Turno";1;"AP";"06092";"OIAPOQUE";4;45;1;"Principal";-1;1104;"ESCOLA DE PRIMEIRO GRAU SANTA ISABEL";1;"Convencional";"ALDEIA SANTA ISABEL";"ALDEIA SANTA IZABEL";"68980000";"-1";"3,7630087";"-51,59497469";1;"ATIVO";-1;"ATIVO";1;"ATIVO";1;"Ativo";"0";"Sem acessibilidade";247;247;247;0;1104;"ESCOLA DE PRIMEIRO GRAU SANTA ISABEL";"ALDEIA SANTA ISABEL"
"05/10/2026";"06:29:34";2026;"04/10/2026";"1º Turno";1;"AP";"06050";"MACAPÁ";10;272;1;"Principal";-1;1376;"ESCOLA ESTADUAL MARIA NEUZA DO CARMO";1;"Convencional";"RUA MILTON DE SOUZA CORREA , 500";"JARDIM FELICIDADE I";"68909068";"96991634333";",0837865";"-51,0656668";1;"ATIVO";-1;"ATIVO";1;"ATIVO";1;"Ativo";"0";"Sem acessibilidade";385;383;383;0;1376;"ESCOLA ESTADUAL MARIA NEUZA DO CARMO";"RUA MILTON DE SOUZA CORREA , 500"
"05/10/2026";"06:29:34";2026;"04/10/2026";"1º Turno";1;"AP";"06050";"MACAPÁ";10;388;1;"Principal";-1;1724;"ESCOLA ESTADUAL PROFESSOR ANTONIO MUNHOZ LOPES";1;"Convencional";"CONJUNTO HABITACIONAL MACAPABA";"MACAPABA";"68900000";"-1";",086194";"-51,0949749";1;"ATIVO";-1;"ATIVO";1;"ATIVO";1;"Ativo";"0";"Sem acessibilidade";384;382;382;0;1724;"ESCOLA ESTADUAL PROFESSOR ANTONIO MUNHOZ LOPES";"CONJUNTO HABITACIONAL MACAPABA"
"05/10/2026";"06:29:34";2026;"04/10/2026";"1º Turno";1;"AP";"06050";"MACAPÁ";2;330;1;"Principal";-1;1996;"ESCOLA ESTADUAL PROFº ROBERTO JOSE MORAIS DE CASTRO";1;"Convencional";"RUA JOVINO DINOA, 152";"BEIROL";"68908110";"-1";",0181997";"-51,0612885";1;"ATIVO";-1;"ATIVO";1;"ATIVO";1;"Ativo";"0";"Sem acessibilidade";320;318;318;0;1996;"ESCOLA ESTADUAL PROFº ROBERTO JOSE MORAIS DE CASTRO";"RUA JOVINO DINOA, 152"
"05/10/2026";"06:29:34";2026;"04/10/2026";"1º Turno";1;"AP";"06068";"CUTIAS";10;149;1;"Principal";-1;1015;"ESCOLA ESTADUAL LOURIMAR SIMÕES PAES";1;"Convencional";"RUA LÉO VIRGÍLIO TOLOSA, 624";"CENTRO";"68973000";"-1";",9696012";"-50,7978857";1;"ATIVO";-1;"ATIVO";1;"ATIVO";1;"Ativo";"0";"Sem acessibilidade";298;298;298;0;1015;"ESCOLA ESTADUAL LOURIMAR SIMÕES PAES";"RUA LÉO VIRGÍLIO TOLOSA, 624"
"05/10/2026";"06:29:34";2026;"04/10/2026";"1º Turno";1;"AP";"06050";"MACAPÁ";10;130;1;"Principal";-1;2097;"LOCAL 2 PRÉDIO ANEXO DA ESCOLA JARDIM FELICIDADE";4;"Temporário";"TRAVESSA DO HORTO, 1621 (PRÓXIMO AO HORTO MUNICIPAL)";"JARDIM FELICIDADE I";"68909818";"991634333";"-1";"-1";1;"ATIVO";-1;"ATIVO";1;"ATIVO";1;"Ativo";"0";"Sem acessibilidade";341;338;338;0;1198;"ESCOLA MUNICIPAL JARDIM FELICIDADE";"RUA VEREADOR JULIO MARIA PINTO PEREIRA 629"
"05/10/2026";"06:29:34";2026;"04/10/2026";"1º Turno";1;"AP";"06157";"SANTANA";6;116;1;"Principal";-1;1155;"E.E. PROF. FRANCISCO WALCY LOBATO LIMA";1;"Convencional";"AV. MARIA COLARES, 1940";"NOVA BRASÍLIA I";"68927299";"3283 2601";"-,0365765";"-51,1660317";1;"ATIVO";-1;"ATIVO";1;"ATIVO";1;"Ativo";"0";"Sem acessibilidade";308;309;309;0;1155;"E.E. PROF. FRANCISCO WALCY LOBATO LIMA";"AV. MARIA COLARES, 1940"
"05/10/2026";"06:29:34";2026;"04/10/2026";"1º Turno";1;"AP";"06157";"SANTANA";6;181;1;"Principal";-1;1287;"E.E. RODOVAL BORGES SILVA";1;"Convencional";"TRAVESSA L-8, 05";"FONTE NOVA";"68925000";"3283 1213";"-,01659399";"-51,17809187";1;"ATIVO";-1;"ATIVO";1;"ATIVO";1;"Ativo";"0";"Sem acessibilidade";365;365;365;0;1287;"E.E. RODOVAL BORGES SILVA";"TRAVESSA L-8, 05"
"05/10/2026";"06:29:34";2026;"04/10/2026";"1º Turno";1;"AP";"06050";"MACAPÁ";10;395;1;"Principal";-1;1511;"ESCOLA MUNICIPAL PROFESSORA RAIMUNDA DA SILVA VIRGOLINO";1;"Convencional";"RUA FERNANDO ALVES DE OLIVEIRA, 3091";"NOVO HORIZONTE";"68909806";"991169657";",0989525";"-51,0463256";1;"ATIVO";-1;"ATIVO";1;"ATIVO";1;"Ativo";"0";"Sem acessibilidade";332;331;331;0;1511;"ESCOLA MUNICIPAL PROFESSORA RAIMUNDA DA SILVA VIRGOLINO";"RUA FERNANDO ALVES DE OLIVEIRA, 3091"
"05/10/2026";"06:29:34";2026;"04/10/2026";"1º Turno";1;"AP";"06050";"MACAPÁ";10;436;1;"Principal";-1;1783;"CARTÓRIO ELEITORAL DA 10ª ZONA";2;"Voto em trânsito";"RUA DA CIDADANIA, S/N, INFRAERO 2";"INFRAERO II";"68900000";"31987668";"-1";"-1";1;"ATIVO";-1;"ATIVO";1;"ATIVO";1;"Ativo";"1";"Com acessibilidade";0;288;110;0;1783;"CARTÓRIO ELEITORAL DA 10ª ZONA";"RUA DA CIDADANIA, S/N, INFRAERO 2"
"05/10/2026";"06:29:34";2026;"04/10/2026";"1º Turno";1;"AP";"06050";"MACAPÁ";2;536;1;"Principal";-1;1791;"ESCOLA ESTADUAL IRINEU DA GAMA PAES";1;"Convencional";"AV RAIMUNDO CAXIAS DE SOUZA                      SN";"CONGOS";"68900000";"+5596981151638";",0090684";"-51,0934478";1;"ATIVO";-1;"ATIVO";1;"ATIVO";1;"Ativo";"1";"Com acessibilidade";364;361;361;0;1791;"ESCOLA ESTADUAL IRINEU DA GAMA PAES";"AV RAIMUNDO CAXIAS DE SOUZA                      SN"
"05/10/2026";"06:29:34";2026;"04/10/2026";"1º Turno";1;"AP";"06157";"SANTANA";6;102;1;"Principal";-1;1457;"IFAP INSTITUTO FEDERAL DO AMAPA";1;"Convencional";"RODOVIA DUCA SERRA 1133";"FONTE NOVA";"68928084";"-1";"-,02058645";"-51,18061816";1;"ATIVO";-1;"ATIVO";1;"ATIVO";1;"Ativo";"0";"Sem acessibilidade";307;306;306;0;1457;"IFAP INSTITUTO FEDERAL DO AMAPA";"RODOVIA DUCA SERRA 1133"
"05/10/2026";"06:29:34";2026;"04/10/2026";"1º Turno";1;"AP";"06076";"MAZAGÃO";5;106;1;"Principal";-1;1384;"ESCOLA MUNICIPAL PROF. OTAVIO CALDEIRA AFONSO";1;"Convencional";"TRAVESSA 3, S/N";"UNIAO";"68940000";"-1";"-,11492606";"-51,29468746";1;"ATIVO";-1;"ATIVO";1;"ATIVO";1;"Ativo";"0";"Sem acessibilidade";224;224;224;0;1384;"ESCOLA MUNICIPAL PROF. OTAVIO CALDEIRA AFONSO";"TRAVESSA 3, S/N"
"05/10/2026";"06:29:34";2026;"04/10/2026";"1º Turno";1;"AP";"06050";"MACAPÁ";2;798;1;"Principal";-1;1163;"ESCOLA MUNICIPAL DE ENSINO FUNDAMENTAL RORAIMA";1;"Convencional";"RUA HILDEMAR MAIA ,   2549";"BURITIZAL";"68902870";"000000000";",0239286";"-51,0709472";1;"ATIVO";-1;"ATIVO";1;"ATIVO";1;"Ativo";"0";"Sem acessibilidade";213;214;214;0;2224;"ESCOLA MUNICIPAL DE ENSINO FUNDAMENTAL EUNICE PICANÇO";"RUA CLAUDOMIRO DE MORAES - 3015"
"05/10/2026";"06:29:34";2026;"04/10/2026";"1º Turno";1;"AP";"06050";"MACAPÁ";10;372;1;"Principal";-1;1392;"ESCOLA ESTADUAL RAIMUNDA DOS PASSOS SANTOS";1;"Convencional";"AV. LOURENCO ARAUJO DE SÁ, 2162, NOVO HORIZONTE";"NOVO HORIZONTE";"68909829";"991549564";",0956351";"-51,0497879";1;"ATIVO";-1;"ATIVO";1;"ATIVO";1;"Ativo";"0";"Sem acessibilidade";384;384;384;0;1392;"ESCOLA ESTADUAL RAIMUNDA DOS PASSOS SANTOS";"AV. LOURENCO ARAUJO DE SÁ, 2162, NOVO HORIZONTE"
"05/10/2026";"06:29:34";2026;"04/10/2026";"1º Turno";1;"AP";"06050";"MACAPÁ";14;29;1;"Principal";-1;1066;"E. E. SANTUÁRIO PERPÉTUO SOCORRO";1;"Convencional";"AV. JOSÉ TUPINAMBÁ  113,  PERPÉTUO SOCORRO";"PERPETUO SOCORRO";"68900000";"991005782";",0461677";"-51,0495477";1;"ATIVO";-1;"ATIVO";1;"ATIVO";1;"Ativo";"0";"Sem acessibilidade";342;342;342;0;1066;"E. E. SANTUÁRIO PERPÉTUO SOCORRO";"AV. JOSÉ TUPINAMBÁ  113,  PERPÉTUO SOCORRO"
"05/10/2026";"06:29:34";2026;"04/10/2026";"1º Turno";1;"AP";"06157";"SANTANA";6;262;1;"Principal";-1;1031;"E.E. FRANCISCO DE OLIVEIRA FILHO (ANAUERAPUCU)";1;"Convencional";"RODOVIA MACAPÁ / MAZAGÃO, S/N";"ANAUERAPUCU";"68925000";"+559632819103";"-,0681603";"-51,2580235";1;"ATIVO";-1;"ATIVO";1;"ATIVO";1;"Ativo";"0";"Sem acessibilidade";339;339;339;0;1031;"E.E. FRANCISCO DE OLIVEIRA FILHO (ANAUERAPUCU)";"RODOVIA MACAPÁ / MAZAGÃO, S/N"
"05/10/2026";"06:29:34";2026;"04/10/2026";"1º Turno";1;"AP";"06084";"PEDRA BRANCA DO AMAPARI";11;42;2;"Agregada";24;1040;"ESCOLA MUNICIPAL DO TUCANO II";1;"Convencional";"RODOVIA PERIMETRAL NORTE S/N";"COMUNIDADE TUCANO II";"68945000";"-1";"1,09650251";"-52,45684147";1;"ATIVO";-1;"ATIVO";1;"ATIVO";1;"Ativo";"0";"Sem acessibilidade";214;0;0;0;1040;"ESCOLA MUNICIPAL DO TUCANO II";"RODOVIA PERIMETRAL NORTE S/N"
"05/10/2026";"06:29:34";2026;"04/10/2026";"1º Turno";1;"AP";"06122";"VITÓRIA DO JARI";7;139;2;"Agregada";138;1015;"ESCOLA ESTADUAL MUNGUBA DO JARI";1;"Convencional";"PASSARELA PRINCIPAL JOSÉ SEMEÃO DE SOUZA, N. 473";"PRAINHA";"68920000";"36221244";"-,9292493";"-52,4277488";5;"BLOQUEADO";-1;"ATIVO";1;"ATIVO";1;"Ativo";"0";"Sem acessibilidade";182;0;0;0;1015;"ESCOLA ESTADUAL MUNGUBA DO JARI";"PASSARELA PRINCIPAL JOSÉ SEMEÃO DE SOUZA, N. 473"
"05/10/2026";"06:29:34";2026;"04/10/2026";"1º Turno";1;"AP";"06050";"MACAPÁ";14;102;1;"Principal";-1;1155;"EMEF EUNICE DAS CHAGAS FERNANDES SOUZA";1;"Convencional";"RUA GUANABARA - 372";"PACOVAL";"68900000";"-1";",0558461";"-51,0543723";1;"ATIVO";-1;"ATIVO";1;"ATIVO";1;"Ativo";"0";"Sem acessibilidade";258;257;257;0;1155;"EMEF EUNICE DAS CHAGAS FERNANDES SOUZA";"RUA GUANABARA - 372"
"05/10/2026";"06:29:34";2026;"04/10/2026";"1º Turno";1;"AP";"06033";"CALÇOENE";1;52;1;"Principal";-1;1015;"ESCOLA ESTADUAL PROFº. SILVIO ELITO DE LIMA SANTOS";1;"Convencional";"AV MANOEL SARMENTO, N. 0266";"CENTRO";"68960000";"34231500";"2,4976326";"-50,9572776";1;"ATIVO";-1;"ATIVO";1;"ATIVO";1;"Ativo";"0";"Sem acessibilidade";324;324;324;0;1015;"ESCOLA ESTADUAL PROFº. SILVIO ELITO DE LIMA SANTOS";"AV MANOEL SARMENTO, N. 0266"
"05/10/2026";"06:29:34";2026;"04/10/2026";"1º Turno";1;"AP";"06050";"MACAPÁ";10;251;1;"Principal";-1;1520;"ESCOLA ESTADUAL PROFESSOR ANTONIO FERREIRA DE LIMA NETO";1;"Convencional";"AV. FRANCISCO FELIPPE DE MIRANDA  NERY - 2336";"LOTEAMENTO BURITIS";"68908805";"+5596991423491";",0713059";"-51,0898494";1;"ATIVO";-1;"ATIVO";1;"ATIVO";1;"Ativo";"0";"Sem acessibilidade";393;390;390;0;1520;"ESCOLA ESTADUAL PROFESSOR ANTONIO FERREIRA DE LIMA NETO";"AV. FRANCISCO FELIPPE DE MIRANDA  NERY - 2336"
"05/10/2026";"06:29:34";2026;"04/10/2026";"1º Turno";1;"AP";"06050";"MACAPÁ";14;376;1;"Principal";-1;1546;"UNIVERSIDADE DO ESTADO DO AMAPÁ - UEAP";1;"Convencional";"AV PRESIDENTE VARGAS,650";"CENTRO";"68900070";"+5596991119207";",0383042";"-51,0555888";1;"ATIVO";-1;"ATIVO";1;"ATIVO";1;"Ativo";"0";"Sem acessibilidade";199;194;194;0;1546;"UNIVERSIDADE DO ESTADO DO AMAPÁ - UEAP";"AV PRESIDENTE VARGAS,650"
"05/10/2026";"06:29:34";2026;"04/10/2026";"1º Turno";1;"AP";"06157";"SANTANA";6;53;1;"Principal";-1;1210;"E.E. IGARAPE DA FORTALEZA";1;"Convencional";"RUA RIO MATAPI, 121";"IGARAPÉ DA FORTALEZA";"68925000";"3283 2250";"-,0473052";"-51,1450026";1;"ATIVO";-1;"ATIVO";1;"ATIVO";1;"Ativo";"0";"Sem acessibilidade";301;302;302;0;1104;"E.P.G. PIAUI";"RUA CRISTO REI, 01"
"05/10/2026";"06:29:34";2026;"04/10/2026";"1º Turno";1;"AP";"06050";"MACAPÁ";2;423;1;"Principal";-1;2151;"ESCOLA ESTADUAL RAIMUNDA VIRGOLINO";1;"Convencional";"RUA VILA DOS OLIVEIRAS, 837";"PEDRINHAS";"68903095";"32125268";",00756662";"-51,06437555";1;"ATIVO";-1;"ATIVO";1;"ATIVO";1;"Ativo";"0";"Sem acessibilidade";216;216;216;0;2151;"ESCOLA ESTADUAL RAIMUNDA VIRGOLINO";"RUA VILA DOS OLIVEIRAS, 837"
"05/10/2026";"06:29:34";2026;"04/10/2026";"1º Turno";1;"AP";"06050";"MACAPÁ";14;109;1;"Principal";-1;1155;"EMEF EUNICE DAS CHAGAS FERNANDES SOUZA";1;"Convencional";"RUA GUANABARA - 372";"PACOVAL";"68900000";"-1";",0558461";"-51,0543723";1;"ATIVO";-1;"ATIVO";1;"ATIVO";1;"Ativo";"1";"Com acessibilidade";254;254;254;0;1155;"EMEF EUNICE DAS CHAGAS FERNANDES SOUZA";"RUA GUANABARA - 372"
"05/10/2026";"06:29:34";2026;"04/10/2026";"1º Turno";1;"AP";"06050";"MACAPÁ";2;90;1;"Principal";-1;1155;"ESCOLA ESTADUAL PROFº ZOLITO DE JESUS NUNES";1;"Convencional";"RUA LEOPOLDO MACHADO                            160 - BEIROL";"BEIROL";"68902020";"+5596991150828";",0179869";"-51,0631282";1;"ATIVO";-1;"ATIVO";1;"ATIVO";1;"Ativo";"0";"Sem acessibilidade";364;364;364;0;1155;"ESCOLA ESTADUAL PROFº ZOLITO DE JESUS NUNES";"RUA LEOPOLDO MACHADO                            160 - BEIROL"
"05/10/2026";"06:29:34";2026;"04/10/2026";"1º Turno";1;"AP";"06050";"MACAPÁ";10;399;1;"Principal";-1;1317;"ESCOLA ESTADUAL PROFESSORA ESTHER DA SILVA VIRGOLINO";1;"Convencional";"RUA JOSE AURINO BORGES, 924";"SAO LAZARO";"68909806";"00000";",0989435";"-51,0463416";1;"ATIVO";-1;"ATIVO";1;"ATIVO";1;"Ativo";"0";"Sem acessibilidade";338;338;338;0;1317;"ESCOLA ESTADUAL PROFESSORA ESTHER DA SILVA VIRGOLINO";"RUA JOSE AURINO BORGES, 924"
"05/10/2026";"06:29:34";2026;"04/10/2026";"1º Turno";1;"AP";"06157";"SANTANA";6;240;1;"Principal";-1;1120;"E.P.G. PADRE ANGELO BIRACHI";1;"Convencional";"RUA GENERAL EMILIO GARRASTAZU MEDICI, 796";"PARAÍSO";"68925000";"3281 4963";"-,03016454";"-51,17457792";1;"ATIVO";-1;"ATIVO";1;"ATIVO";1;"Ativo";"0";"Sem acessibilidade";215;210;210;0;1414;"ESCOLA MUNICIPAL BASICA PARAISO DA CIDADANIA - BIRAGUINHO";"RUA JK, 690"
"05/10/2026";"06:29:34";2026;"04/10/2026";"1º Turno";1;"AP";"06050";"MACAPÁ";10;63;1;"Principal";-1;1074;"ESCOLA ESTADUAL PROFESSORA RUTH DE ALMEIDA BEZERRA";1;"Convencional";"RUA ADILSON JOSÉ PINTO PEREIRA 109";"SAO LAZARO";"68908571";"991283485";",0670284";"-51,057224";1;"ATIVO";-1;"ATIVO";1;"ATIVO";1;"Ativo";"0";"Sem acessibilidade";350;348;348;0;1074;"ESCOLA ESTADUAL PROFESSORA RUTH DE ALMEIDA BEZERRA";"RUA ADILSON JOSÉ PINTO PEREIRA 109"
"05/10/2026";"06:29:34";2026;"04/10/2026";"1º Turno";1;"AP";"06025";"PORTO GRANDE";12;16;1;"Principal";-1;1023;"ESC. EST. MATAPI II";1;"Convencional";"COLONIA AGRICOLA DO MATAPI, 1055 - LINHA A";"MATAPI";"68997000";"-1";",60574308";"-51,42921777";1;"ATIVO";-1;"ATIVO";1;"ATIVO";1;"Ativo";"1";"Com acessibilidade";307;306;306;0;1023;"ESC. EST. MATAPI II";"COLONIA AGRICOLA DO MATAPI, 1055 - LINHA A"
"05/10/2026";"06:29:34";2026;"04/10/2026";"1º Turno";1;"AP";"06025";"PORTO GRANDE";12;29;1;"Principal";-1;1023;"ESC. EST. MATAPI II";1;"Convencional";"COLONIA AGRICOLA DO MATAPI, 1055 - LINHA A";"MATAPI";"68997000";"-1";",60574308";"-51,42921777";1;"ATIVO";-1;"ATIVO";1;"ATIVO";1;"Ativo";"1";"Com acessibilidade";307;307;307;0;1023;"ESC. EST. MATAPI II";"COLONIA AGRICOLA DO MATAPI, 1055 - LINHA A"
"05/10/2026";"06:29:34";2026;"04/10/2026";"1º Turno";1;"AP";"06076";"MAZAGÃO";5;89;1;"Principal";-1;1228;"ESCOLA ESTADUAL DOM PEDRO I";1;"Convencional";"AV INTENDENTE ALFREDO PINTO, 1205";"CENTRO";"68930000";"-1";"-,11608132";"-51,28560926";1;"ATIVO";-1;"ATIVO";1;"ATIVO";1;"Ativo";"0";"Sem acessibilidade";230;230;230;0;1228;"ESCOLA ESTADUAL DOM PEDRO I";"AV INTENDENTE ALFREDO PINTO, 1205"
"05/10/2026";"06:29:34";2026;"04/10/2026";"1º Turno";1;"AP";"06050";"MACAPÁ";14;82;1;"Principal";-1;1139;"EEEF MARIA IVONE DE MENEZES";1;"Convencional";"RUA ANTONIO PELAES DE SOUZA 1320";"PERPETUO SOCORRO";"68900000";"-1";",0526608";"-51,0423583";5;"BLOQUEADO";-1;"ATIVO";1;"ATIVO";1;"Ativo";"0";"Sem acessibilidade";391;391;391;0;1139;"EEEF MARIA IVONE DE MENEZES";"RUA ANTONIO PELAES DE SOUZA 1320"
"05/10/2026";"06:29:34";2026;"04/10/2026";"1º Turno";1;"AP";"06050";"MACAPÁ";14;143;1;"Principal";-1;1201;"EPG JESUS DE NAZARÉ";1;"Convencional";"AV PRINCESA IZABEL, 255";"JESUS DE NAZARE";"68900000";"-1";",0452543";"-51,0639409";1;"ATIVO";-1;"ATIVO";1;"ATIVO";1;"Ativo";"0";"Sem acessibilidade";344;344;344;0;1201;"EPG JESUS DE NAZARÉ";"AV PRINCESA IZABEL, 255"
"05/10/2026";"06:29:34";2026;"04/10/2026";"1º Turno";1;"AP";"06050";"MACAPÁ";10;220;1;"Principal";-1;1406;"ESCOLA ESTADUAL PROFESSORA ODETE ALMEIDA LOPES";1;"Convencional";"AV. RAIMUNDO REINALDO GUEDES FIGUEIRA, 151";"SAO LAZARO";"68900000";"-1";",0763855";"-51,0567027";1;"ATIVO";-1;"ATIVO";1;"ATIVO";1;"Ativo";"0";"Sem acessibilidade";334;333;333;0;1406;"ESCOLA ESTADUAL PROFESSORA ODETE ALMEIDA LOPES";"AV. RAIMUNDO REINALDO GUEDES FIGUEIRA, 151"
"05/10/2026";"06:29:34";2026;"04/10/2026";"1º Turno";1;"AP";"06050";"MACAPÁ";14;198;1;"Principal";-1;1309;"ESCOLA ESTADUAL GUANABARA";1;"Convencional";"RUA ELIEZER LEVI, 1601";"CENTRO";"68900000";"+5596999339417";",0375666";"-51,0561729";1;"ATIVO";-1;"ATIVO";1;"ATIVO";1;"Ativo";"0";"Sem acessibilidade";215;217;217;0;1309;"ESCOLA ESTADUAL GUANABARA";"RUA ELIEZER LEVI, 1601"
"05/10/2026";"06:29:34";2026;"04/10/2026";"1º Turno";1;"AP";"06084";"PEDRA BRANCA DO AMAPARI";11;23;1;"Principal";-1;1015;"ESCOLA ESTADUAL MARIA HELENA CORDEIRO";1;"Convencional";"RUA DA PAZ, 527 - CENTRAL - PEDRA BRANCA DO AMAPARI";"CENTRO";"68945000";"-1";"-1";"-1";1;"ATIVO";-1;"ATIVO";1;"ATIVO";1;"Ativo";"0";"Sem acessibilidade";347;346;346;0;1015;"ESCOLA ESTADUAL MARIA HELENA CORDEIRO";"RUA DA PAZ, 527 - CENTRAL - PEDRA BRANCA DO AMAPARI"
"05/10/2026";"06:29:34";2026;"04/10/2026";"1º Turno";1;"AP";"06157";"SANTANA";6;203;1;"Principal";-1;1015;"E.P.G. ELIZABETH PICANCO ESTEVES";1;"Convencional";"AV. DAS NAÇÕES, 678";"HOSPITALIDADE";"68925000";"3283 2827";"-,0466519";"-51,172363";1;"ATIVO";-1;"ATIVO";1;"ATIVO";1;"Ativo";"0";"Sem acessibilidade";373;369;369;0;1015;"E.P.G. ELIZABETH PICANCO ESTEVES";"AV. DAS NAÇÕES, 678"
"05/10/2026";"06:29:34";2026;"04/10/2026";"1º Turno";1;"AP";"06130";"LARANJAL DO JARI";7;44;1;"Principal";-1;1090;"ESCOLA MUNICIPAL RAIMUNDA RODRIGUES CAPIBERIBE";1;"Convencional";"AVENIDA TANCREDO NEVES, N. 901";"AGRESTE";"68920000";"36211667";"-,8405685";"-52,5200531";1;"ATIVO";-1;"ATIVO";1;"ATIVO";1;"Ativo";"0";"Sem acessibilidade";197;391;391;0;1090;"ESCOLA MUNICIPAL RAIMUNDA RODRIGUES CAPIBERIBE";"AVENIDA TANCREDO NEVES, N. 901"
"05/10/2026";"06:29:34";2026;"04/10/2026";"1º Turno";1;"AP";"06130";"LARANJAL DO JARI";7;83;1;"Principal";-1;1155;"ESCOLA MUNICIPAL PROF. TEREZA TELES";1;"Convencional";"RUA FLORIANO PEIXOTO, N. 1024";"AGRESTE";"68920000";"96991318047";"-,8391003";"-52,5207507";1;"ATIVO";-1;"ATIVO";1;"ATIVO";1;"Ativo";"0";"Sem acessibilidade";179;179;179;0;1155;"ESCOLA MUNICIPAL PROF. TEREZA TELES";"RUA FLORIANO PEIXOTO, N. 1024"
"05/10/2026";"06:29:34";2026;"04/10/2026";"1º Turno";1;"AP";"06050";"MACAPÁ";2;564;1;"Principal";-1;2453;"ESCOLA MUNICIPAL DE ENSINO FUNDAMENTAL CAETANO DIAS TOMAZ";1;"Convencional";"RUA DO MATADOURO, 112";"DISTRITO DE FAZENDINHA";"68911012";"+5596999083324";"-,0463079";"-51,1164641";1;"ATIVO";-1;"ATIVO";1;"ATIVO";1;"Ativo";"1";"Com acessibilidade";307;305;305;0;2143;"ESCOLA MUNICIPAL CACILDA FERREIRA VASCONCELOS";"ROD. SALVADOR DINI, 192"
"05/10/2026";"06:29:34";2026;"04/10/2026";"1º Turno";1;"AP";"06092";"OIAPOQUE";4;3;1;"Principal";-1;1015;"ESCOLA DE PRIMEIRO GRAU JOAQUIM CAETANO DA SILVA";1;"Convencional";"AVENIDA JOAQUIM CAETANO DA SILVA";"CENTRO";"00000000";"-1";"3,84761965";"-51,83541966";1;"ATIVO";-1;"ATIVO";1;"ATIVO";1;"Ativo";"0";"Sem acessibilidade";277;277;277;0;1015;"ESCOLA DE PRIMEIRO GRAU JOAQUIM CAETANO DA SILVA";"AVENIDA JOAQUIM CAETANO DA SILVA"
"05/10/2026";"06:29:34";2026;"04/10/2026";"1º Turno";1;"AP";"06130";"LARANJAL DO JARI";7;177;1;"Principal";-1;1309;"ESCOLA MUNICIPAL MUNDO ENCANTADO";1;"Convencional";"AV. SÃO JOSÉ 933";"AGRESTE";"68920000";"+5596991996240";"-,8400581";"-52,5211135";1;"ATIVO";-1;"ATIVO";1;"ATIVO";1;"Ativo";"0";"Sem acessibilidade";322;320;320;0;1309;"ESCOLA MUNICIPAL MUNDO ENCANTADO";"AV. SÃO JOSÉ 933"
"05/10/2026";"06:29:34";2026;"04/10/2026";"1º Turno";1;"AP";"06050";"MACAPÁ";10;318;1;"Principal";-1;1660;"ESCOLA ESTADUAL DE TEMPO INTEGRAL PROFESSOR. DARCY RIBEIRO";1;"Convencional";"AV. JOSÉ FERREIRA CHUCRE, 2420";"NOVO HORIZONTE";"68909826";"-1";",0873907";"-51,0406523";1;"ATIVO";-1;"ATIVO";1;"ATIVO";1;"Ativo";"0";"Sem acessibilidade";367;368;368;0;1660;"ESCOLA ESTADUAL DE TEMPO INTEGRAL PROFESSOR. DARCY RIBEIRO";"AV. JOSÉ FERREIRA CHUCRE, 2420"
"05/10/2026";"06:29:34";2026;"04/10/2026";"1º Turno";1;"AP";"06050";"MACAPÁ";10;427;1;"Principal";-1;1678;"ESCOLA ESTADUAL RISALVA FREITAS DO AMARAL";1;"Convencional";"AV CECILIA VICENTE DA PAIXÃO, S/N";"PANTANAL";"68907311";"-1";",0710676";"-51,046337";1;"ATIVO";-1;"ATIVO";1;"ATIVO";1;"Ativo";"0";"Sem acessibilidade";385;385;385;0;1678;"ESCOLA ESTADUAL RISALVA FREITAS DO AMARAL";"AV CECILIA VICENTE DA PAIXÃO, S/N"
"05/10/2026";"06:29:34";2026;"04/10/2026";"1º Turno";1;"AP";"06130";"LARANJAL DO JARI";7;126;1;"Principal";-1;1155;"ESCOLA MUNICIPAL PROF. TEREZA TELES";1;"Convencional";"RUA FLORIANO PEIXOTO, N. 1024";"AGRESTE";"68920000";"96991318047";"-,8391003";"-52,5207507";1;"ATIVO";-1;"ATIVO";1;"ATIVO";1;"Ativo";"0";"Sem acessibilidade";195;193;193;0;1155;"ESCOLA MUNICIPAL PROF. TEREZA TELES";"RUA FLORIANO PEIXOTO, N. 1024"
"05/10/2026";"06:29:34";2026;"04/10/2026";"1º Turno";1;"AP";"06076";"MAZAGÃO";5;36;1;"Principal";-1;1422;"ESCOLA MUNICIPAL AMELIA DO NASCIMENTO RODRIGUES";1;"Convencional";"TRAVESSA DA OLARIA, S/N";"OLARIA";"68940000";"-1";"-1";"-1";1;"ATIVO";-1;"ATIVO";1;"ATIVO";1;"Ativo";"0";"Sem acessibilidade";237;237;237;0;1422;"ESCOLA MUNICIPAL AMELIA DO NASCIMENTO RODRIGUES";"TRAVESSA DA OLARIA, S/N"
"05/10/2026";"06:29:34";2026;"04/10/2026";"1º Turno";1;"AP";"06050";"MACAPÁ";2;545;1;"Principal";-1;2119;"ESCOLA MUNICIPAL DE ENSINO FUNDAMENTAL WILSON MALCHER";1;"Convencional";"RUA JOÃO DE CASTRO , S/N";"JARDIM EQUATORIAL";"68900000";"+5596984144863";",0063263";"-51,0687238";1;"ATIVO";-1;"ATIVO";1;"ATIVO";1;"Ativo";"0";"Sem acessibilidade";334;334;334;0;2119;"ESCOLA MUNICIPAL DE ENSINO FUNDAMENTAL WILSON MALCHER";"RUA JOÃO DE CASTRO , S/N"
"05/10/2026";"06:29:34";2026;"04/10/2026";"1º Turno";1;"AP";"06122";"VITÓRIA DO JARI";7;160;1;"Principal";-1;1066;"ESCOLA MUNICIPAL FRANCISCA DE FREITAS ARAUJO";1;"Convencional";"RUA PEDRO LADISLAU, S/N";"CIDADE LIVRE";"68920000";"36221448";"-,9205129";"-52,4051767";1;"ATIVO";-1;"ATIVO";1;"ATIVO";1;"Ativo";"0";"Sem acessibilidade";219;218;218;0;1066;"ESCOLA MUNICIPAL FRANCISCA DE FREITAS ARAUJO";"RUA PEDRO LADISLAU, S/N"
"05/10/2026";"06:29:34";2026;"04/10/2026";"1º Turno";1;"AP";"06173";"TARTARUGALZINHO";8;44;1;"Principal";-1;1023;"ESC EST MARIA LUCILA BRAZÃO";1;"Convencional";"VILA LAGO NOVO, 1153";"LAGO NOVO";"68990000";"+559634229000";"-1";"-1";1;"ATIVO";-1;"ATIVO";1;"ATIVO";1;"Ativo";"0";"Sem acessibilidade";224;225;225;0;1023;"ESC EST MARIA LUCILA BRAZÃO";"VILA LAGO NOVO, 1153"
"05/10/2026";"06:29:34";2026;"04/10/2026";"1º Turno";1;"AP";"06173";"TARTARUGALZINHO";8;6;1;"Principal";-1;1031;"ESC EST REISALINA FERREIRA TOMAZ";1;"Convencional";"AV. N. S. PERPÉTUO SOCORRO, 765";"CENTRO";"68990000";"+559634221199";"1,51009521";"-50,91264494";1;"ATIVO";-1;"ATIVO";1;"ATIVO";1;"Ativo";"0";"Sem acessibilidade";260;258;258;0;1031;"ESC EST REISALINA FERREIRA TOMAZ";"AV. N. S. PERPÉTUO SOCORRO, 765"
"05/10/2026";"06:29:34";2026;"04/10/2026";"1º Turno";1;"AP";"06076";"MAZAGÃO";5;115;1;"Principal";-1;1430;"ESCOLA MUNICIPAL PROFESSORA LUCICARME DO CARMO BARRETO";1;"Convencional";"RUA BARAO DO RIO BRANCO, S/N";"SAO TIAGO";"68940000";"-1";"-1";"-1";1;"ATIVO";-1;"ATIVO";1;"ATIVO";1;"Ativo";"0";"Sem acessibilidade";263;263;263;0;1430;"ESCOLA MUNICIPAL PROFESSORA LUCICARME DO CARMO BARRETO";"RUA BARAO DO RIO BRANCO, S/N"
"05/10/2026";"06:29:34";2026;"04/10/2026";"1º Turno";1;"AP";"06050";"MACAPÁ";2;759;1;"Principal";-1;2321;"ESCOLA ESTADUAL PROFª NANCI NINA COSTA";1;"Convencional";"AV. INSPETOR AIMORÉ, 1331";"ZERAO";"68900000";"+5596981452190";",0015588";"-51,0873044";1;"ATIVO";-1;"ATIVO";1;"ATIVO";1;"Ativo";"0";"Sem acessibilidade";383;382;382;0;2321;"ESCOLA ESTADUAL PROFª NANCI NINA COSTA";"AV. INSPETOR AIMORÉ, 1331"
"05/10/2026";"06:29:34";2026;"04/10/2026";"1º Turno";1;"AP";"06157";"SANTANA";6;276;1;"Principal";-1;1279;"E.M. PROF. IRANILDE";1;"Convencional";"RUA D-6, 12";"VILA AMAZONAS";"68925000";"3283 5606";"-,0549999";"-51,1590609";1;"ATIVO";-1;"ATIVO";1;"ATIVO";1;"Ativo";"0";"Sem acessibilidade";351;349;349;0;1279;"E.M. PROF. IRANILDE";"RUA D-6, 12"
"05/10/2026";"06:29:34";2026;"04/10/2026";"1º Turno";1;"AP";"06050";"MACAPÁ";2;940;1;"Principal";-1;2739;"ESCOLA ESTADUAL COELHO NETO";1;"Convencional";"AV CLODOVIO COELHO                   124";"BURITIZAL";"68905160";"+5596991197151";",0245373";"-51,0765101";1;"ATIVO";-1;"ATIVO";1;"ATIVO";1;"Ativo";"1";"Com acessibilidade";223;223;223;0;2739;"ESCOLA ESTADUAL COELHO NETO";"AV CLODOVIO COELHO                   124"
"05/10/2026";"06:29:34";2026;"04/10/2026";"1º Turno";1;"AP";"06157";"SANTANA";6;165;1;"Principal";-1;1023;"E.E. OSVALDINA FERREIRA DA SILVA";1;"Convencional";"RUA PETER VAN SCHUPEMBERG, 90";"ILHA DE SANTANA";"68925000";"+559632841170";"-1";"-1";1;"ATIVO";-1;"ATIVO";1;"ATIVO";1;"Ativo";"0";"Sem acessibilidade";374;374;374;0;1023;"E.E. OSVALDINA FERREIRA DA SILVA";"RUA PETER VAN SCHUPEMBERG, 90"
"05/10/2026";"06:29:34";2026;"04/10/2026";"1º Turno";1;"AP";"06068";"CUTIAS";10;417;1;"Principal";-1;1031;"ESCOLA MUNICIPAL ALICE NASCIMENTO PIMENTEL";1;"Convencional";"RUA MANOEL RAIMUNDO PEREIRA, S/N, CENTRO CUTIAS";"CENTRO";"68973000";"-1";",9689829";"-50,7988391";1;"ATIVO";-1;"ATIVO";1;"ATIVO";1;"Ativo";"1";"Com acessibilidade";286;287;286;0;1031;"ESCOLA MUNICIPAL ALICE NASCIMENTO PIMENTEL";"RUA MANOEL RAIMUNDO PEREIRA, S/N, CENTRO CUTIAS"
"05/10/2026";"06:29:34";2026;"04/10/2026";"1º Turno";1;"AP";"06157";"SANTANA";6;180;1;"Principal";-1;1120;"E.P.G. PADRE ANGELO BIRACHI";1;"Convencional";"RUA GENERAL EMILIO GARRASTAZU MEDICI, 796";"PARAÍSO";"68925000";"3281 4963";"-,03016454";"-51,17457792";1;"ATIVO";-1;"ATIVO";1;"ATIVO";1;"Ativo";"1";"Com acessibilidade";375;373;373;0;1120;"E.P.G. PADRE ANGELO BIRACHI";"RUA GENERAL EMILIO GARRASTAZU MEDICI, 796"
"05/10/2026";"06:29:34";2026;"04/10/2026";"1º Turno";1;"AP";"06050";"MACAPÁ";14;73;1;"Principal";-1;1716;"ESCOLA ESTADUAL BARÃO DO RIO BRANCO";4;"Temporário";"AV. FAB, 122";"CENTRAL";"68900073";"-1";"-1";"-1";1;"ATIVO";-1;"ATIVO";1;"ATIVO";1;"Ativo";"0";"Sem acessibilidade";352;352;352;0;1120;"EEEF GENERAL AZEVEDO COSTA";"AV. JOSE ANTONIO SIQUEIRA 111"
"05/10/2026";"06:29:34";2026;"04/10/2026";"1º Turno";1;"AP";"06050";"MACAPÁ";14;371;1;"Principal";-1;1546;"UNIVERSIDADE DO ESTADO DO AMAPÁ - UEAP";1;"Convencional";"AV PRESIDENTE VARGAS,650";"CENTRO";"68900070";"+5596991119207";",0383042";"-51,0555888";1;"ATIVO";-1;"ATIVO";1;"ATIVO";1;"Ativo";"0";"Sem acessibilidade";196;192;192;0;1546;"UNIVERSIDADE DO ESTADO DO AMAPÁ - UEAP";"AV PRESIDENTE VARGAS,650"
"05/10/2026";"06:29:34";2026;"04/10/2026";"1º Turno";1;"AP";"06173";"TARTARUGALZINHO";8;20;1;"Principal";-1;1139;"ESC EST SÃO SEBASTIÃO DA TERRA FIRME";1;"Convencional";"TERRA FIRME";"PONTA DO SOCORRO";"68990000";"-1";"1,21209009";"-50,66682905";1;"ATIVO";-1;"ATIVO";1;"ATIVO";1;"Ativo";"0";"Sem acessibilidade";166;167;167;0;1139;"ESC EST SÃO SEBASTIÃO DA TERRA FIRME";"TERRA FIRME"
"05/10/2026";"06:29:34";2026;"04/10/2026";"1º Turno";1;"AP";"06050";"MACAPÁ";2;653;1;"Principal";-1;2216;"ESCOLA MUNICIPAL DE ENSINO FUNDAMENTAL PARAÍSO DAS ACÁCIAS";1;"Convencional";"RUA SANTOS DUMONT - 3800";"MUCA";"68900000";"32131223";",0112199";"-51,0742907";1;"ATIVO";-1;"ATIVO";1;"ATIVO";1;"Ativo";"0";"Sem acessibilidade";258;256;256;0;2216;"ESCOLA MUNICIPAL DE ENSINO FUNDAMENTAL PARAÍSO DAS ACÁCIAS";"RUA SANTOS DUMONT - 3800"
"05/10/2026";"06:29:34";2026;"04/10/2026";"1º Turno";1;"AP";"06050";"MACAPÁ";14;19;1;"Principal";-1;1040;"CENTRO EDUCACIONAL IRMÃ CARMELA BONASSI";1;"Convencional";"AV. DEZOITO, 1792";"MARABAIXO III";"68909857";"+5596991360104";",0463151";"-51,1256065";1;"ATIVO";-1;"ATIVO";1;"ATIVO";1;"Ativo";"0";"Sem acessibilidade";441;440;440;0;1040;"CENTRO EDUCACIONAL IRMÃ CARMELA BONASSI";"AV. DEZOITO, 1792"
"05/10/2026";"06:29:34";2026;"04/10/2026";"1º Turno";1;"AP";"06157";"SANTANA";6;8;1;"Principal";-1;1040;"E.P.G. MATAO III";1;"Convencional";"COMUNIDADE DO RAMAL III DO PIACACA";"MATÃO III";"68925000";"96984204256";",2361812";"-51,5452718";1;"ATIVO";-1;"ATIVO";1;"ATIVO";1;"Ativo";"0";"Sem acessibilidade";274;271;271;0;1040;"E.P.G. MATAO III";"COMUNIDADE DO RAMAL III DO PIACACA"
"05/10/2026";"06:29:34";2026;"04/10/2026";"1º Turno";1;"AP";"06157";"SANTANA";6;79;1;"Principal";-1;1120;"E.P.G. PADRE ANGELO BIRACHI";1;"Convencional";"RUA GENERAL EMILIO GARRASTAZU MEDICI, 796";"PARAÍSO";"68925000";"3281 4963";"-,03016454";"-51,17457792";1;"ATIVO";-1;"ATIVO";1;"ATIVO";1;"Ativo";"0";"Sem acessibilidade";375;374;374;0;1120;"E.P.G. PADRE ANGELO BIRACHI";"RUA GENERAL EMILIO GARRASTAZU MEDICI, 796"
"05/10/2026";"06:29:34";2026;"04/10/2026";"1º Turno";1;"AP";"06130";"LARANJAL DO JARI";7;30;1;"Principal";-1;1058;"ESCOLA ESTADUAL PROF. MARIA DE NAZARÉ RODRIGUES DA SILVA";1;"Convencional";"RUA CULTURA, N 277";"AGRESTE";"68920000";"991894068";"-,8443316";"-52,5159137";1;"ATIVO";-1;"ATIVO";1;"ATIVO";1;"Ativo";"0";"Sem acessibilidade";270;269;269;0;1058;"ESCOLA ESTADUAL PROF. MARIA DE NAZARÉ RODRIGUES DA SILVA";"RUA CULTURA, N 277"
"05/10/2026";"06:29:34";2026;"04/10/2026";"1º Turno";1;"AP";"06050";"MACAPÁ";14;144;1;"Principal";-1;1210;"EPG PROF DEUSOLINA SALES FARIAS";1;"Convencional";"RUA GOIAS, 107";"PACOVAL";"68908340";"981331502";",0554256";"-51,0582209";1;"ATIVO";-1;"ATIVO";1;"ATIVO";1;"Ativo";"0";"Sem acessibilidade";333;335;335;0;1210;"EPG PROF DEUSOLINA SALES FARIAS";"RUA GOIAS, 107"
"05/10/2026";"06:29:34";2026;"04/10/2026";"1º Turno";1;"AP";"06050";"MACAPÁ";14;96;1;"Principal";-1;1147;"EEEF MARIO DAVID ANDREAZZA";1;"Convencional";"RAIMUNDO RAMOS DOS PASSOS 495";"PERPETUO SOCORRO";"68900000";"32125271";",0483913";"-51,0467397";1;"ATIVO";-1;"ATIVO";1;"ATIVO";1;"Ativo";"0";"Sem acessibilidade";395;394;394;0;1147;"EEEF MARIO DAVID ANDREAZZA";"RAIMUNDO RAMOS DOS PASSOS 495"
"05/10/2026";"06:29:34";2026;"04/10/2026";"1º Turno";1;"AP";"06050";"MACAPÁ";14;107;1;"Principal";-1;1155;"EMEF EUNICE DAS CHAGAS FERNANDES SOUZA";1;"Convencional";"RUA GUANABARA - 372";"PACOVAL";"68900000";"-1";",0558461";"-51,0543723";1;"ATIVO";-1;"ATIVO";1;"ATIVO";1;"Ativo";"0";"Sem acessibilidade";253;252;252;0;1155;"EMEF EUNICE DAS CHAGAS FERNANDES SOUZA";"RUA GUANABARA - 372"
"05/10/2026";"06:29:34";2026;"04/10/2026";"1º Turno";1;"AP";"06050";"MACAPÁ";14;369;1;"Principal";-1;1538;"SEST/SENAT";1;"Convencional";"RODOVIA DUCA SERRA";"CABRALZINHO";"68906801";"21016103";",0332147";"-51,1185235";1;"ATIVO";-1;"ATIVO";1;"ATIVO";1;"Ativo";"1";"Com acessibilidade";376;374;374;0;1538;"SEST/SENAT";"RODOVIA DUCA SERRA"
"05/10/2026";"06:29:34";2026;"04/10/2026";"1º Turno";1;"AP";"06050";"MACAPÁ";10;158;1;"Principal";-1;1309;"ESCOLA ESTADUAL BRASIL NOVO";1;"Convencional";"RUA FLORESTA, 15, BRASIL NOVO";"BRASIL NOVO";"68909319";"991485632";",0883937";"-51,0860517";1;"ATIVO";-1;"ATIVO";1;"ATIVO";1;"Ativo";"1";"Com acessibilidade";377;377;377;0;1309;"ESCOLA ESTADUAL BRASIL NOVO";"RUA FLORESTA, 15, BRASIL NOVO"
"05/10/2026";"06:29:34";2026;"04/10/2026";"1º Turno";1;"AP";"06050";"MACAPÁ";2;865;1;"Principal";-1;2666;"ESCOLA ESTADUAL JOSEFA JUCILEIDE AMORAS COLARES";1;"Convencional";"AV.RAIMUNDO TEQUILO GOES DE ALMEIDA    000147";"NOVA ESPERANCA";"68901610";"+5596991990317";",0317616";"-51,0825624";1;"ATIVO";-1;"ATIVO";1;"ATIVO";1;"Ativo";"1";"Com acessibilidade";368;366;366;0;2666;"ESCOLA ESTADUAL JOSEFA JUCILEIDE AMORAS COLARES";"AV.RAIMUNDO TEQUILO GOES DE ALMEIDA    000147"
"05/10/2026";"06:29:34";2026;"04/10/2026";"1º Turno";1;"AP";"06050";"MACAPÁ";10;82;1;"Principal";-1;2089;"IGREJA SANTA CRUZ - ANEXO I";4;"Temporário";"RUA VEREADOR JÚLIO MARIA PINTO PEREIRA, 629";"JARDIM FELICIDADE I";"68909000";"991634333";"-1";"-1";1;"ATIVO";-1;"ATIVO";1;"ATIVO";1;"Ativo";"0";"Sem acessibilidade";340;338;338;0;1198;"ESCOLA MUNICIPAL JARDIM FELICIDADE";"RUA VEREADOR JULIO MARIA PINTO PEREIRA 629"
"05/10/2026";"06:29:34";2026;"04/10/2026";"1º Turno";1;"AP";"06076";"MAZAGÃO";5;56;1;"Principal";-1;1252;"ESCOLA MUNICIPAL DOMINGOS VALENTE BARRETO";1;"Convencional";"RUA SANTA RITA, SN";"BOM JESUS";"68940000";"-1";"-,10687113";"-51,2867679";1;"ATIVO";-1;"ATIVO";1;"ATIVO";1;"Ativo";"0";"Sem acessibilidade";312;312;312;0;1252;"ESCOLA MUNICIPAL DOMINGOS VALENTE BARRETO";"RUA SANTA RITA, SN"
"05/10/2026";"06:29:34";2026;"04/10/2026";"1º Turno";1;"AP";"06050";"MACAPÁ";14;355;1;"Principal";-1;1503;"ESCOLA MUNICIPAL DE ENSINO INFANTIL MEU PE DE LARANJA LIMA";1;"Convencional";"AV. MENDONÇA JUNIOR, 2838";"SANTA RITA";"68901282";"96981065958";",036583";"-51,0690465";1;"ATIVO";-1;"ATIVO";1;"ATIVO";1;"Ativo";"1";"Com acessibilidade";248;248;248;0;1503;"ESCOLA MUNICIPAL DE ENSINO INFANTIL MEU PE DE LARANJA LIMA";"AV. MENDONÇA JUNIOR, 2838"
"05/10/2026";"06:29:34";2026;"04/10/2026";"1º Turno";1;"AP";"06130";"LARANJAL DO JARI";7;169;1;"Principal";-1;1139;"ESCOLA ESTADUAL PROF. VANDA MARIA DE SOUZA CABETE";1;"Convencional";"AV. FORTALEZA, N. 1456";"LOTEAMENTO CAJARY";"68920000";"36211625";"-,8283483";"-52,5120059";5;"BLOQUEADO";-1;"ATIVO";1;"ATIVO";1;"Ativo";"0";"Sem acessibilidade";259;258;258;0;1139;"ESCOLA ESTADUAL PROF. VANDA MARIA DE SOUZA CABETE";"AV. FORTALEZA, N. 1456"
"05/10/2026";"06:29:34";2026;"04/10/2026";"1º Turno";1;"AP";"06050";"MACAPÁ";10;389;1;"Principal";-1;1708;"ESCOLA ESTADUAL NAZARÉ DA PEDREIRA";1;"Convencional";"VILA LONTRA DA PEDREIRA";"vila lontra da pedreira";"68900000";"+5596988030291";",3005833";"-50,867775";1;"ATIVO";-1;"ATIVO";1;"ATIVO";1;"Ativo";"1";"Com acessibilidade";259;263;263;0;1708;"ESCOLA ESTADUAL NAZARÉ DA PEDREIRA";"VILA LONTRA DA PEDREIRA"
"05/10/2026";"06:29:34";2026;"04/10/2026";"1º Turno";1;"AP";"06041";"ITAUBAL";10;429;1;"Principal";-1;1104;"ESCOLA MUNICIPAL JOSÉ ALMEIDA";1;"Convencional";"RUA RAIMUNDO PALMEIRIM FERREIRA";"CENTRO";"68900000";"-1";",602765";"-50,6994147";1;"ATIVO";-1;"ATIVO";1;"ATIVO";1;"Ativo";"1";"Com acessibilidade";291;293;293;0;1104;"ESCOLA MUNICIPAL JOSÉ ALMEIDA";"RUA RAIMUNDO PALMEIRIM FERREIRA"
"05/10/2026";"06:29:34";2026;"04/10/2026";"1º Turno";1;"AP";"06050";"MACAPÁ";2;486;1;"Principal";-1;1899;"UNIVERSIDADE FEDERAL DO AMAPA - UNIFAP";1;"Convencional";"ROD. JOSMAR CHAVES PINTO, KM 02   JARDIM MARCO ZERO";"UNIVERSIDADE";"68903419";"+5596981159919";"-,0065359";"-51,0845096";1;"ATIVO";-1;"ATIVO";1;"ATIVO";1;"Ativo";"0";"Sem acessibilidade";406;405;405;0;2062;"ESCOLA MUNICIPAL DE ENSINO FUNDAMENTAL PROFESSORA NEUZONA";"RUA AMADEU GAMA, 1742"
"05/10/2026";"06:29:34";2026;"04/10/2026";"1º Turno";1;"AP";"06130";"LARANJAL DO JARI";7;103;1;"Principal";-1;1228;"ESCOLA MUNICIPAL ZÉLIA CONCEIÇÃO SOUSA DA SILVA";1;"Convencional";"RUA 19 DE ABRIL, 2822";"NOVA ESPERANCA";"68920000";"-1";"-,8430562";"-52,5112463";1;"ATIVO";-1;"ATIVO";1;"ATIVO";1;"Ativo";"0";"Sem acessibilidade";328;327;327;0;1228;"ESCOLA MUNICIPAL ZÉLIA CONCEIÇÃO SOUSA DA SILVA";"RUA 19 DE ABRIL, 2822"
"05/10/2026";"06:29:34";2026;"04/10/2026";"1º Turno";1;"AP";"06130";"LARANJAL DO JARI";7;132;1;"Principal";-1;1210;"CENTRO MUNICIPAL DE ENSINO - CMEF";1;"Convencional";"AV. TANCREDO NEVES, S/N";"CENTRO";"68920000";"-1";"-,8522667";"-52,5352814";1;"ATIVO";-1;"ATIVO";1;"ATIVO";1;"Ativo";"0";"Sem acessibilidade";220;220;220;0;1210;"CENTRO MUNICIPAL DE ENSINO - CMEF";"AV. TANCREDO NEVES, S/N"
"05/10/2026";"06:29:34";2026;"04/10/2026";"1º Turno";1;"AP";"06050";"MACAPÁ";14;370;1;"Principal";-1;1538;"SEST/SENAT";1;"Convencional";"RODOVIA DUCA SERRA";"CABRALZINHO";"68906801";"21016103";",0332147";"-51,1185235";1;"ATIVO";-1;"ATIVO";1;"ATIVO";1;"Ativo";"0";"Sem acessibilidade";378;375;375;0;1538;"SEST/SENAT";"RODOVIA DUCA SERRA"
"05/10/2026";"06:29:34";2026;"04/10/2026";"1º Turno";1;"AP";"06050";"MACAPÁ";2;681;1;"Principal";-1;2330;"ESCOLA ESTADUAL NELITA ROCHA BRITO DIAS";1;"Convencional";"AV. NILO ALMEIDA, 01";"CONGOS";"68904396";"+5596991519421";",0096085";"-51,0919318";1;"ATIVO";-1;"ATIVO";1;"ATIVO";1;"Ativo";"0";"Sem acessibilidade";277;280;280;0;2330;"ESCOLA ESTADUAL NELITA ROCHA BRITO DIAS";"AV. NILO ALMEIDA, 01"
"05/10/2026";"06:29:34";2026;"04/10/2026";"1º Turno";1;"AP";"06050";"MACAPÁ";2;689;1;"Principal";-1;1147;"ESCOLA MUNICIPAL DE ENSINO FUNDAMENTAL AMAPA";1;"Convencional";"RUA JOVINO DINOA, 3188";"TREM";"68900030";"5596984032652";",0247643";"-51,0628301";1;"ATIVO";-1;"ATIVO";1;"ATIVO";1;"Ativo";"1";"Com acessibilidade";280;279;279;0;1147;"ESCOLA MUNICIPAL DE ENSINO FUNDAMENTAL AMAPA";"RUA JOVINO DINOA, 3188"
"05/10/2026";"06:29:34";2026;"04/10/2026";"1º Turno";1;"AP";"06068";"CUTIAS";10;187;1;"Principal";-1;1031;"ESCOLA MUNICIPAL ALICE NASCIMENTO PIMENTEL";1;"Convencional";"RUA MANOEL RAIMUNDO PEREIRA, S/N, CENTRO CUTIAS";"CENTRO";"68973000";"-1";",9689829";"-50,7988391";1;"ATIVO";-1;"ATIVO";1;"ATIVO";1;"Ativo";"0";"Sem acessibilidade";290;286;286;0;1031;"ESCOLA MUNICIPAL ALICE NASCIMENTO PIMENTEL";"RUA MANOEL RAIMUNDO PEREIRA, S/N, CENTRO CUTIAS"
"05/10/2026";"06:29:34";2026;"04/10/2026";"1º Turno";1;"AP";"06114";"FERREIRA GOMES";12;49;1;"Principal";-1;1023;"ESCOLA ESTADUAL INDEPENDENCIA";1;"Convencional";"RAMAL DA ELETRONORTE (USINA COARACY NUNES)";"VILA DO PAREDÃO";"68915000";"-1";",889471";"-51,2571473";1;"ATIVO";-1;"ATIVO";1;"ATIVO";1;"Ativo";"1";"Com acessibilidade";222;222;222;0;1023;"ESCOLA ESTADUAL INDEPENDENCIA";"RAMAL DA ELETRONORTE (USINA COARACY NUNES)"
"05/10/2026";"06:29:34";2026;"04/10/2026";"1º Turno";1;"AP";"06130";"LARANJAL DO JARI";7;41;1;"Principal";-1;1074;"ESCOLA ESTADUAL PADARIA";1;"Convencional";"MARGENS DO RIO JARI, N. 1216";"VILA DA PADARIA";"68920000";"36212263";"-,7094976";"-52,4961302";1;"ATIVO";-1;"ATIVO";1;"ATIVO";1;"Ativo";"0";"Sem acessibilidade";129;260;260;0;1074;"ESCOLA ESTADUAL PADARIA";"MARGENS DO RIO JARI, N. 1216"
"05/10/2026";"06:29:34";2026;"04/10/2026";"1º Turno";1;"AP";"06050";"MACAPÁ";2;909;1;"Principal";-1;2488;"ESCOLA MUNICIPAL DE ENSINO FUNDAMENTAL PROFª GUITA";1;"Convencional";"AVENIDA ANTONIO COELHO DE CARVALHO, SN";"CENTRO";"68900000";"-1";",0322448";"-51,0625777";1;"ATIVO";-1;"ATIVO";1;"ATIVO";1;"Ativo";"1";"Com acessibilidade";271;376;303;0;2488;"ESCOLA MUNICIPAL DE ENSINO FUNDAMENTAL PROFª GUITA";"AVENIDA ANTONIO COELHO DE CARVALHO, SN"
"05/10/2026";"06:29:34";2026;"04/10/2026";"1º Turno";1;"AP";"06050";"MACAPÁ";2;85;1;"Principal";-1;1147;"ESCOLA MUNICIPAL DE ENSINO FUNDAMENTAL AMAPA";1;"Convencional";"RUA JOVINO DINOA, 3188";"TREM";"68900030";"5596984032652";",0247643";"-51,0628301";1;"ATIVO";-1;"ATIVO";1;"ATIVO";1;"Ativo";"0";"Sem acessibilidade";279;276;276;0;1147;"ESCOLA MUNICIPAL DE ENSINO FUNDAMENTAL AMAPA";"RUA JOVINO DINOA, 3188"
"05/10/2026";"06:29:34";2026;"04/10/2026";"1º Turno";1;"AP";"06050";"MACAPÁ";2;836;1;"Principal";-1;2453;"ESCOLA MUNICIPAL DE ENSINO FUNDAMENTAL CAETANO DIAS TOMAZ";1;"Convencional";"RUA DO MATADOURO, 112";"DISTRITO DE FAZENDINHA";"68911012";"+5596999083324";"-,0463079";"-51,1164641";1;"ATIVO";-1;"ATIVO";1;"ATIVO";1;"Ativo";"0";"Sem acessibilidade";120;121;121;0;2135;"ESCOLA ESTADUAL MARIA ANGÉLICA PEREIRA GÓES";"AV. VICENTE BRANDÃO, 489"
"05/10/2026";"06:29:34";2026;"04/10/2026";"1º Turno";1;"AP";"06050";"MACAPÁ";14;373;1;"Principal";-1;1546;"UNIVERSIDADE DO ESTADO DO AMAPÁ - UEAP";1;"Convencional";"AV PRESIDENTE VARGAS,650";"CENTRO";"68900070";"+5596991119207";",0383042";"-51,0555888";1;"ATIVO";-1;"ATIVO";1;"ATIVO";1;"Ativo";"1";"Com acessibilidade";194;195;195;0;1546;"UNIVERSIDADE DO ESTADO DO AMAPÁ - UEAP";"AV PRESIDENTE VARGAS,650"
"05/10/2026";"06:29:34";2026;"04/10/2026";"1º Turno";1;"AP";"06050";"MACAPÁ";10;91;1;"Principal";-1;1236;"ESCOLA ESTADUAL DE CARAPANATUBA";1;"Convencional";"CARAPANATUBA RIBEIRINHA";"CARAPANANTUBA";"68900000";"-1";",1888193";"-50,8547049";1;"ATIVO";-1;"ATIVO";1;"ATIVO";1;"Ativo";"0";"Sem acessibilidade";265;266;266;0;1236;"ESCOLA ESTADUAL DE CARAPANATUBA";"CARAPANATUBA RIBEIRINHA"
"05/10/2026";"06:29:34";2026;"04/10/2026";"1º Turno";1;"AP";"06130";"LARANJAL DO JARI";7;105;1;"Principal";-1;1155;"ESCOLA MUNICIPAL PROF. TEREZA TELES";1;"Convencional";"RUA FLORIANO PEIXOTO, N. 1024";"AGRESTE";"68920000";"96991318047";"-,8391003";"-52,5207507";1;"ATIVO";-1;"ATIVO";1;"ATIVO";1;"Ativo";"0";"Sem acessibilidade";193;193;193;0;1155;"ESCOLA MUNICIPAL PROF. TEREZA TELES";"RUA FLORIANO PEIXOTO, N. 1024"
"05/10/2026";"06:29:34";2026;"04/10/2026";"1º Turno";1;"AP";"06050";"MACAPÁ";2;814;1;"Principal";-1;1139;"ESCOLA ESTADUAL PROFº JOSÉ FIRMO DO NASCIMENTO";1;"Convencional";"AV CLODOVIO COELHO  - 145  - TREM";"BEIROL";"68900000";"+5596981010886";",0232182";"-51,0625066";1;"ATIVO";-1;"ATIVO";1;"ATIVO";1;"Ativo";"0";"Sem acessibilidade";234;230;230;0;1139;"ESCOLA ESTADUAL PROFº JOSÉ FIRMO DO NASCIMENTO";"AV CLODOVIO COELHO  - 145  - TREM"
"05/10/2026";"06:29:34";2026;"04/10/2026";"1º Turno";1;"AP";"06050";"MACAPÁ";14;104;1;"Principal";-1;1155;"EMEF EUNICE DAS CHAGAS FERNANDES SOUZA";1;"Convencional";"RUA GUANABARA - 372";"PACOVAL";"68900000";"-1";",0558461";"-51,0543723";1;"ATIVO";-1;"ATIVO";1;"ATIVO";1;"Ativo";"0";"Sem acessibilidade";249;249;249;0;1155;"EMEF EUNICE DAS CHAGAS FERNANDES SOUZA";"RUA GUANABARA - 372"
"05/10/2026";"06:29:34";2026;"04/10/2026";"1º Turno";1;"AP";"06050";"MACAPÁ";14;309;1;"Principal";-1;1449;"ESCOLA ESTADUAL TIRADENTES";1;"Convencional";"RUA SANTOS DUMONT         128      SANTA RITA";"SANTA RITA";"68900000";"+5596981117291";",042048";"-51,0727224";1;"ATIVO";-1;"ATIVO";1;"ATIVO";1;"Ativo";"0";"Sem acessibilidade";309;305;305;0;1449;"ESCOLA ESTADUAL TIRADENTES";"RUA SANTOS DUMONT         128      SANTA RITA"
"05/10/2026";"06:29:34";2026;"04/10/2026";"1º Turno";1;"AP";"06050";"MACAPÁ";10;81;1;"Principal";-1;2089;"IGREJA SANTA CRUZ - ANEXO I";4;"Temporário";"RUA VEREADOR JÚLIO MARIA PINTO PEREIRA, 629";"JARDIM FELICIDADE I";"68909000";"991634333";"-1";"-1";1;"ATIVO";-1;"ATIVO";1;"ATIVO";1;"Ativo";"0";"Sem acessibilidade";338;338;338;0;1198;"ESCOLA MUNICIPAL JARDIM FELICIDADE";"RUA VEREADOR JULIO MARIA PINTO PEREIRA 629"
"05/10/2026";"06:29:34";2026;"04/10/2026";"1º Turno";1;"AP";"06157";"SANTANA";6;6;1;"Principal";-1;1023;"E.E. OSVALDINA FERREIRA DA SILVA";1;"Convencional";"RUA PETER VAN SCHUPEMBERG, 90";"ILHA DE SANTANA";"68925000";"+559632841170";"-1";"-1";1;"ATIVO";-1;"ATIVO";1;"ATIVO";1;"Ativo";"0";"Sem acessibilidade";376;376;376;0;1023;"E.E. OSVALDINA FERREIRA DA SILVA";"RUA PETER VAN SCHUPEMBERG, 90"
"05/10/2026";"06:29:34";2026;"04/10/2026";"1º Turno";1;"AP";"06130";"LARANJAL DO JARI";7;85;1;"Principal";-1;1210;"CENTRO MUNICIPAL DE ENSINO - CMEF";1;"Convencional";"AV. TANCREDO NEVES, S/N";"CENTRO";"68920000";"-1";"-,8522667";"-52,5352814";1;"ATIVO";-1;"ATIVO";1;"ATIVO";1;"Ativo";"0";"Sem acessibilidade";213;213;213;0;1210;"CENTRO MUNICIPAL DE ENSINO - CMEF";"AV. TANCREDO NEVES, S/N"
"05/10/2026";"06:29:34";2026;"04/10/2026";"1º Turno";1;"AP";"06050";"MACAPÁ";2;485;1;"Principal";-1;1791;"ESCOLA ESTADUAL IRINEU DA GAMA PAES";1;"Convencional";"AV RAIMUNDO CAXIAS DE SOUZA                      SN";"CONGOS";"68900000";"+5596981151638";",0090684";"-51,0934478";1;"ATIVO";-1;"ATIVO";1;"ATIVO";1;"Ativo";"0";"Sem acessibilidade";251;249;249;0;2046;"ESCOLA ESTADUAL PROFª BENIGNA MOREIRA DE SOUZA";"RUA RAUL MONTEIRO VALDEZ - 1500"
"05/10/2026";"06:29:34";2026;"04/10/2026";"1º Turno";1;"AP";"06050";"MACAPÁ";2;914;1;"Principal";-1;2712;"ESCOLA ESTADUAL DOM ARISTIDES PIRÓVANO";1;"Convencional";"AV HENRIQUE GALUCIO           1840       SANTA RITA";"SANTA RITA";"68900115";"-1";",0319754";"-51,0668908";1;"ATIVO";-1;"ATIVO";1;"ATIVO";1;"Ativo";"1";"Com acessibilidade";341;339;339;0;2712;"ESCOLA ESTADUAL DOM ARISTIDES PIRÓVANO";"AV HENRIQUE GALUCIO           1840       SANTA RITA"
"05/10/2026";"06:29:34";2026;"04/10/2026";"1º Turno";1;"AP";"06050";"MACAPÁ";2;926;1;"Principal";-1;2720;"ESCOLA ESTADUAL DR.ALEXANDRE VAZ TAVARES";1;"Convencional";"AV FELICIANO COELHO                                SN";"TREM";"68900000";"+5596984097424";",0294743";"-51,0595886";1;"ATIVO";-1;"ATIVO";1;"ATIVO";1;"Ativo";"0";"Sem acessibilidade";323;316;316;0;2720;"ESCOLA ESTADUAL DR.ALEXANDRE VAZ TAVARES";"AV FELICIANO COELHO                                SN"
"05/10/2026";"06:29:34";2026;"04/10/2026";"1º Turno";1;"AP";"06050";"MACAPÁ";2;929;1;"Principal";-1;2720;"ESCOLA ESTADUAL DR.ALEXANDRE VAZ TAVARES";1;"Convencional";"AV FELICIANO COELHO                                SN";"TREM";"68900000";"+5596984097424";",0294743";"-51,0595886";1;"ATIVO";-1;"ATIVO";1;"ATIVO";1;"Ativo";"0";"Sem acessibilidade";326;326;326;0;2720;"ESCOLA ESTADUAL DR.ALEXANDRE VAZ TAVARES";"AV FELICIANO COELHO                                SN"
"05/10/2026";"06:29:34";2026;"04/10/2026";"1º Turno";1;"AP";"06050";"MACAPÁ";10;206;1;"Principal";-1;1546;"ESCOLA ESTADUAL PROFESSORA MARIA CAVALCANTE DE AZEVEDO PICANÇO";1;"Convencional";"RUA CAJUEIRO, 543, BRASIL NOVO";"BRASIL NOVO";"68909312";"991495422";",0920931";"-51,0860936";1;"ATIVO";-1;"ATIVO";1;"ATIVO";1;"Ativo";"0";"Sem acessibilidade";390;388;388;0;1546;"ESCOLA ESTADUAL PROFESSORA MARIA CAVALCANTE DE AZEVEDO PICANÇO";"RUA CAJUEIRO, 543, BRASIL NOVO"
"05/10/2026";"06:29:34";2026;"04/10/2026";"1º Turno";1;"AP";"06092";"OIAPOQUE";4;26;1;"Principal";-1;1023;"ESCOLA DE PRIMEIRO GRAU JOAQUIM NABUCO";1;"Convencional";"RUA LELIO SILVA";"CENTRO";"68900000";"-1";"3,84401648";"-51,83412591";1;"ATIVO";-1;"ATIVO";1;"ATIVO";1;"Ativo";"0";"Sem acessibilidade";292;288;288;0;1023;"ESCOLA DE PRIMEIRO GRAU JOAQUIM NABUCO";"RUA LELIO SILVA"
"05/10/2026";"06:29:34";2026;"04/10/2026";"1º Turno";1;"AP";"06025";"PORTO GRANDE";12;40;1;"Principal";-1;1023;"ESC. EST. MATAPI II";1;"Convencional";"COLONIA AGRICOLA DO MATAPI, 1055 - LINHA A";"MATAPI";"68997000";"-1";",60574308";"-51,42921777";1;"ATIVO";-1;"ATIVO";1;"ATIVO";1;"Ativo";"1";"Com acessibilidade";301;299;299;0;1023;"ESC. EST. MATAPI II";"COLONIA AGRICOLA DO MATAPI, 1055 - LINHA A"
"05/10/2026";"06:29:34";2026;"04/10/2026";"1º Turno";1;"AP";"06050";"MACAPÁ";10;304;1;"Principal";-1;1546;"ESCOLA ESTADUAL PROFESSORA MARIA CAVALCANTE DE AZEVEDO PICANÇO";1;"Convencional";"RUA CAJUEIRO, 543, BRASIL NOVO";"BRASIL NOVO";"68909312";"991495422";",0920931";"-51,0860936";1;"ATIVO";-1;"ATIVO";1;"ATIVO";1;"Ativo";"0";"Sem acessibilidade";383;380;380;0;1546;"ESCOLA ESTADUAL PROFESSORA MARIA CAVALCANTE DE AZEVEDO PICANÇO";"RUA CAJUEIRO, 543, BRASIL NOVO"
"05/10/2026";"06:29:34";2026;"04/10/2026";"1º Turno";1;"AP";"06092";"OIAPOQUE";4;28;1;"Principal";-1;1023;"ESCOLA DE PRIMEIRO GRAU JOAQUIM NABUCO";1;"Convencional";"RUA LELIO SILVA";"CENTRO";"68900000";"-1";"3,84401648";"-51,83412591";1;"ATIVO";-1;"ATIVO";1;"ATIVO";1;"Ativo";"0";"Sem acessibilidade";289;372;372;0;1023;"ESCOLA DE PRIMEIRO GRAU JOAQUIM NABUCO";"RUA LELIO SILVA"
"05/10/2026";"06:29:34";2026;"04/10/2026";"1º Turno";1;"AP";"06050";"MACAPÁ";14;39;1;"Principal";-1;1074;"E.E JOSE DE ALENCAR";1;"Convencional";"RUA CANDIDO MENDES 269";"CENTRO";"68900000";"32125216";",0436565";"-51,049995";1;"ATIVO";-1;"ATIVO";1;"ATIVO";1;"Ativo";"0";"Sem acessibilidade";326;325;325;0;1074;"E.E JOSE DE ALENCAR";"RUA CANDIDO MENDES 269"
"05/10/2026";"06:29:34";2026;"04/10/2026";"1º Turno";1;"AP";"06050";"MACAPÁ";10;300;1;"Principal";-1;1376;"ESCOLA ESTADUAL MARIA NEUZA DO CARMO";1;"Convencional";"RUA MILTON DE SOUZA CORREA , 500";"JARDIM FELICIDADE I";"68909068";"96991634333";",0837865";"-51,0656668";1;"ATIVO";-1;"ATIVO";1;"ATIVO";1;"Ativo";"0";"Sem acessibilidade";388;387;387;0;1376;"ESCOLA ESTADUAL MARIA NEUZA DO CARMO";"RUA MILTON DE SOUZA CORREA , 500"
"05/10/2026";"06:29:34";2026;"04/10/2026";"1º Turno";1;"AP";"06050";"MACAPÁ";10;360;1;"Principal";-1;1724;"ESCOLA ESTADUAL PROFESSOR ANTONIO MUNHOZ LOPES";1;"Convencional";"CONJUNTO HABITACIONAL MACAPABA";"MACAPABA";"68900000";"-1";",086194";"-51,0949749";1;"ATIVO";-1;"ATIVO";1;"ATIVO";1;"Ativo";"0";"Sem acessibilidade";377;376;376;0;1724;"ESCOLA ESTADUAL PROFESSOR ANTONIO MUNHOZ LOPES";"CONJUNTO HABITACIONAL MACAPABA"
"05/10/2026";"06:29:34";2026;"04/10/2026";"1º Turno";1;"AP";"06050";"MACAPÁ";2;868;1;"Principal";-1;2674;"ESCOLA ESTADUAL PROFª MARIA CARMELITA DO CARMO";1;"Convencional";"RUA BARAO DE MAUA, 345";"BURITIZAL";"68900460";"+5596991394217";",0273806";"-51,0750153";1;"ATIVO";-1;"ATIVO";1;"ATIVO";1;"Ativo";"0";"Sem acessibilidade";277;276;276;0;2674;"ESCOLA ESTADUAL PROFª MARIA CARMELITA DO CARMO";"RUA BARAO DE MAUA, 345"
"05/10/2026";"06:29:34";2026;"04/10/2026";"1º Turno";1;"AP";"06157";"SANTANA";6;10;1;"Principal";-1;1058;"E.P.G. JOSE BARROSO TOSTES";1;"Convencional";"AV. 7 DE SETEMBRO, 186";"CENTRO";"68925000";"3281 1542";"-,0415918";"-51,1768394";1;"ATIVO";-1;"ATIVO";1;"ATIVO";1;"Ativo";"1";"Com acessibilidade";294;293;293;0;1058;"E.P.G. JOSE BARROSO TOSTES";"AV. 7 DE SETEMBRO, 186"
"05/10/2026";"06:29:34";2026;"04/10/2026";"1º Turno";1;"AP";"06017";"AMAPÁ";1;32;1;"Principal";-1;1171;"ESCOLA MUNICIPAL LOURENÇO BORGES FAÇANHA";1;"Convencional";"JUSCELINO KUBSTCHEK, 119";"VILA NOVA";"68950000";"-1";"2,0533041";"-50,7911965";1;"ATIVO";-1;"ATIVO";1;"ATIVO";1;"Ativo";"0";"Sem acessibilidade";350;350;350;0;1171;"ESCOLA MUNICIPAL LOURENÇO BORGES FAÇANHA";"JUSCELINO KUBSTCHEK, 119"
"05/10/2026";"06:29:34";2026;"04/10/2026";"1º Turno";1;"AP";"06092";"OIAPOQUE";4;25;1;"Principal";-1;1082;"ESCOLA DE PRIMEIRO GRAU URUCAUA";1;"Convencional";"VILA KUMENE";"ALDEIA KUMENE";"68980000";"-1";"3,49018667";"-51,48118333";1;"ATIVO";-1;"ATIVO";1;"ATIVO";1;"Ativo";"0";"Sem acessibilidade";266;267;267;0;1082;"ESCOLA DE PRIMEIRO GRAU URUCAUA";"VILA KUMENE"
"05/10/2026";"06:29:34";2026;"04/10/2026";"1º Turno";1;"AP";"06050";"MACAPÁ";2;97;1;"Principal";-1;1163;"ESCOLA MUNICIPAL DE ENSINO FUNDAMENTAL RORAIMA";1;"Convencional";"RUA HILDEMAR MAIA ,   2549";"BURITIZAL";"68902870";"000000000";",0239286";"-51,0709472";1;"ATIVO";-1;"ATIVO";1;"ATIVO";1;"Ativo";"0";"Sem acessibilidade";189;376;376;0;1163;"ESCOLA MUNICIPAL DE ENSINO FUNDAMENTAL RORAIMA";"RUA HILDEMAR MAIA ,   2549"
"05/10/2026";"06:29:34";2026;"04/10/2026";"1º Turno";1;"AP";"06122";"VITÓRIA DO JARI";7;174;1;"Principal";-1;1104;"ESCOLA ESTADUAL TEOTÔNIO BRANDÃO VILELA";1;"Convencional";"PASSARELA JOSÉ SIMEÃO DE SOUZA";"MINA";"68924000";"-1";"-,923642";"-52,4208478";1;"ATIVO";-1;"ATIVO";1;"ATIVO";1;"Ativo";"0";"Sem acessibilidade";318;318;318;0;1104;"ESCOLA ESTADUAL TEOTÔNIO BRANDÃO VILELA";"PASSARELA JOSÉ SIMEÃO DE SOUZA"
"05/10/2026";"06:29:34";2026;"04/10/2026";"1º Turno";1;"AP";"06041";"ITAUBAL";10;408;1;"Principal";-1;1074;"ESCOLA ESTADUAL ADELANO NUNES LACERDA";1;"Convencional";"COMUNIDADE DO URUA";"URUÁ";"68900000";"-1";",6162946";"-50,4933263";1;"ATIVO";-1;"ATIVO";1;"ATIVO";1;"Ativo";"1";"Com acessibilidade";209;210;210;0;1074;"ESCOLA ESTADUAL ADELANO NUNES LACERDA";"COMUNIDADE DO URUA"
"05/10/2026";"06:29:34";2026;"04/10/2026";"1º Turno";1;"AP";"06050";"MACAPÁ";2;591;1;"Principal";-1;1600;"ESCOLA ESTADUAL MÁRIO QUIRINO DA SILVA";1;"Convencional";"RUA CLAUDOMIRO DE MORAIS                    SN";"NOVO BURITIZAL";"68900000";"32125283";",0154748";"-51,0823276";1;"ATIVO";-1;"ATIVO";1;"ATIVO";1;"Ativo";"1";"Com acessibilidade";387;386;386;0;1600;"ESCOLA ESTADUAL MÁRIO QUIRINO DA SILVA";"RUA CLAUDOMIRO DE MORAIS                    SN"
"05/10/2026";"06:29:34";2026;"04/10/2026";"1º Turno";1;"AP";"06050";"MACAPÁ";10;477;1;"Principal";-1;2038;"ESCOLA MUNICIPAL CAMPINA GRANDE VALMITO MORAES BRAZÃO";1;"Convencional";"ROD MACAPÁ - LARANJAL DO JARI, KM 21";"COMUNIDADE DE CAMPINA GRANDE";"68900000";"+5596984026749";",2262114";"-51,13059";1;"ATIVO";-1;"ATIVO";1;"ATIVO";1;"Ativo";"0";"Sem acessibilidade";93;184;184;0;2038;"ESCOLA MUNICIPAL CAMPINA GRANDE VALMITO MORAES BRAZÃO";"ROD MACAPÁ - LARANJAL DO JARI, KM 21"
"05/10/2026";"06:29:34";2026;"04/10/2026";"1º Turno";1;"AP";"06157";"SANTANA";6;189;1;"Principal";-1;1279;"E.M. PROF. IRANILDE";1;"Convencional";"RUA D-6, 12";"VILA AMAZONAS";"68925000";"3283 5606";"-,0549999";"-51,1590609";1;"ATIVO";-1;"ATIVO";1;"ATIVO";1;"Ativo";"0";"Sem acessibilidade";350;349;349;0;1279;"E.M. PROF. IRANILDE";"RUA D-6, 12"
"05/10/2026";"06:29:34";2026;"04/10/2026";"1º Turno";1;"AP";"06050";"MACAPÁ";14;99;1;"Principal";-1;1147;"EEEF MARIO DAVID ANDREAZZA";1;"Convencional";"RAIMUNDO RAMOS DOS PASSOS 495";"PERPETUO SOCORRO";"68900000";"32125271";",0483913";"-51,0467397";1;"ATIVO";-1;"ATIVO";1;"ATIVO";1;"Ativo";"0";"Sem acessibilidade";391;390;390;0;1147;"EEEF MARIO DAVID ANDREAZZA";"RAIMUNDO RAMOS DOS PASSOS 495"
"05/10/2026";"06:29:34";2026;"04/10/2026";"1º Turno";1;"AP";"06050";"MACAPÁ";14;18;1;"Principal";-1;1040;"CENTRO EDUCACIONAL IRMÃ CARMELA BONASSI";1;"Convencional";"AV. DEZOITO, 1792";"MARABAIXO III";"68909857";"+5596991360104";",0463151";"-51,1256065";1;"ATIVO";-1;"ATIVO";1;"ATIVO";1;"Ativo";"0";"Sem acessibilidade";436;433;433;0;1040;"CENTRO EDUCACIONAL IRMÃ CARMELA BONASSI";"AV. DEZOITO, 1792"
"05/10/2026";"06:29:34";2026;"04/10/2026";"1º Turno";1;"AP";"06050";"MACAPÁ";14;372;1;"Principal";-1;1546;"UNIVERSIDADE DO ESTADO DO AMAPÁ - UEAP";1;"Convencional";"AV PRESIDENTE VARGAS,650";"CENTRO";"68900070";"+5596991119207";",0383042";"-51,0555888";1;"ATIVO";-1;"ATIVO";1;"ATIVO";1;"Ativo";"0";"Sem acessibilidade";197;196;196;0;1546;"UNIVERSIDADE DO ESTADO DO AMAPÁ - UEAP";"AV PRESIDENTE VARGAS,650"
"05/10/2026";"06:29:34";2026;"04/10/2026";"1º Turno";1;"AP";"06033";"CALÇOENE";1;65;1;"Principal";-1;1040;"ESCOLA ESTADUAL JUVENAL GUIMARÃES TEIXEIRA";1;"Convencional";"AVENIDA JOSE LOURENÇO";"LOURENÇO";"68970000";"34261125";"2,31124626";"-51,6322036";1;"ATIVO";-1;"ATIVO";1;"ATIVO";1;"Ativo";"0";"Sem acessibilidade";359;359;359;0;1040;"ESCOLA ESTADUAL JUVENAL GUIMARÃES TEIXEIRA";"AVENIDA JOSE LOURENÇO"
"05/10/2026";"06:29:34";2026;"04/10/2026";"1º Turno";1;"AP";"06050";"MACAPÁ";14;257;1;"Principal";-1;1368;"ESCOLA ESTADUAL PROF. NILTON BALIEIRO MACHADO";1;"Convencional";"DECIMA QUINTA AVENIDA, S/N (ESQUINA COM A QUINTA RUA)";"MARABAIXO III";"68900000";"+5596991539690";",0441313";"-51,127965";1;"ATIVO";-1;"ATIVO";1;"ATIVO";1;"Ativo";"0";"Sem acessibilidade";394;390;390;0;1368;"ESCOLA ESTADUAL PROF. NILTON BALIEIRO MACHADO";"DECIMA QUINTA AVENIDA, S/N (ESQUINA COM A QUINTA RUA)"
"05/10/2026";"06:29:34";2026;"04/10/2026";"1º Turno";1;"AP";"06157";"SANTANA";6;234;1;"Principal";-1;1430;"ESCOLA MUNICIPAL NOSSA SENHORA DA CONCEICAO";1;"Convencional";"AV. JOSE DE ANCHIETA, 399-A";"COMERCIAL";"68925000";"99141164";"-,0497623";"-51,1757274";1;"ATIVO";-1;"ATIVO";1;"ATIVO";1;"Ativo";"0";"Sem acessibilidade";207;207;207;0;1430;"ESCOLA MUNICIPAL NOSSA SENHORA DA CONCEICAO";"AV. JOSE DE ANCHIETA, 399-A"
"05/10/2026";"06:29:34";2026;"04/10/2026";"1º Turno";1;"AP";"06092";"OIAPOQUE";4;87;1;"Principal";-1;1147;"ESCOLA MUNICIPAL VILA VITÓRIA";1;"Convencional";"VILA VITÓRIA - MARGEM DIREITA DO RIO OIAPOQUE";"VILA VITORIA";"68980000";"-1";"3,88240682";"-51,79706465";1;"ATIVO";-1;"ATIVO";1;"ATIVO";1;"Ativo";"0";"Sem acessibilidade";248;249;249;0;1147;"ESCOLA MUNICIPAL VILA VITÓRIA";"VILA VITÓRIA - MARGEM DIREITA DO RIO OIAPOQUE"
"05/10/2026";"06:29:34";2026;"04/10/2026";"1º Turno";1;"AP";"06050";"MACAPÁ";10;488;1;"Principal";-1;1724;"ESCOLA ESTADUAL PROFESSOR ANTONIO MUNHOZ LOPES";1;"Convencional";"CONJUNTO HABITACIONAL MACAPABA";"MACAPABA";"68900000";"-1";",086194";"-51,0949749";1;"ATIVO";-1;"ATIVO";1;"ATIVO";1;"Ativo";"0";"Sem acessibilidade";348;347;347;0;1724;"ESCOLA ESTADUAL PROFESSOR ANTONIO MUNHOZ LOPES";"CONJUNTO HABITACIONAL MACAPABA"
"05/10/2026";"06:29:34";2026;"04/10/2026";"1º Turno";1;"AP";"06009";"PRACUÚBA";1;48;1;"Principal";-1;1279;"ESCOLA ESTADUAL ERNESTO COLARES";1;"Convencional";"AV SÃO PEDRO, 1158";"CENTRO";"68918000";"-1";"-1";"-1";1;"ATIVO";-1;"ATIVO";1;"ATIVO";1;"Ativo";"0";"Sem acessibilidade";303;303;303;0;1112;"ESCOLA MUNICIPAL AUGUSTO ROCHA DE OLIVEIRA";"AV. VILA SÃO PEDRO, S/N"
"05/10/2026";"06:29:34";2026;"04/10/2026";"1º Turno";1;"AP";"06050";"MACAPÁ";2;919;1;"Principal";-1;2720;"ESCOLA ESTADUAL DR.ALEXANDRE VAZ TAVARES";1;"Convencional";"AV FELICIANO COELHO                                SN";"TREM";"68900000";"+5596984097424";",0294743";"-51,0595886";1;"ATIVO";-1;"ATIVO";1;"ATIVO";1;"Ativo";"1";"Com acessibilidade";326;325;325;0;2720;"ESCOLA ESTADUAL DR.ALEXANDRE VAZ TAVARES";"AV FELICIANO COELHO                                SN"
"05/10/2026";"06:29:34";2026;"04/10/2026";"1º Turno";1;"AP";"06050";"MACAPÁ";2;494;1;"Principal";-1;1791;"ESCOLA ESTADUAL IRINEU DA GAMA PAES";1;"Convencional";"AV RAIMUNDO CAXIAS DE SOUZA                      SN";"CONGOS";"68900000";"+5596981151638";",0090684";"-51,0934478";1;"ATIVO";-1;"ATIVO";1;"ATIVO";1;"Ativo";"0";"Sem acessibilidade";252;253;253;0;2046;"ESCOLA ESTADUAL PROFª BENIGNA MOREIRA DE SOUZA";"RUA RAUL MONTEIRO VALDEZ - 1500"
"05/10/2026";"06:29:34";2026;"04/10/2026";"1º Turno";1;"AP";"06157";"SANTANA";6;107;1;"Principal";-1;1147;"E.P.G. JOSE DE RIBAMAR PESTANA";1;"Convencional";"TV. PALMIRA MIRANDA DE ANDRADE, 540";"NOVA BRASÍLIA I";"68925000";"3283 2837";"-,0464025";"-51,1602663";1;"ATIVO";-1;"ATIVO";1;"ATIVO";1;"Ativo";"0";"Sem acessibilidade";343;342;342;0;1147;"E.P.G. JOSE DE RIBAMAR PESTANA";"TV. PALMIRA MIRANDA DE ANDRADE, 540"
"05/10/2026";"06:29:34";2026;"04/10/2026";"1º Turno";1;"AP";"06017";"AMAPÁ";1;79;1;"Principal";-1;1309;"ESCOLA MUNICIPAL DO CRUZEIRO";1;"Convencional";"ASSENTAMENTO DO CRUZEIRO";"CRUZEIRO";"68950000";"-1";"1,9935855";"-50,9679392";1;"ATIVO";-1;"ATIVO";1;"ATIVO";1;"Ativo";"0";"Sem acessibilidade";244;254;254;0;1309;"ESCOLA MUNICIPAL DO CRUZEIRO";"ASSENTAMENTO DO CRUZEIRO"
"05/10/2026";"06:29:34";2026;"04/10/2026";"1º Turno";1;"AP";"06050";"MACAPÁ";2;697;1;"Principal";-1;2208;"ESCOLA MUNICIPAL DE ENSINO FUNDAMENTAL ESFORÇO POPULAR";1;"Convencional";"RUA RAIMUNDO FERREIRA DA SILVA - 241";"MUCA";"68900000";"32415652";",0116414";"-51,0773336";1;"ATIVO";-1;"ATIVO";1;"ATIVO";1;"Ativo";"0";"Sem acessibilidade";261;260;260;0;2208;"ESCOLA MUNICIPAL DE ENSINO FUNDAMENTAL ESFORÇO POPULAR";"RUA RAIMUNDO FERREIRA DA SILVA - 241"
"05/10/2026";"06:29:34";2026;"04/10/2026";"1º Turno";1;"AP";"06050";"MACAPÁ";2;81;1;"Principal";-1;1139;"ESCOLA ESTADUAL PROFº JOSÉ FIRMO DO NASCIMENTO";1;"Convencional";"AV CLODOVIO COELHO  - 145  - TREM";"BEIROL";"68900000";"+5596981010886";",0232182";"-51,0625066";1;"ATIVO";-1;"ATIVO";1;"ATIVO";1;"Ativo";"1";"Com acessibilidade";232;232;232;0;1139;"ESCOLA ESTADUAL PROFº JOSÉ FIRMO DO NASCIMENTO";"AV CLODOVIO COELHO  - 145  - TREM"
"05/10/2026";"06:29:34";2026;"04/10/2026";"1º Turno";1;"AP";"06050";"MACAPÁ";2;492;1;"Principal";-1;1996;"ESCOLA ESTADUAL PROFº ROBERTO JOSE MORAIS DE CASTRO";1;"Convencional";"RUA JOVINO DINOA, 152";"BEIROL";"68908110";"-1";",0181997";"-51,0612885";1;"ATIVO";-1;"ATIVO";1;"ATIVO";1;"Ativo";"0";"Sem acessibilidade";314;314;314;0;1996;"ESCOLA ESTADUAL PROFº ROBERTO JOSE MORAIS DE CASTRO";"RUA JOVINO DINOA, 152"
"05/10/2026";"06:29:34";2026;"04/10/2026";"1º Turno";1;"AP";"06050";"MACAPÁ";14;354;1;"Principal";-1;1503;"ESCOLA MUNICIPAL DE ENSINO INFANTIL MEU PE DE LARANJA LIMA";1;"Convencional";"AV. MENDONÇA JUNIOR, 2838";"SANTA RITA";"68901282";"96981065958";",036583";"-51,0690465";1;"ATIVO";-1;"ATIVO";1;"ATIVO";1;"Ativo";"0";"Sem acessibilidade";249;249;249;0;1503;"ESCOLA MUNICIPAL DE ENSINO INFANTIL MEU PE DE LARANJA LIMA";"AV. MENDONÇA JUNIOR, 2838"
"05/10/2026";"06:29:34";2026;"04/10/2026";"1º Turno";1;"AP";"06050";"MACAPÁ";2;450;1;"Principal";-1;1171;"ESCOLA ESTADUAL PROFª SEBASTIANA LENIR DE ALMEIDA";1;"Convencional";"AV DIOGENES SILVA         123        BURITIZAL";"BURITIZAL";"68902891";"+5596991579520";",0258939";"-51,0728225";1;"ATIVO";-1;"ATIVO";1;"ATIVO";1;"Ativo";"0";"Sem acessibilidade";289;288;288;0;1171;"ESCOLA ESTADUAL PROFª SEBASTIANA LENIR DE ALMEIDA";"AV DIOGENES SILVA         123        BURITIZAL"
"05/10/2026";"06:29:34";2026;"04/10/2026";"1º Turno";1;"AP";"06092";"OIAPOQUE";4;41;1;"Principal";-1;1147;"ESCOLA MUNICIPAL VILA VITÓRIA";1;"Convencional";"VILA VITÓRIA - MARGEM DIREITA DO RIO OIAPOQUE";"VILA VITORIA";"68980000";"-1";"3,88240682";"-51,79706465";1;"ATIVO";-1;"ATIVO";1;"ATIVO";1;"Ativo";"0";"Sem acessibilidade";251;251;251;0;1147;"ESCOLA MUNICIPAL VILA VITÓRIA";"VILA VITÓRIA - MARGEM DIREITA DO RIO OIAPOQUE"
"05/10/2026";"06:29:34";2026;"04/10/2026";"1º Turno";1;"AP";"06041";"ITAUBAL";10;410;1;"Principal";-1;1040;"ESCOLA ESTADUAL EUGENIO MACHADO";1;"Convencional";"FOZ DO RIO MACACOARI";"FOZ DO RIO MACACOARI";"68900000";"-1";",3038965";"-50,7077096";1;"ATIVO";-1;"ATIVO";1;"ATIVO";1;"Ativo";"1";"Com acessibilidade";185;182;182;0;1040;"ESCOLA ESTADUAL EUGENIO MACHADO";"FOZ DO RIO MACACOARI"
"05/10/2026";"06:29:34";2026;"04/10/2026";"1º Turno";1;"AP";"06157";"SANTANA";6;56;1;"Principal";-1;1112;"E.E. ALMIRANTE BARROSO";1;"Convencional";"AV. 7 DE SETEMBRO, 533";"COMERCIAL";"68925108";"3281 3018";"-,04850279";"-51,17737876";1;"ATIVO";-1;"ATIVO";1;"ATIVO";1;"Ativo";"0";"Sem acessibilidade";296;298;298;0;1112;"E.E. ALMIRANTE BARROSO";"AV. 7 DE SETEMBRO, 533"
"05/10/2026";"06:29:34";2026;"04/10/2026";"1º Turno";1;"AP";"06157";"SANTANA";6;224;1;"Principal";-1;1392;"ESCOLA ESTADUAL PADRE SIMAO CORRIDORI";1;"Convencional";"RUA CLAUDIO LUCIO MONTEIRO, 1737";"REMEDIOS II";"68925000";"-1";"-,0533839";"-51,1636298";1;"ATIVO";-1;"ATIVO";1;"ATIVO";1;"Ativo";"0";"Sem acessibilidade";310;309;309;0;1392;"ESCOLA ESTADUAL PADRE SIMAO CORRIDORI";"RUA CLAUDIO LUCIO MONTEIRO, 1737"
"05/10/2026";"06:29:34";2026;"04/10/2026";"1º Turno";1;"AP";"06157";"SANTANA";6;246;1;"Principal";-1;1392;"ESCOLA ESTADUAL PADRE SIMAO CORRIDORI";1;"Convencional";"RUA CLAUDIO LUCIO MONTEIRO, 1737";"REMEDIOS II";"68925000";"-1";"-,0533839";"-51,1636298";1;"ATIVO";-1;"ATIVO";1;"ATIVO";1;"Ativo";"0";"Sem acessibilidade";301;299;299;0;1392;"ESCOLA ESTADUAL PADRE SIMAO CORRIDORI";"RUA CLAUDIO LUCIO MONTEIRO, 1737"
"05/10/2026";"06:29:34";2026;"04/10/2026";"1º Turno";1;"AP";"06076";"MAZAGÃO";5;1;1;"Principal";-1;1015;"ESCOLA ESTADUAL DR. MURILO BRAGA";1;"Convencional";"AV PREFEITO OSMUNDO COSTA, 439";"CENTRO";"68940000";"-1";"-,11486296";"-51,28541108";1;"ATIVO";-1;"ATIVO";1;"ATIVO";1;"Ativo";"0";"Sem acessibilidade";260;380;380;0;1015;"ESCOLA ESTADUAL DR. MURILO BRAGA";"AV PREFEITO OSMUNDO COSTA, 439"
"05/10/2026";"06:29:34";2026;"04/10/2026";"1º Turno";1;"AP";"06050";"MACAPÁ";2;646;1;"Principal";-1;2119;"ESCOLA MUNICIPAL DE ENSINO FUNDAMENTAL WILSON MALCHER";1;"Convencional";"RUA JOÃO DE CASTRO , S/N";"JARDIM EQUATORIAL";"68900000";"+5596984144863";",0063263";"-51,0687238";1;"ATIVO";-1;"ATIVO";1;"ATIVO";1;"Ativo";"0";"Sem acessibilidade";336;337;337;0;2119;"ESCOLA MUNICIPAL DE ENSINO FUNDAMENTAL WILSON MALCHER";"RUA JOÃO DE CASTRO , S/N"
"05/10/2026";"06:29:34";2026;"04/10/2026";"1º Turno";1;"AP";"06157";"SANTANA";6;248;1;"Principal";-1;1074;"E.E.T.I.  AUGUSTO ANTUNES";1;"Convencional";"TRAVESSA PEDRO SALVADOR DINIZ, 1631";"NOVA BRASÍLIA I";"68927230";"3281 3067";"-,0440221";"-51,1648759";1;"ATIVO";-1;"ATIVO";1;"ATIVO";1;"Ativo";"1";"Com acessibilidade";344;341;341;0;1074;"E.E.T.I.  AUGUSTO ANTUNES";"TRAVESSA PEDRO SALVADOR DINIZ, 1631"
"05/10/2026";"06:29:34";2026;"04/10/2026";"1º Turno";1;"AP";"06009";"PRACUÚBA";1;80;1;"Principal";-1;1244;"ESCOLA ESTADUAL JOÃO EVANGELISTA LOPES";1;"Convencional";"VILA PERNAMBUCO";"PERNAMBUCO";"68900000";"-1";"1,7286443";"-50,9300224";1;"ATIVO";-1;"ATIVO";1;"ATIVO";1;"Ativo";"0";"Sem acessibilidade";147;147;147;0;1244;"ESCOLA ESTADUAL JOÃO EVANGELISTA LOPES";"VILA PERNAMBUCO"
"05/10/2026";"06:29:34";2026;"04/10/2026";"1º Turno";1;"AP";"06050";"MACAPÁ";14;28;1;"Principal";-1;1066;"E. E. SANTUÁRIO PERPÉTUO SOCORRO";1;"Convencional";"AV. JOSÉ TUPINAMBÁ  113,  PERPÉTUO SOCORRO";"PERPETUO SOCORRO";"68900000";"991005782";",0461677";"-51,0495477";1;"ATIVO";-1;"ATIVO";1;"ATIVO";1;"Ativo";"0";"Sem acessibilidade";349;348;348;0;1066;"E. E. SANTUÁRIO PERPÉTUO SOCORRO";"AV. JOSÉ TUPINAMBÁ  113,  PERPÉTUO SOCORRO"
"05/10/2026";"06:29:34";2026;"04/10/2026";"1º Turno";1;"AP";"06025";"PORTO GRANDE";12;22;1;"Principal";-1;1058;"ESC. EST. ELIAS FREITAS TRAJANO DE SOUZA";1;"Convencional";"RUA BELA VISTA, S/N";"AEROPORTO";"68997000";"-1";",70372892";"-51,40372491";1;"ATIVO";-1;"ATIVO";1;"ATIVO";1;"Ativo";"1";"Com acessibilidade";372;369;369;0;1058;"ESC. EST. ELIAS FREITAS TRAJANO DE SOUZA";"RUA BELA VISTA, S/N"
"05/10/2026";"06:29:34";2026;"04/10/2026";"1º Turno";1;"AP";"06157";"SANTANA";6;275;1;"Principal";-1;1201;"E.E. PROF. IZANETE VICTOR DOS SANTOS";1;"Convencional";"AV. COELHO NETO, 828";"PARAÍSO";"68925000";"3283 2783";"-,0294157";"-51,1673923";1;"ATIVO";-1;"ATIVO";1;"ATIVO";1;"Ativo";"0";"Sem acessibilidade";369;372;372;0;1201;"E.E. PROF. IZANETE VICTOR DOS SANTOS";"AV. COELHO NETO, 828"
"05/10/2026";"06:29:34";2026;"04/10/2026";"1º Turno";1;"AP";"06050";"MACAPÁ";10;475;1;"Principal";-1;2011;"ESCOLA QUILOMBOLA ESTADUAL PROFESSOR RAIMUNDO PEREIRA DA SILVA";1;"Convencional";"VILA DE MARUANUM SN";"VILA DE MARUANUM";"68900000";"96991207030";",1826517";"-51,2720383";1;"ATIVO";-1;"ATIVO";1;"ATIVO";1;"Ativo";"0";"Sem acessibilidade";269;269;269;0;2011;"ESCOLA QUILOMBOLA ESTADUAL PROFESSOR RAIMUNDO PEREIRA DA SILVA";"VILA DE MARUANUM SN"
"05/10/2026";"06:29:34";2026;"04/10/2026";"1º Turno";1;"AP";"06157";"SANTANA";6;85;1;"Principal";-1;1082;"E.P.G. JOANIRA DEL CASTILO";1;"Convencional";"TV. PEDRO TEIXEIRA, 194";"NOVA BRASÍLIA I";"68927251";"3283 2659";"-,0407868";"-51,1662145";1;"ATIVO";-1;"ATIVO";1;"ATIVO";1;"Ativo";"0";"Sem acessibilidade";267;266;266;0;1082;"E.P.G. JOANIRA DEL CASTILO";"TV. PEDRO TEIXEIRA, 194"
"05/10/2026";"06:29:34";2026;"04/10/2026";"1º Turno";1;"AP";"06050";"MACAPÁ";2;632;1;"Principal";-1;2070;"ESCOLA ESTADUAL PROFª MARGARIDA ROCHA DA COSTA";1;"Convencional";"RODOVIA SALVADOR DINIZ, 1736";"IGARAPE DA FORTALEZA";"68911085";"+5596991658877";"-,0486964";"-51,1375111";1;"ATIVO";-1;"ATIVO";1;"ATIVO";1;"Ativo";"0";"Sem acessibilidade";208;209;209;0;2070;"ESCOLA ESTADUAL PROFª MARGARIDA ROCHA DA COSTA";"RODOVIA SALVADOR DINIZ, 1736"
"05/10/2026";"06:29:34";2026;"04/10/2026";"1º Turno";1;"AP";"06050";"MACAPÁ";10;402;1;"Principal";-1;1694;"ESCOLA MUNICIPAL LÚCIA NEVES DENIUR";1;"Convencional";"ALAMEDA CIRIGUELA, N 1088";"BRASIL NOVO";"68909333";"-1";",0986836";"-51,0849266";1;"ATIVO";-1;"ATIVO";1;"ATIVO";1;"Ativo";"1";"Com acessibilidade";385;384;384;0;1694;"ESCOLA MUNICIPAL LÚCIA NEVES DENIUR";"ALAMEDA CIRIGUELA, N 1088"
"05/10/2026";"06:29:34";2026;"04/10/2026";"1º Turno";1;"AP";"06050";"MACAPÁ";2;424;1;"Principal";-1;1783;"ESCOLA ESTADUAL LAURO CHAVES";1;"Convencional";"AV TEMBES       SN";"MUCA";"68900000";"32411440";",0130979";"-51,074366";1;"ATIVO";-1;"ATIVO";1;"ATIVO";1;"Ativo";"0";"Sem acessibilidade";260;260;260;0;1783;"ESCOLA ESTADUAL LAURO CHAVES";"AV TEMBES       SN"
"05/10/2026";"06:29:34";2026;"04/10/2026";"1º Turno";1;"AP";"06050";"MACAPÁ";2;569;1;"Principal";-1;1848;"ESCOLA ESTADUAL PROFº ANTONIO CASTRO MONTEIRO";1;"Convencional";"AV. DOM JOSE MARITANO         700";"ZERAO";"68900000";"+5596984136039";"-,0018708";"-51,097023";1;"ATIVO";-1;"ATIVO";1;"ATIVO";1;"Ativo";"0";"Sem acessibilidade";339;338;338;0;1848;"ESCOLA ESTADUAL PROFº ANTONIO CASTRO MONTEIRO";"AV. DOM JOSE MARITANO         700"
"05/10/2026";"06:29:34";2026;"04/10/2026";"1º Turno";1;"AP";"06050";"MACAPÁ";2;433;1;"Principal";-1;2020;"ESCOLA ESTADUAL PROFº ANTONIO MESSIAS GONÇALVES DA SILVA";1;"Convencional";"AV. DOM JOSÉ MARITANO, 622";"ZERAO";"68900000";"+5596991046541";"-,0022242";"-51,1001204";1;"ATIVO";-1;"ATIVO";1;"ATIVO";1;"Ativo";"0";"Sem acessibilidade";347;346;346;0;2020;"ESCOLA ESTADUAL PROFº ANTONIO MESSIAS GONÇALVES DA SILVA";"AV. DOM JOSÉ MARITANO, 622"
"05/10/2026";"06:29:34";2026;"04/10/2026";"1º Turno";1;"AP";"06050";"MACAPÁ";2;467;1;"Principal";-1;2020;"ESCOLA ESTADUAL PROFº ANTONIO MESSIAS GONÇALVES DA SILVA";1;"Convencional";"AV. DOM JOSÉ MARITANO, 622";"ZERAO";"68900000";"+5596991046541";"-,0022242";"-51,1001204";1;"ATIVO";-1;"ATIVO";1;"ATIVO";1;"Ativo";"0";"Sem acessibilidade";346;345;345;0;2020;"ESCOLA ESTADUAL PROFº ANTONIO MESSIAS GONÇALVES DA SILVA";"AV. DOM JOSÉ MARITANO, 622"
"05/10/2026";"06:29:34";2026;"04/10/2026";"1º Turno";1;"AP";"06050";"MACAPÁ";2;753;1;"Principal";-1;1899;"UNIVERSIDADE FEDERAL DO AMAPA - UNIFAP";1;"Convencional";"ROD. JOSMAR CHAVES PINTO, KM 02   JARDIM MARCO ZERO";"UNIVERSIDADE";"68903419";"+5596981159919";"-,0065359";"-51,0845096";1;"ATIVO";-1;"ATIVO";1;"ATIVO";1;"Ativo";"0";"Sem acessibilidade";379;368;368;0;1899;"UNIVERSIDADE FEDERAL DO AMAPA - UNIFAP";"ROD. JOSMAR CHAVES PINTO, KM 02   JARDIM MARCO ZERO"
"05/10/2026";"06:29:34";2026;"04/10/2026";"1º Turno";1;"AP";"06050";"MACAPÁ";2;864;1;"Principal";-1;2666;"ESCOLA ESTADUAL JOSEFA JUCILEIDE AMORAS COLARES";1;"Convencional";"AV.RAIMUNDO TEQUILO GOES DE ALMEIDA    000147";"NOVA ESPERANCA";"68901610";"+5596991990317";",0317616";"-51,0825624";1;"ATIVO";-1;"ATIVO";1;"ATIVO";1;"Ativo";"0";"Sem acessibilidade";365;362;362;0;2666;"ESCOLA ESTADUAL JOSEFA JUCILEIDE AMORAS COLARES";"AV.RAIMUNDO TEQUILO GOES DE ALMEIDA    000147"
"05/10/2026";"06:29:34";2026;"04/10/2026";"1º Turno";1;"AP";"06157";"SANTANA";6;228;1;"Principal";-1;1120;"E.P.G. PADRE ANGELO BIRACHI";1;"Convencional";"RUA GENERAL EMILIO GARRASTAZU MEDICI, 796";"PARAÍSO";"68925000";"3281 4963";"-,03016454";"-51,17457792";1;"ATIVO";-1;"ATIVO";1;"ATIVO";1;"Ativo";"1";"Com acessibilidade";217;216;216;0;1414;"ESCOLA MUNICIPAL BASICA PARAISO DA CIDADANIA - BIRAGUINHO";"RUA JK, 690"
"05/10/2026";"06:29:34";2026;"04/10/2026";"1º Turno";1;"AP";"06130";"LARANJAL DO JARI";7;178;1;"Principal";-1;1228;"ESCOLA MUNICIPAL ZÉLIA CONCEIÇÃO SOUSA DA SILVA";1;"Convencional";"RUA 19 DE ABRIL, 2822";"NOVA ESPERANCA";"68920000";"-1";"-,8430562";"-52,5112463";1;"ATIVO";-1;"ATIVO";1;"ATIVO";1;"Ativo";"0";"Sem acessibilidade";330;328;328;0;1228;"ESCOLA MUNICIPAL ZÉLIA CONCEIÇÃO SOUSA DA SILVA";"RUA 19 DE ABRIL, 2822"
"05/10/2026";"06:29:34";2026;"04/10/2026";"1º Turno";1;"AP";"06009";"PRACUÚBA";1;44;1;"Principal";-1;1279;"ESCOLA ESTADUAL ERNESTO COLARES";1;"Convencional";"AV SÃO PEDRO, 1158";"CENTRO";"68918000";"-1";"-1";"-1";1;"ATIVO";-1;"ATIVO";1;"ATIVO";1;"Ativo";"0";"Sem acessibilidade";293;293;293;0;1112;"ESCOLA MUNICIPAL AUGUSTO ROCHA DE OLIVEIRA";"AV. VILA SÃO PEDRO, S/N"
"05/10/2026";"06:29:34";2026;"04/10/2026";"1º Turno";1;"AP";"06050";"MACAPÁ";2;895;1;"Principal";-1;2690;"ESCOLA MUNICIPAL DE ENSINO FUNDAMENTAL HILDEMAR MAIA";1;"Convencional";"AV CONEGO DOMINGOS MALTEZ                            SN";"TREM";"68900000";"5596981166806";",028695";"-51,0593602";1;"ATIVO";-1;"ATIVO";1;"ATIVO";1;"Ativo";"0";"Sem acessibilidade";214;215;215;0;2690;"ESCOLA MUNICIPAL DE ENSINO FUNDAMENTAL HILDEMAR MAIA";"AV CONEGO DOMINGOS MALTEZ                            SN"
"05/10/2026";"06:29:34";2026;"04/10/2026";"1º Turno";1;"AP";"06025";"PORTO GRANDE";12;10;1;"Principal";-1;1139;"ESCOLA MUNICIPAL ACRE";1;"Convencional";"AVENIDA OITO DE AGOSTO";"CENTRO";"68997000";"-1";",71233734";"-51,41411779";1;"ATIVO";-1;"ATIVO";1;"ATIVO";1;"Ativo";"1";"Com acessibilidade";361;360;360;0;1139;"ESCOLA MUNICIPAL ACRE";"AVENIDA OITO DE AGOSTO"
"05/10/2026";"06:29:34";2026;"04/10/2026";"1º Turno";1;"AP";"06050";"MACAPÁ";10;136;1;"Principal";-1;1368;"ESCOLA ESTADUAL SERAFINI COSTAPERARIA";1;"Convencional";"RUA JOSEFA PELAES DE SILVA, 2694";"JARDIM FELICIDADE II";"68909008";"999032287";",0933949";"-51,0591372";1;"ATIVO";-1;"ATIVO";1;"ATIVO";1;"Ativo";"0";"Sem acessibilidade";390;390;390;0;1368;"ESCOLA ESTADUAL SERAFINI COSTAPERARIA";"RUA JOSEFA PELAES DE SILVA, 2694"
"05/10/2026";"06:29:34";2026;"04/10/2026";"1º Turno";1;"AP";"06050";"MACAPÁ";10;85;1;"Principal";-1;2089;"IGREJA SANTA CRUZ - ANEXO I";4;"Temporário";"RUA VEREADOR JÚLIO MARIA PINTO PEREIRA, 629";"JARDIM FELICIDADE I";"68909000";"991634333";"-1";"-1";1;"ATIVO";-1;"ATIVO";1;"ATIVO";1;"Ativo";"0";"Sem acessibilidade";343;340;340;0;1198;"ESCOLA MUNICIPAL JARDIM FELICIDADE";"RUA VEREADOR JULIO MARIA PINTO PEREIRA 629"
"05/10/2026";"06:29:34";2026;"04/10/2026";"1º Turno";1;"AP";"06050";"MACAPÁ";14;133;1;"Principal";-1;1686;"E.E. SÃO BENEDITO";4;"Temporário";"ESCOLA ESTADUAL SÃO BENEDITO";"LAGUINHO";"68901018";"9632125242";"-1";"-1";1;"ATIVO";-1;"ATIVO";1;"ATIVO";1;"Ativo";"0";"Sem acessibilidade";332;333;333;0;1198;"EPG EDGAR LINO DA SILVA";"AV. ANA NERY, 233"
"05/10/2026";"06:29:34";2026;"04/10/2026";"1º Turno";1;"AP";"06157";"SANTANA";6;247;1;"Principal";-1;1155;"E.E. PROF. FRANCISCO WALCY LOBATO LIMA";1;"Convencional";"AV. MARIA COLARES, 1940";"NOVA BRASÍLIA I";"68927299";"3283 2601";"-,0365765";"-51,1660317";1;"ATIVO";-1;"ATIVO";1;"ATIVO";1;"Ativo";"0";"Sem acessibilidade";309;309;309;0;1155;"E.E. PROF. FRANCISCO WALCY LOBATO LIMA";"AV. MARIA COLARES, 1940"
"05/10/2026";"06:29:34";2026;"04/10/2026";"1º Turno";1;"AP";"06157";"SANTANA";6;64;1;"Principal";-1;1112;"E.E. ALMIRANTE BARROSO";1;"Convencional";"AV. 7 DE SETEMBRO, 533";"COMERCIAL";"68925108";"3281 3018";"-,04850279";"-51,17737876";1;"ATIVO";-1;"ATIVO";1;"ATIVO";1;"Ativo";"0";"Sem acessibilidade";305;304;304;0;1112;"E.E. ALMIRANTE BARROSO";"AV. 7 DE SETEMBRO, 533"
"05/10/2026";"06:29:34";2026;"04/10/2026";"1º Turno";1;"AP";"06157";"SANTANA";6;214;1;"Principal";-1;1333;"ESCOLA MUNICIPAL GENTILA ANSELMO NOBRE";1;"Convencional";"RUA EVERALDO VASCONCELOS, 365";"FONTE NOVA";"68925000";"-1";"-,02133618";"-51,1769795";1;"ATIVO";-1;"ATIVO";1;"ATIVO";1;"Ativo";"0";"Sem acessibilidade";301;305;305;0;1333;"ESCOLA MUNICIPAL GENTILA ANSELMO NOBRE";"RUA EVERALDO VASCONCELOS, 365"
"05/10/2026";"06:29:34";2026;"04/10/2026";"1º Turno";1;"AP";"06114";"FERREIRA GOMES";12;64;1;"Principal";-1;1040;"ESCOLA MUNICIPAL PASTOR JACI TORQUATO";1;"Convencional";"AV COSTA E SILVA, 1002";"CENTRO";"68915000";"-1";",8526622";"-51,18396644";1;"ATIVO";-1;"ATIVO";1;"ATIVO";1;"Ativo";"1";"Com acessibilidade";254;254;254;0;1040;"ESCOLA MUNICIPAL PASTOR JACI TORQUATO";"AV COSTA E SILVA, 1002"
"05/10/2026";"06:29:34";2026;"04/10/2026";"1º Turno";1;"AP";"06050";"MACAPÁ";10;163;1;"Principal";-1;1317;"ESCOLA ESTADUAL PROFESSORA ESTHER DA SILVA VIRGOLINO";1;"Convencional";"RUA JOSE AURINO BORGES, 924";"SAO LAZARO";"68909806";"00000";",0989435";"-51,0463416";1;"ATIVO";-1;"ATIVO";1;"ATIVO";1;"Ativo";"0";"Sem acessibilidade";335;330;330;0;1317;"ESCOLA ESTADUAL PROFESSORA ESTHER DA SILVA VIRGOLINO";"RUA JOSE AURINO BORGES, 924"
"05/10/2026";"06:29:34";2026;"04/10/2026";"1º Turno";1;"AP";"06050";"MACAPÁ";14;75;1;"Principal";-1;1716;"ESCOLA ESTADUAL BARÃO DO RIO BRANCO";4;"Temporário";"AV. FAB, 122";"CENTRAL";"68900073";"-1";"-1";"-1";1;"ATIVO";-1;"ATIVO";1;"ATIVO";1;"Ativo";"0";"Sem acessibilidade";354;352;352;0;1120;"EEEF GENERAL AZEVEDO COSTA";"AV. JOSE ANTONIO SIQUEIRA 111"
"05/10/2026";"06:29:34";2026;"04/10/2026";"1º Turno";1;"AP";"06050";"MACAPÁ";14;163;1;"Principal";-1;1252;"ESCOLA ESTADUAL ANTONIO CORDEIRO PONTES";1;"Convencional";"AV FAB  , 264";"CENTRO";"68900000";"32231039";",04041684";"-51,05211013";1;"ATIVO";-1;"ATIVO";1;"ATIVO";1;"Ativo";"0";"Sem acessibilidade";240;240;240;0;1252;"ESCOLA ESTADUAL ANTONIO CORDEIRO PONTES";"AV FAB  , 264"
"05/10/2026";"06:29:34";2026;"04/10/2026";"1º Turno";1;"AP";"06041";"ITAUBAL";10;1;1;"Principal";-1;1015;"ESCOLA ESTADUAL ANA CLAUDINA PICANÇO";1;"Convencional";"VILA DO CARMO DO MACACOARI";"CARMO DO MACACOARI";"68900000";"+5596984068090";",5058683";"-50,7487266";1;"ATIVO";-1;"ATIVO";1;"ATIVO";1;"Ativo";"0";"Sem acessibilidade";351;352;352;0;1015;"ESCOLA ESTADUAL ANA CLAUDINA PICANÇO";"VILA DO CARMO DO MACACOARI"
"05/10/2026";"06:29:34";2026;"04/10/2026";"1º Turno";1;"AP";"06122";"VITÓRIA DO JARI";7;145;1;"Principal";-1;1023;"ESCOLA ESTADUAL JARILÂNDIA";1;"Convencional";"VILA DE JARILÂNDIA, N. 1222";"VILA DE SAO JOAO DO CAJARI";"68920000";"36229000";"-1,1240376";"-51,9947213";1;"ATIVO";-1;"ATIVO";1;"ATIVO";1;"Ativo";"0";"Sem acessibilidade";259;258;258;0;1023;"ESCOLA ESTADUAL JARILÂNDIA";"VILA DE JARILÂNDIA, N. 1222"
"05/10/2026";"06:29:34";2026;"04/10/2026";"1º Turno";1;"AP";"06050";"MACAPÁ";2;667;1;"Principal";-1;2119;"ESCOLA MUNICIPAL DE ENSINO FUNDAMENTAL WILSON MALCHER";1;"Convencional";"RUA JOÃO DE CASTRO , S/N";"JARDIM EQUATORIAL";"68900000";"+5596984144863";",0063263";"-51,0687238";1;"ATIVO";-1;"ATIVO";1;"ATIVO";1;"Ativo";"1";"Com acessibilidade";336;334;334;0;2119;"ESCOLA MUNICIPAL DE ENSINO FUNDAMENTAL WILSON MALCHER";"RUA JOÃO DE CASTRO , S/N"
"05/10/2026";"06:29:34";2026;"04/10/2026";"1º Turno";1;"AP";"06050";"MACAPÁ";2;815;1;"Principal";-1;2321;"ESCOLA ESTADUAL PROFª NANCI NINA COSTA";1;"Convencional";"AV. INSPETOR AIMORÉ, 1331";"ZERAO";"68900000";"+5596981452190";",0015588";"-51,0873044";1;"ATIVO";-1;"ATIVO";1;"ATIVO";1;"Ativo";"0";"Sem acessibilidade";385;383;383;0;2321;"ESCOLA ESTADUAL PROFª NANCI NINA COSTA";"AV. INSPETOR AIMORÉ, 1331"
"05/10/2026";"06:29:34";2026;"04/10/2026";"1º Turno";1;"AP";"06173";"TARTARUGALZINHO";8;26;1;"Principal";-1;1031;"ESC EST REISALINA FERREIRA TOMAZ";1;"Convencional";"AV. N. S. PERPÉTUO SOCORRO, 765";"CENTRO";"68990000";"+559634221199";"1,51009521";"-50,91264494";1;"ATIVO";-1;"ATIVO";1;"ATIVO";1;"Ativo";"0";"Sem acessibilidade";247;249;249;0;1031;"ESC EST REISALINA FERREIRA TOMAZ";"AV. N. S. PERPÉTUO SOCORRO, 765"
"05/10/2026";"06:29:34";2026;"04/10/2026";"1º Turno";1;"AP";"06157";"SANTANA";6;178;1;"Principal";-1;1210;"E.E. IGARAPE DA FORTALEZA";1;"Convencional";"RUA RIO MATAPI, 121";"IGARAPÉ DA FORTALEZA";"68925000";"3283 2250";"-,0473052";"-51,1450026";1;"ATIVO";-1;"ATIVO";1;"ATIVO";1;"Ativo";"0";"Sem acessibilidade";372;372;372;0;1210;"E.E. IGARAPE DA FORTALEZA";"RUA RIO MATAPI, 121"
"05/10/2026";"06:29:34";2026;"04/10/2026";"1º Turno";1;"AP";"06092";"OIAPOQUE";4;64;1;"Principal";-1;1120;"CAMPUS UNIVERSITÁRIO BINACIONAL - UNIFAP";1;"Convencional";"BR 156 - KM 01";"UNIVERSIDADE";"68980000";"-1";"3,83941796";"-51,81908173";1;"ATIVO";-1;"ATIVO";1;"ATIVO";1;"Ativo";"0";"Sem acessibilidade";277;270;270;0;1120;"CAMPUS UNIVERSITÁRIO BINACIONAL - UNIFAP";"BR 156 - KM 01"
"05/10/2026";"06:29:34";2026;"04/10/2026";"1º Turno";1;"AP";"06050";"MACAPÁ";10;405;2;"Agregada";160;1430;"ESCOLA MUNICIPAL BENEDITA TAVARES";1;"Convencional";"RUA CATANZAL, 232";"VILA DO CANTANZAL";"68912800";"984136539";",8030768";"-50,6889128";1;"ATIVO";-1;"ATIVO";1;"ATIVO";1;"Ativo";"1";"Com acessibilidade";172;0;0;0;1430;"ESCOLA MUNICIPAL BENEDITA TAVARES";"RUA CATANZAL, 232"
"05/10/2026";"06:29:34";2026;"04/10/2026";"1º Turno";1;"AP";"06130";"LARANJAL DO JARI";7;22;1;"Principal";-1;1139;"ESCOLA ESTADUAL PROF. VANDA MARIA DE SOUZA CABETE";1;"Convencional";"AV. FORTALEZA, N. 1456";"LOTEAMENTO CAJARY";"68920000";"36211625";"-,8283483";"-52,5120059";5;"BLOQUEADO";-1;"ATIVO";1;"ATIVO";1;"Ativo";"0";"Sem acessibilidade";271;269;269;0;1139;"ESCOLA ESTADUAL PROF. VANDA MARIA DE SOUZA CABETE";"AV. FORTALEZA, N. 1456"
"05/10/2026";"06:29:34";2026;"04/10/2026";"1º Turno";1;"AP";"06076";"MAZAGÃO";5;52;1;"Principal";-1;1422;"ESCOLA MUNICIPAL AMELIA DO NASCIMENTO RODRIGUES";1;"Convencional";"TRAVESSA DA OLARIA, S/N";"OLARIA";"68940000";"-1";"-1";"-1";1;"ATIVO";-1;"ATIVO";1;"ATIVO";1;"Ativo";"0";"Sem acessibilidade";239;239;239;0;1422;"ESCOLA MUNICIPAL AMELIA DO NASCIMENTO RODRIGUES";"TRAVESSA DA OLARIA, S/N"
"05/10/2026";"06:29:34";2026;"04/10/2026";"1º Turno";1;"AP";"06050";"MACAPÁ";10;211;1;"Principal";-1;1503;"ESCOLA MUNICIPAL PROFESSOR JOSÉ LEOVES DE LIMA TEIXEIRA";1;"Convencional";"RUA RENASCIMENTO, 2041";"RENASCER";"68900000";"981381507";",0729854";"-51,0513328";1;"ATIVO";-1;"ATIVO";1;"ATIVO";1;"Ativo";"0";"Sem acessibilidade";392;388;388;0;1503;"ESCOLA MUNICIPAL PROFESSOR JOSÉ LEOVES DE LIMA TEIXEIRA";"RUA RENASCIMENTO, 2041"
"05/10/2026";"06:29:34";2026;"04/10/2026";"1º Turno";1;"AP";"06122";"VITÓRIA DO JARI";7;168;1;"Principal";-1;1082;"ESCOLA MUNICIPAL ÁLVARO MARQUES GONÇALVES";1;"Convencional";"PAS JOSÉ SIMEÃO DE SOUZA - 1361";"MINA";"68924000";"+5509636221243";"-,9193051";"-52,4146888";1;"ATIVO";-1;"ATIVO";1;"ATIVO";1;"Ativo";"0";"Sem acessibilidade";216;216;216;0;1082;"ESCOLA MUNICIPAL ÁLVARO MARQUES GONÇALVES";"PAS JOSÉ SIMEÃO DE SOUZA - 1361"
"05/10/2026";"06:29:34";2026;"04/10/2026";"1º Turno";1;"AP";"06050";"MACAPÁ";10;344;1;"Principal";-1;1368;"ESCOLA ESTADUAL SERAFINI COSTAPERARIA";1;"Convencional";"RUA JOSEFA PELAES DE SILVA, 2694";"JARDIM FELICIDADE II";"68909008";"999032287";",0933949";"-51,0591372";1;"ATIVO";-1;"ATIVO";1;"ATIVO";1;"Ativo";"1";"Com acessibilidade";391;390;390;0;1368;"ESCOLA ESTADUAL SERAFINI COSTAPERARIA";"RUA JOSEFA PELAES DE SILVA, 2694"
"05/10/2026";"06:29:34";2026;"04/10/2026";"1º Turno";1;"AP";"06050";"MACAPÁ";2;390;1;"Principal";-1;1848;"ESCOLA ESTADUAL PROFº ANTONIO CASTRO MONTEIRO";1;"Convencional";"AV. DOM JOSE MARITANO         700";"ZERAO";"68900000";"+5596984136039";"-,0018708";"-51,097023";1;"ATIVO";-1;"ATIVO";1;"ATIVO";1;"Ativo";"1";"Com acessibilidade";339;337;337;0;1848;"ESCOLA ESTADUAL PROFº ANTONIO CASTRO MONTEIRO";"AV. DOM JOSE MARITANO         700"
"05/10/2026";"06:29:34";2026;"04/10/2026";"1º Turno";1;"AP";"06092";"OIAPOQUE";4;20;1;"Principal";-1;1040;"ESCOLA DE PRIMEIRO GRAU MANGA";1;"Convencional";"ALDEIA MANGA";"ALDEIA MANGA";"68980000";"-1";"3,72512803";"-51,72036655";1;"ATIVO";-1;"ATIVO";1;"ATIVO";1;"Ativo";"0";"Sem acessibilidade";268;268;268;0;1040;"ESCOLA DE PRIMEIRO GRAU MANGA";"ALDEIA MANGA"
"05/10/2026";"06:29:34";2026;"04/10/2026";"1º Turno";1;"AP";"06025";"PORTO GRANDE";12;37;1;"Principal";-1;1147;"ESCOLA MUNICIPAL JOANA MARIA DA SILVA";1;"Convencional";"BR 210 KM 142";"COMUNIDADE KM 142";"68997000";"-1";",61853638";"-51,70088743";1;"ATIVO";-1;"ATIVO";1;"ATIVO";1;"Ativo";"1";"Com acessibilidade";232;231;231;0;1147;"ESCOLA MUNICIPAL JOANA MARIA DA SILVA";"BR 210 KM 142"
"05/10/2026";"06:29:34";2026;"04/10/2026";"1º Turno";1;"AP";"06050";"MACAPÁ";2;446;1;"Principal";-1;2151;"ESCOLA ESTADUAL RAIMUNDA VIRGOLINO";1;"Convencional";"RUA VILA DOS OLIVEIRAS, 837";"PEDRINHAS";"68903095";"32125268";",00756662";"-51,06437555";1;"ATIVO";-1;"ATIVO";1;"ATIVO";1;"Ativo";"0";"Sem acessibilidade";224;225;225;0;2151;"ESCOLA ESTADUAL RAIMUNDA VIRGOLINO";"RUA VILA DOS OLIVEIRAS, 837"
"05/10/2026";"06:29:34";2026;"04/10/2026";"1º Turno";1;"AP";"06076";"MAZAGÃO";5;90;1;"Principal";-1;1279;"ESCOLA MUNICIPAL PROFª IZIDORIA DA SILVA REIS";1;"Convencional";"FOZ DO RIO MAZAGAO VELHO";"DISTRITO DE MAZAGAO VELHO";"68940000";"-1";"-,2504387";"-51,3708698";1;"ATIVO";-1;"ATIVO";1;"ATIVO";1;"Ativo";"0";"Sem acessibilidade";242;241;241;0;1279;"ESCOLA MUNICIPAL PROFª IZIDORIA DA SILVA REIS";"FOZ DO RIO MAZAGAO VELHO"
"05/10/2026";"06:29:34";2026;"04/10/2026";"1º Turno";1;"AP";"06050";"MACAPÁ";14;130;1;"Principal";-1;1686;"E.E. SÃO BENEDITO";4;"Temporário";"ESCOLA ESTADUAL SÃO BENEDITO";"LAGUINHO";"68901018";"9632125242";"-1";"-1";1;"ATIVO";-1;"ATIVO";1;"ATIVO";1;"Ativo";"0";"Sem acessibilidade";336;336;336;0;1198;"EPG EDGAR LINO DA SILVA";"AV. ANA NERY, 233"
"05/10/2026";"06:29:34";2026;"04/10/2026";"1º Turno";1;"AP";"06050";"MACAPÁ";14;27;1;"Principal";-1;1058;"E. E. PROFª DEUZUITE CAVALCANTE";1;"Convencional";"AV. JOSÉ TUPINAMBÁ, 556, PERPÉTUO SOCORRO";"PERPETUO SOCORRO";"68900000";"991416677";",0457954";"-51,0448561";1;"ATIVO";-1;"ATIVO";1;"ATIVO";1;"Ativo";"1";"Com acessibilidade";388;386;386;0;1058;"E. E. PROFª DEUZUITE CAVALCANTE";"AV. JOSÉ TUPINAMBÁ, 556, PERPÉTUO SOCORRO"
"05/10/2026";"06:29:34";2026;"04/10/2026";"1º Turno";1;"AP";"06157";"SANTANA";6;205;1;"Principal";-1;1210;"E.E. IGARAPE DA FORTALEZA";1;"Convencional";"RUA RIO MATAPI, 121";"IGARAPÉ DA FORTALEZA";"68925000";"3283 2250";"-,0473052";"-51,1450026";1;"ATIVO";-1;"ATIVO";1;"ATIVO";1;"Ativo";"0";"Sem acessibilidade";371;371;370;0;1210;"E.E. IGARAPE DA FORTALEZA";"RUA RIO MATAPI, 121"
"05/10/2026";"06:29:34";2026;"04/10/2026";"1º Turno";1;"AP";"06157";"SANTANA";6;117;1;"Principal";-1;1074;"E.E.T.I.  AUGUSTO ANTUNES";1;"Convencional";"TRAVESSA PEDRO SALVADOR DINIZ, 1631";"NOVA BRASÍLIA I";"68927230";"3281 3067";"-,0440221";"-51,1648759";1;"ATIVO";-1;"ATIVO";1;"ATIVO";1;"Ativo";"0";"Sem acessibilidade";340;338;338;0;1074;"E.E.T.I.  AUGUSTO ANTUNES";"TRAVESSA PEDRO SALVADOR DINIZ, 1631"
"05/10/2026";"06:29:34";2026;"04/10/2026";"1º Turno";1;"AP";"06050";"MACAPÁ";2;635;1;"Principal";-1;1791;"ESCOLA ESTADUAL IRINEU DA GAMA PAES";1;"Convencional";"AV RAIMUNDO CAXIAS DE SOUZA                      SN";"CONGOS";"68900000";"+5596981151638";",0090684";"-51,0934478";1;"ATIVO";-1;"ATIVO";1;"ATIVO";1;"Ativo";"0";"Sem acessibilidade";359;358;358;0;1791;"ESCOLA ESTADUAL IRINEU DA GAMA PAES";"AV RAIMUNDO CAXIAS DE SOUZA                      SN"
"05/10/2026";"06:29:34";2026;"04/10/2026";"1º Turno";1;"AP";"06050";"MACAPÁ";2;789;1;"Principal";-1;1970;"ESCOLA ESTADUAL PROFª ARACY MIRANDA DE MONT ALVERNE";1;"Convencional";"AV. CARAMURU, 351";"BURITIZAL";"68900000";"+5596991390611";",0206229";"-51,0752537";1;"ATIVO";-1;"ATIVO";1;"ATIVO";1;"Ativo";"0";"Sem acessibilidade";310;311;311;0;1970;"ESCOLA ESTADUAL PROFª ARACY MIRANDA DE MONT ALVERNE";"AV. CARAMURU, 351"
"05/10/2026";"06:29:34";2026;"04/10/2026";"1º Turno";1;"AP";"06050";"MACAPÁ";2;99;1;"Principal";-1;1163;"ESCOLA MUNICIPAL DE ENSINO FUNDAMENTAL RORAIMA";1;"Convencional";"RUA HILDEMAR MAIA ,   2549";"BURITIZAL";"68902870";"000000000";",0239286";"-51,0709472";1;"ATIVO";-1;"ATIVO";1;"ATIVO";1;"Ativo";"0";"Sem acessibilidade";190;381;381;0;1163;"ESCOLA MUNICIPAL DE ENSINO FUNDAMENTAL RORAIMA";"RUA HILDEMAR MAIA ,   2549"
"05/10/2026";"06:29:34";2026;"04/10/2026";"1º Turno";1;"AP";"06033";"CALÇOENE";1;81;1;"Principal";-1;1031;"ESCOLA ESTADUAL IVANILDO FORTE SILVA";1;"Convencional";"RUA DAS FLORES, S/N, CENTRO, DISTRITO DO CARNOT";"CARNOT";"68960000";"-1";"2,69450855";"-51,36141634";1;"ATIVO";-1;"ATIVO";1;"ATIVO";1;"Ativo";"0";"Sem acessibilidade";268;267;267;0;1031;"ESCOLA ESTADUAL IVANILDO FORTE SILVA";"RUA DAS FLORES, S/N, CENTRO, DISTRITO DO CARNOT"
"05/10/2026";"06:29:34";2026;"04/10/2026";"1º Turno";1;"AP";"06050";"MACAPÁ";14;50;1;"Principal";-1;1694;"ESCOLA APAE";4;"Temporário";"AV. PARAÍBA, 168";"PACOVAL";"68908280";"96991999118";"-1";"-1";1;"ATIVO";-1;"ATIVO";1;"ATIVO";1;"Ativo";"0";"Sem acessibilidade";351;351;351;0;1082;"E.M.E.F. JOSE DUARTE DE AZEVEDO";"RUA SAO PAULO, 670"
"05/10/2026";"06:29:34";2026;"04/10/2026";"1º Turno";1;"AP";"06050";"MACAPÁ";10;310;1;"Principal";-1;1473;"ESCOLA ESTADUAL PROFESSORA ONEIDE PINTO LIMA";1;"Convencional";"RUA DAS FLORES, 254";"BONÉ AZUL";"68908645";"991072002";",0838682";"-51,0734081";1;"ATIVO";-1;"ATIVO";1;"ATIVO";1;"Ativo";"0";"Sem acessibilidade";372;370;370;0;1473;"ESCOLA ESTADUAL PROFESSORA ONEIDE PINTO LIMA";"RUA DAS FLORES, 254"
"05/10/2026";"06:29:34";2026;"04/10/2026";"1º Turno";1;"AP";"06092";"OIAPOQUE";4;67;1;"Principal";-1;1180;"ESCOLA MUNICIPAL PROFESSOR RUI MARQUES LOBO";1;"Convencional";"AVENIDA BARÃO DO RIO BRANCO, 960";"PLANALTO";"68980000";"-1";"3,83855395";"-51,83210956";1;"ATIVO";-1;"ATIVO";1;"ATIVO";1;"Ativo";"0";"Sem acessibilidade";274;275;275;0;1180;"ESCOLA MUNICIPAL PROFESSOR RUI MARQUES LOBO";"AVENIDA BARÃO DO RIO BRANCO, 960"
"05/10/2026";"06:29:34";2026;"04/10/2026";"1º Turno";1;"AP";"06050";"MACAPÁ";2;666;1;"Principal";-1;2330;"ESCOLA ESTADUAL NELITA ROCHA BRITO DIAS";1;"Convencional";"AV. NILO ALMEIDA, 01";"CONGOS";"68904396";"+5596991519421";",0096085";"-51,0919318";1;"ATIVO";-1;"ATIVO";1;"ATIVO";1;"Ativo";"0";"Sem acessibilidade";275;275;275;0;2330;"ESCOLA ESTADUAL NELITA ROCHA BRITO DIAS";"AV. NILO ALMEIDA, 01"
"05/10/2026";"06:29:34";2026;"04/10/2026";"1º Turno";1;"AP";"06076";"MAZAGÃO";5;102;1;"Principal";-1;1279;"ESCOLA MUNICIPAL PROFª IZIDORIA DA SILVA REIS";1;"Convencional";"FOZ DO RIO MAZAGAO VELHO";"DISTRITO DE MAZAGAO VELHO";"68940000";"-1";"-,2504387";"-51,3708698";1;"ATIVO";-1;"ATIVO";1;"ATIVO";1;"Ativo";"0";"Sem acessibilidade";239;238;238;0;1279;"ESCOLA MUNICIPAL PROFª IZIDORIA DA SILVA REIS";"FOZ DO RIO MAZAGAO VELHO"
"05/10/2026";"06:29:34";2026;"04/10/2026";"1º Turno";1;"AP";"06122";"VITÓRIA DO JARI";7;158;1;"Principal";-1;1066;"ESCOLA MUNICIPAL FRANCISCA DE FREITAS ARAUJO";1;"Convencional";"RUA PEDRO LADISLAU, S/N";"CIDADE LIVRE";"68920000";"36221448";"-,9205129";"-52,4051767";1;"ATIVO";-1;"ATIVO";1;"ATIVO";1;"Ativo";"0";"Sem acessibilidade";216;216;216;0;1066;"ESCOLA MUNICIPAL FRANCISCA DE FREITAS ARAUJO";"RUA PEDRO LADISLAU, S/N"
"05/10/2026";"06:29:34";2026;"04/10/2026";"1º Turno";1;"AP";"06122";"VITÓRIA DO JARI";7;157;1;"Principal";-1;1066;"ESCOLA MUNICIPAL FRANCISCA DE FREITAS ARAUJO";1;"Convencional";"RUA PEDRO LADISLAU, S/N";"CIDADE LIVRE";"68920000";"36221448";"-,9205129";"-52,4051767";1;"ATIVO";-1;"ATIVO";1;"ATIVO";1;"Ativo";"0";"Sem acessibilidade";224;223;223;0;1066;"ESCOLA MUNICIPAL FRANCISCA DE FREITAS ARAUJO";"RUA PEDRO LADISLAU, S/N"
"05/10/2026";"06:29:34";2026;"04/10/2026";"1º Turno";1;"AP";"06130";"LARANJAL DO JARI";7;72;1;"Principal";-1;1210;"CENTRO MUNICIPAL DE ENSINO - CMEF";1;"Convencional";"AV. TANCREDO NEVES, S/N";"CENTRO";"68920000";"-1";"-,8522667";"-52,5352814";1;"ATIVO";-1;"ATIVO";1;"ATIVO";1;"Ativo";"0";"Sem acessibilidade";214;215;215;0;1210;"CENTRO MUNICIPAL DE ENSINO - CMEF";"AV. TANCREDO NEVES, S/N"
"05/10/2026";"06:29:34";2026;"04/10/2026";"1º Turno";1;"AP";"06050";"MACAPÁ";10;431;1;"Principal";-1;1767;"ESCOLA MUNICIPAL JOÃO ROLINDO DO CARMO";1;"Convencional";"IGARAPÉ AMAZONAS";"nossa senhora da conceição do igarape amazonas";"68900000";"-1";",2903606";"-50,7148257";1;"ATIVO";-1;"ATIVO";1;"ATIVO";1;"Ativo";"1";"Com acessibilidade";141;143;143;0;1767;"ESCOLA MUNICIPAL JOÃO ROLINDO DO CARMO";"IGARAPÉ AMAZONAS"
"05/10/2026";"06:29:34";2026;"04/10/2026";"1º Turno";1;"AP";"06050";"MACAPÁ";14;343;1;"Principal";-1;1490;"ESCOLA MUNICIPAL DE ENSINO FUNDAMENTAL RAIMUNDA DE LIMA GUEDES";1;"Convencional";"RUA 07 - N 194";"MARABAIXO I";"68900000";"+5596981389898";",0372505";"-51,1265339";1;"ATIVO";-1;"ATIVO";1;"ATIVO";1;"Ativo";"0";"Sem acessibilidade";194;192;192;0;1490;"ESCOLA MUNICIPAL DE ENSINO FUNDAMENTAL RAIMUNDA DE LIMA GUEDES";"RUA 07 - N 194"
"05/10/2026";"06:29:34";2026;"04/10/2026";"1º Turno";1;"AP";"06050";"MACAPÁ";10;413;1;"Principal";-1;1236;"ESCOLA ESTADUAL DE CARAPANATUBA";1;"Convencional";"CARAPANATUBA RIBEIRINHA";"CARAPANANTUBA";"68900000";"-1";",1888193";"-50,8547049";1;"ATIVO";-1;"ATIVO";1;"ATIVO";1;"Ativo";"1";"Com acessibilidade";264;264;264;0;1236;"ESCOLA ESTADUAL DE CARAPANATUBA";"CARAPANATUBA RIBEIRINHA"
"05/10/2026";"06:29:34";2026;"04/10/2026";"1º Turno";1;"AP";"06050";"MACAPÁ";10;493;1;"Principal";-1;1783;"CARTÓRIO ELEITORAL DA 10ª ZONA";2;"Voto em trânsito";"RUA DA CIDADANIA, S/N, INFRAERO 2";"INFRAERO II";"68900000";"31987668";"-1";"-1";1;"ATIVO";-1;"ATIVO";1;"ATIVO";1;"Ativo";"0";"Sem acessibilidade";0;285;120;0;1783;"CARTÓRIO ELEITORAL DA 10ª ZONA";"RUA DA CIDADANIA, S/N, INFRAERO 2"
"05/10/2026";"06:29:34";2026;"04/10/2026";"1º Turno";1;"AP";"06050";"MACAPÁ";10;284;1;"Principal";-1;2070;"ESCOLA ESTADUAL MARIA MERIAN DOS SANTOS CORDEIRO FERNANDES";4;"Temporário";"AV. GLICÉRIO SOUZA FIGUEIREDO, 66";"NOVO HORIZONTE";"68909821";"96 984073412";"-1";"-1";1;"ATIVO";-1;"ATIVO";1;"ATIVO";1;"Ativo";"0";"Sem acessibilidade";379;379;379;0;1325;"ESCOLA ESTADUAL RIVANDA NAZARE DA SILVA GUIMARAES";"RUA CÍCERO MARQUES DE SOUZA, 2874, NOVO HORIZONTE"
"05/10/2026";"06:29:34";2026;"04/10/2026";"1º Turno";1;"AP";"06130";"LARANJAL DO JARI";7;69;1;"Principal";-1;1040;"ESCOLA ESTADUAL SONIA HENRIQUES BARRETO";1;"Convencional";"AVENIDA TANCREDO NEVES, N. 1174";"CENTRO";"68920000";"36211459";"-,8538408";"-52,5388352";1;"ATIVO";-1;"ATIVO";1;"ATIVO";1;"Ativo";"0";"Sem acessibilidade";266;266;266;0;1040;"ESCOLA ESTADUAL SONIA HENRIQUES BARRETO";"AVENIDA TANCREDO NEVES, N. 1174"
"05/10/2026";"06:29:34";2026;"04/10/2026";"1º Turno";1;"AP";"06041";"ITAUBAL";10;5;1;"Principal";-1;1023;"ESCOLA ESTADUAL WILSON HILL DE ARAUJO";1;"Convencional";"VILA DO ITAUBAL";"CENTRO";"68900000";"-1";",6019829";"-50,6995791";1;"ATIVO";-1;"ATIVO";1;"ATIVO";1;"Ativo";"0";"Sem acessibilidade";325;326;326;0;1023;"ESCOLA ESTADUAL WILSON HILL DE ARAUJO";"VILA DO ITAUBAL"
"05/10/2026";"06:29:34";2026;"04/10/2026";"1º Turno";1;"AP";"06050";"MACAPÁ";14;64;1;"Principal";-1;1104;"EEEF ARACARY CORREA ALVES";1;"Convencional";"RUA RIO JAVARI, N 23";"PERPETUO SOCORRO";"68900000";"-1";",0439533";"-51,0487376";1;"ATIVO";-1;"ATIVO";1;"ATIVO";1;"Ativo";"0";"Sem acessibilidade";340;339;339;0;1104;"EEEF ARACARY CORREA ALVES";"RUA RIO JAVARI, N 23"
"05/10/2026";"06:29:34";2026;"04/10/2026";"1º Turno";1;"AP";"06050";"MACAPÁ";10;229;1;"Principal";-1;1511;"ESCOLA MUNICIPAL PROFESSORA RAIMUNDA DA SILVA VIRGOLINO";1;"Convencional";"RUA FERNANDO ALVES DE OLIVEIRA, 3091";"NOVO HORIZONTE";"68909806";"991169657";",0989525";"-51,0463256";1;"ATIVO";-1;"ATIVO";1;"ATIVO";1;"Ativo";"0";"Sem acessibilidade";330;331;331;0;1511;"ESCOLA MUNICIPAL PROFESSORA RAIMUNDA DA SILVA VIRGOLINO";"RUA FERNANDO ALVES DE OLIVEIRA, 3091"
"05/10/2026";"06:29:34";2026;"04/10/2026";"1º Turno";1;"AP";"06157";"SANTANA";6;136;1;"Principal";-1;1155;"E.E. PROF. FRANCISCO WALCY LOBATO LIMA";1;"Convencional";"AV. MARIA COLARES, 1940";"NOVA BRASÍLIA I";"68927299";"3283 2601";"-,0365765";"-51,1660317";1;"ATIVO";-1;"ATIVO";1;"ATIVO";1;"Ativo";"0";"Sem acessibilidade";303;302;302;0;1155;"E.E. PROF. FRANCISCO WALCY LOBATO LIMA";"AV. MARIA COLARES, 1940"
"05/10/2026";"06:29:34";2026;"04/10/2026";"1º Turno";1;"AP";"06050";"MACAPÁ";14;24;1;"Principal";-1;1058;"E. E. PROFª DEUZUITE CAVALCANTE";1;"Convencional";"AV. JOSÉ TUPINAMBÁ, 556, PERPÉTUO SOCORRO";"PERPETUO SOCORRO";"68900000";"991416677";",0457954";"-51,0448561";1;"ATIVO";-1;"ATIVO";1;"ATIVO";1;"Ativo";"0";"Sem acessibilidade";389;389;389;0;1058;"E. E. PROFª DEUZUITE CAVALCANTE";"AV. JOSÉ TUPINAMBÁ, 556, PERPÉTUO SOCORRO"
"05/10/2026";"06:29:34";2026;"04/10/2026";"1º Turno";1;"AP";"06025";"PORTO GRANDE";12;23;1;"Principal";-1;1058;"ESC. EST. ELIAS FREITAS TRAJANO DE SOUZA";1;"Convencional";"RUA BELA VISTA, S/N";"AEROPORTO";"68997000";"-1";",70372892";"-51,40372491";1;"ATIVO";-1;"ATIVO";1;"ATIVO";1;"Ativo";"1";"Com acessibilidade";369;369;369;0;1058;"ESC. EST. ELIAS FREITAS TRAJANO DE SOUZA";"RUA BELA VISTA, S/N"
"05/10/2026";"06:29:34";2026;"04/10/2026";"1º Turno";1;"AP";"06157";"SANTANA";6;154;1;"Principal";-1;1287;"E.E. RODOVAL BORGES SILVA";1;"Convencional";"TRAVESSA L-8, 05";"FONTE NOVA";"68925000";"3283 1213";"-,01659399";"-51,17809187";1;"ATIVO";-1;"ATIVO";1;"ATIVO";1;"Ativo";"0";"Sem acessibilidade";362;362;362;0;1287;"E.E. RODOVAL BORGES SILVA";"TRAVESSA L-8, 05"
"05/10/2026";"06:29:34";2026;"04/10/2026";"1º Turno";1;"AP";"06050";"MACAPÁ";14;131;1;"Principal";-1;1686;"E.E. SÃO BENEDITO";4;"Temporário";"ESCOLA ESTADUAL SÃO BENEDITO";"LAGUINHO";"68901018";"9632125242";"-1";"-1";1;"ATIVO";-1;"ATIVO";1;"ATIVO";1;"Ativo";"0";"Sem acessibilidade";340;340;340;0;1198;"EPG EDGAR LINO DA SILVA";"AV. ANA NERY, 233"
"05/10/2026";"06:29:34";2026;"04/10/2026";"1º Turno";1;"AP";"06050";"MACAPÁ";14;67;1;"Principal";-1;1112;"EEEF AUGUSTO DOS ANJOS";1;"Convencional";"AV. MARCILIO DIAS, S/N";"LAGUINHO";"68900140";"991173805";",0505983";"-51,05564";1;"ATIVO";-1;"ATIVO";1;"ATIVO";1;"Ativo";"0";"Sem acessibilidade";384;381;381;0;1112;"EEEF AUGUSTO DOS ANJOS";"AV. MARCILIO DIAS, S/N"
"05/10/2026";"06:29:34";2026;"04/10/2026";"1º Turno";1;"AP";"06050";"MACAPÁ";10;480;1;"Principal";-1;1414;"ESCOLA MUNICIPAL PROFESSORA VERA LUCIA PINON NERY";1;"Convencional";"AV. CARLOS LINS CORTES, 1405";"INFRAERO II";"68900000";"32511330";",0708299";"-51,0829593";1;"ATIVO";-1;"ATIVO";1;"ATIVO";1;"Ativo";"0";"Sem acessibilidade";394;394;394;0;1414;"ESCOLA MUNICIPAL PROFESSORA VERA LUCIA PINON NERY";"AV. CARLOS LINS CORTES, 1405"
"05/10/2026";"06:29:34";2026;"04/10/2026";"1º Turno";1;"AP";"06068";"CUTIAS";10;463;1;"Principal";-1;1015;"ESCOLA ESTADUAL LOURIMAR SIMÕES PAES";1;"Convencional";"RUA LÉO VIRGÍLIO TOLOSA, 624";"CENTRO";"68973000";"-1";",9696012";"-50,7978857";1;"ATIVO";-1;"ATIVO";1;"ATIVO";1;"Ativo";"0";"Sem acessibilidade";296;293;293;0;1015;"ESCOLA ESTADUAL LOURIMAR SIMÕES PAES";"RUA LÉO VIRGÍLIO TOLOSA, 624"
"05/10/2026";"06:29:34";2026;"04/10/2026";"1º Turno";1;"AP";"06130";"LARANJAL DO JARI";7;130;1;"Principal";-1;1163;"ESCOLA MUNICIPAL JOÃO QUEIROGA DE SOUZA";1;"Convencional";"RUA DA USINA, N. 1118";"MALVINAS";"68920000";"36211913";"-,853397";"-52,5389456";1;"ATIVO";-1;"ATIVO";1;"ATIVO";1;"Ativo";"0";"Sem acessibilidade";166;166;166;0;1163;"ESCOLA MUNICIPAL JOÃO QUEIROGA DE SOUZA";"RUA DA USINA, N. 1118"
"05/10/2026";"06:29:34";2026;"04/10/2026";"1º Turno";1;"AP";"06130";"LARANJAL DO JARI";7;60;1;"Principal";-1;1120;"CENTRO EDUCACIONAL WEBER EIDER QUEMEL";1;"Convencional";"AV NILO PEÇANHA";"LOTEAMENTO CAJARY";"68920000";"36211227";"-,8530587";"-52,5367231";1;"ATIVO";-1;"ATIVO";1;"ATIVO";1;"Ativo";"0";"Sem acessibilidade";395;392;392;0;1120;"CENTRO EDUCACIONAL WEBER EIDER QUEMEL";"AV NILO PEÇANHA"
"05/10/2026";"06:29:34";2026;"04/10/2026";"1º Turno";1;"AP";"06076";"MAZAGÃO";5;128;1;"Principal";-1;1155;"ESCOLA ESTADUAL OSMUNDO VALENTE BARRETO";1;"Convencional";"BRAÇO DO RIO AJURUXI";"COMUNIDADE MARANATA";"68940000";"-1";"-,5351455";"-51,5468884";1;"ATIVO";-1;"ATIVO";1;"ATIVO";1;"Ativo";"0";"Sem acessibilidade";180;180;180;0;1155;"ESCOLA ESTADUAL OSMUNDO VALENTE BARRETO";"BRAÇO DO RIO AJURUXI"
"05/10/2026";"06:29:34";2026;"04/10/2026";"1º Turno";1;"AP";"06050";"MACAPÁ";2;487;1;"Principal";-1;2437;"ESCOLA MUNICIPAL DE ENSINO FUNDAMENTAL PROFª ANA MARIA DA SILVA RAMOS";1;"Convencional";"AVENIDA INSPETOR AIMORÉ, 480";"ZERAO";"68903290";"+5596988084877";",0013465";"-51,0879621";1;"ATIVO";-1;"ATIVO";1;"ATIVO";1;"Ativo";"1";"Com acessibilidade";262;264;264;0;2437;"ESCOLA MUNICIPAL DE ENSINO FUNDAMENTAL PROFª ANA MARIA DA SILVA RAMOS";"AVENIDA INSPETOR AIMORÉ, 480"
"05/10/2026";"06:29:34";2026;"04/10/2026";"1º Turno";1;"AP";"06050";"MACAPÁ";2;465;1;"Principal";-1;2151;"ESCOLA ESTADUAL RAIMUNDA VIRGOLINO";1;"Convencional";"RUA VILA DOS OLIVEIRAS, 837";"PEDRINHAS";"68903095";"32125268";",00756662";"-51,06437555";1;"ATIVO";-1;"ATIVO";1;"ATIVO";1;"Ativo";"0";"Sem acessibilidade";222;223;223;0;2151;"ESCOLA ESTADUAL RAIMUNDA VIRGOLINO";"RUA VILA DOS OLIVEIRAS, 837"
"05/10/2026";"06:29:34";2026;"04/10/2026";"1º Turno";1;"AP";"06114";"FERREIRA GOMES";12;56;1;"Principal";-1;1066;"CRECHE MUNICIPAL SARAH SALOMÃO";4;"Temporário";"AVENIDA MANOEL LINO LEAL, S/N";"MONTANHA";"68915000";"-1";"-1";"-1";1;"ATIVO";-1;"ATIVO";1;"ATIVO";1;"Ativo";"1";"Com acessibilidade";362;360;360;0;1031;"ESCOLA MUNICIPAL JOÃO FREIRE CORDEIRO";"AV. MANOEL LINO LEAL, 925"
"05/10/2026";"06:29:34";2026;"04/10/2026";"1º Turno";1;"AP";"06157";"SANTANA";6;227;2;"Agregada";215;1384;"ESCOLA ESTADUAL ANA DIAS DA COSTA";1;"Convencional";"RODOVIA SALVADOR DINIZ, 1414";"IGARAPÉ DA FORTALEZA";"68925000";"-1";"-,0487458";"-51,1433029";1;"ATIVO";-1;"ATIVO";1;"ATIVO";1;"Ativo";"0";"Sem acessibilidade";176;0;0;0;1384;"ESCOLA ESTADUAL ANA DIAS DA COSTA";"RODOVIA SALVADOR DINIZ, 1414"
"05/10/2026";"06:29:34";2026;"04/10/2026";"1º Turno";1;"AP";"06157";"SANTANA";6;151;1;"Principal";-1;1112;"E.E. ALMIRANTE BARROSO";1;"Convencional";"AV. 7 DE SETEMBRO, 533";"COMERCIAL";"68925108";"3281 3018";"-,04850279";"-51,17737876";1;"ATIVO";-1;"ATIVO";1;"ATIVO";1;"Ativo";"0";"Sem acessibilidade";300;299;299;0;1112;"E.E. ALMIRANTE BARROSO";"AV. 7 DE SETEMBRO, 533"
"05/10/2026";"06:29:34";2026;"04/10/2026";"1º Turno";1;"AP";"06092";"OIAPOQUE";4;8;2;"Agregada";7;1058;"E. Q. E. VILA VELHA (VILA VELHA DO CASSIPORÉ)";1;"Convencional";"VILA DO CASSIPORE";"VILA VELHA";"68980000";"-1";"3,21122861";"-51,22853406";1;"ATIVO";-1;"ATIVO";1;"ATIVO";1;"Ativo";"0";"Sem acessibilidade";121;0;0;0;1058;"E. Q. E. VILA VELHA (VILA VELHA DO CASSIPORÉ)";"VILA DO CASSIPORE"
"05/10/2026";"06:29:34";2026;"04/10/2026";"1º Turno";1;"AP";"06050";"MACAPÁ";2;675;1;"Principal";-1;1899;"UNIVERSIDADE FEDERAL DO AMAPA - UNIFAP";1;"Convencional";"ROD. JOSMAR CHAVES PINTO, KM 02   JARDIM MARCO ZERO";"UNIVERSIDADE";"68903419";"+5596981159919";"-,0065359";"-51,0845096";1;"ATIVO";-1;"ATIVO";1;"ATIVO";1;"Ativo";"0";"Sem acessibilidade";383;379;379;0;1899;"UNIVERSIDADE FEDERAL DO AMAPA - UNIFAP";"ROD. JOSMAR CHAVES PINTO, KM 02   JARDIM MARCO ZERO"
"05/10/2026";"06:29:34";2026;"04/10/2026";"1º Turno";1;"AP";"06050";"MACAPÁ";10;298;1;"Principal";-1;2097;"LOCAL 2 PRÉDIO ANEXO DA ESCOLA JARDIM FELICIDADE";4;"Temporário";"TRAVESSA DO HORTO, 1621 (PRÓXIMO AO HORTO MUNICIPAL)";"JARDIM FELICIDADE I";"68909818";"991634333";"-1";"-1";1;"ATIVO";-1;"ATIVO";1;"ATIVO";1;"Ativo";"0";"Sem acessibilidade";344;347;347;0;1198;"ESCOLA MUNICIPAL JARDIM FELICIDADE";"RUA VEREADOR JULIO MARIA PINTO PEREIRA 629"
"05/10/2026";"06:29:34";2026;"04/10/2026";"1º Turno";1;"AP";"06050";"MACAPÁ";14;113;1;"Principal";-1;1163;"EMEF MAESTRO MIGUEL ALVES DA SILVA";1;"Convencional";"RUA QUINTINO JUSTO DE ALMEIDA, 120";"PERPETUO SOCORRO";"68908629";"988037090";",0510239";"-51,0471448";1;"ATIVO";-1;"ATIVO";1;"ATIVO";1;"Ativo";"0";"Sem acessibilidade";344;344;344;0;1163;"EMEF MAESTRO MIGUEL ALVES DA SILVA";"RUA QUINTINO JUSTO DE ALMEIDA, 120"
"05/10/2026";"06:29:34";2026;"04/10/2026";"1º Turno";1;"AP";"06050";"MACAPÁ";2;662;1;"Principal";-1;1970;"ESCOLA ESTADUAL PROFª ARACY MIRANDA DE MONT ALVERNE";1;"Convencional";"AV. CARAMURU, 351";"BURITIZAL";"68900000";"+5596991390611";",0206229";"-51,0752537";1;"ATIVO";-1;"ATIVO";1;"ATIVO";1;"Ativo";"1";"Com acessibilidade";317;316;316;0;1970;"ESCOLA ESTADUAL PROFª ARACY MIRANDA DE MONT ALVERNE";"AV. CARAMURU, 351"
"05/10/2026";"06:29:34";2026;"04/10/2026";"1º Turno";1;"AP";"06050";"MACAPÁ";2;469;1;"Principal";-1;1899;"UNIVERSIDADE FEDERAL DO AMAPA - UNIFAP";1;"Convencional";"ROD. JOSMAR CHAVES PINTO, KM 02   JARDIM MARCO ZERO";"UNIVERSIDADE";"68903419";"+5596981159919";"-,0065359";"-51,0845096";1;"ATIVO";-1;"ATIVO";1;"ATIVO";1;"Ativo";"0";"Sem acessibilidade";378;376;376;0;1899;"UNIVERSIDADE FEDERAL DO AMAPA - UNIFAP";"ROD. JOSMAR CHAVES PINTO, KM 02   JARDIM MARCO ZERO"
"05/10/2026";"06:29:34";2026;"04/10/2026";"1º Turno";1;"AP";"06050";"MACAPÁ";14;221;1;"Principal";-1;1708;"ESCOLA ESTADUAL ANTONIO JOÃO";4;"Temporário";"RUA HILDEMAR MAIA, 674";"SANTA RITA";"68908119";"96991320828";"-1";"-1";1;"ATIVO";-1;"ATIVO";1;"ATIVO";1;"Ativo";"1";"Com acessibilidade";287;285;285;0;1325;"ESCOLA ESTADUAL  JOSÉ DE ANCHIETA";"AV CORA DE CARVALHO, SN"
"05/10/2026";"06:29:34";2026;"04/10/2026";"1º Turno";1;"AP";"06025";"PORTO GRANDE";12;2;1;"Principal";-1;1015;"ESCOLA ESTADUAL JOSÉ RIBAMAR TEIXEIRA";1;"Convencional";"AVENIDA PEDRO TEIXEIRA, S/N, BAIRRO MALVINAS";"CENTRO";"68997000";"-1";",70812263";"-51,40810814";1;"ATIVO";-1;"ATIVO";1;"ATIVO";1;"Ativo";"1";"Com acessibilidade";353;357;357;0;1015;"ESCOLA ESTADUAL JOSÉ RIBAMAR TEIXEIRA";"AVENIDA PEDRO TEIXEIRA, S/N, BAIRRO MALVINAS"
"05/10/2026";"06:29:34";2026;"04/10/2026";"1º Turno";1;"AP";"06050";"MACAPÁ";2;687;1;"Principal";-1;2020;"ESCOLA ESTADUAL PROFº ANTONIO MESSIAS GONÇALVES DA SILVA";1;"Convencional";"AV. DOM JOSÉ MARITANO, 622";"ZERAO";"68900000";"+5596991046541";"-,0022242";"-51,1001204";1;"ATIVO";-1;"ATIVO";1;"ATIVO";1;"Ativo";"1";"Com acessibilidade";341;338;338;0;2020;"ESCOLA ESTADUAL PROFº ANTONIO MESSIAS GONÇALVES DA SILVA";"AV. DOM JOSÉ MARITANO, 622"
"05/10/2026";"06:29:34";2026;"04/10/2026";"1º Turno";1;"AP";"06050";"MACAPÁ";14;380;1;"Principal";-1;1546;"UNIVERSIDADE DO ESTADO DO AMAPÁ - UEAP";1;"Convencional";"AV PRESIDENTE VARGAS,650";"CENTRO";"68900070";"+5596991119207";",0383042";"-51,0555888";1;"ATIVO";-1;"ATIVO";1;"ATIVO";1;"Ativo";"0";"Sem acessibilidade";197;198;198;0;1546;"UNIVERSIDADE DO ESTADO DO AMAPÁ - UEAP";"AV PRESIDENTE VARGAS,650"
"05/10/2026";"06:29:34";2026;"04/10/2026";"1º Turno";1;"AP";"06050";"MACAPÁ";10;103;1;"Principal";-1;1279;"ESCOLA ESTADUAL MARIA DO CARMO VIANA DOS ANJOS";1;"Convencional";"RUA FRANCISCO ALVES CORRÊA, 30, JARDIM FELICIDADE II";"JARDIM FELICIDADE II";"68900000";"991296548";",0968478";"-51,056575";1;"ATIVO";-1;"ATIVO";1;"ATIVO";1;"Ativo";"0";"Sem acessibilidade";352;352;352;0;1279;"ESCOLA ESTADUAL MARIA DO CARMO VIANA DOS ANJOS";"RUA FRANCISCO ALVES CORRÊA, 30, JARDIM FELICIDADE II"
"05/10/2026";"06:29:34";2026;"04/10/2026";"1º Turno";1;"AP";"06050";"MACAPÁ";14;248;1;"Principal";-1;1350;"ESCOLA ESTADUAL PREDICANDA CARNEIRO AMORIM LOPES";1;"Convencional";"RUA RIO GRANDE DO SUL                     131";"SANTA RITA";"68900000";"+5596991555522";",0384932";"-51,0808658";1;"ATIVO";-1;"ATIVO";1;"ATIVO";1;"Ativo";"0";"Sem acessibilidade";364;364;364;0;1350;"ESCOLA ESTADUAL PREDICANDA CARNEIRO AMORIM LOPES";"RUA RIO GRANDE DO SUL                     131"
"05/10/2026";"06:29:34";2026;"04/10/2026";"1º Turno";1;"AP";"06050";"MACAPÁ";10;489;1;"Principal";-1;1856;"ESCOLA ESTADUAL PROFESSORA MARLY MARIA E SOUZA E SILVA";1;"Convencional";"RUA 12 - LOTE 01, QUADRA 18, SUB LOTE 04, 2110";"MACAPABA";"68900017";"-1";",0810469";"-51,0950399";1;"ATIVO";-1;"ATIVO";1;"ATIVO";1;"Ativo";"1";"Com acessibilidade";68;70;70;0;1856;"ESCOLA ESTADUAL PROFESSORA MARLY MARIA E SOUZA E SILVA";"RUA 12 - LOTE 01, QUADRA 18, SUB LOTE 04, 2110"
"05/10/2026";"06:29:34";2026;"04/10/2026";"1º Turno";1;"AP";"06076";"MAZAGÃO";5;7;1;"Principal";-1;1031;"ESCOLA ESTADUAL CENTRAL DO MARACA";1;"Convencional";"COMUNIDADE CENTRAL DO MARACA";"DISTRITO DE MARACA";"68940000";"-1";"-1";"-1";1;"ATIVO";-1;"ATIVO";1;"ATIVO";1;"Ativo";"0";"Sem acessibilidade";116;116;116;0;1031;"ESCOLA ESTADUAL CENTRAL DO MARACA";"COMUNIDADE CENTRAL DO MARACA"
"05/10/2026";"06:29:34";2026;"04/10/2026";"1º Turno";1;"AP";"06130";"LARANJAL DO JARI";7;62;1;"Principal";-1;1201;"ESCOLA ESTADUAL EMÍLIO MÉDICE";1;"Convencional";"PASSARELA BEIRA RIO, S/N";"MALVINAS";"68920000";"-1";"-,8494062";"-52,5418404";1;"ATIVO";-1;"ATIVO";1;"ATIVO";1;"Ativo";"0";"Sem acessibilidade";183;373;373;0;1201;"ESCOLA ESTADUAL EMÍLIO MÉDICE";"PASSARELA BEIRA RIO, S/N"
"05/10/2026";"06:29:34";2026;"04/10/2026";"1º Turno";1;"AP";"06050";"MACAPÁ";14;41;1;"Principal";-1;1074;"E.E JOSE DE ALENCAR";1;"Convencional";"RUA CANDIDO MENDES 269";"CENTRO";"68900000";"32125216";",0436565";"-51,049995";1;"ATIVO";-1;"ATIVO";1;"ATIVO";1;"Ativo";"0";"Sem acessibilidade";325;324;324;0;1074;"E.E JOSE DE ALENCAR";"RUA CANDIDO MENDES 269"
"05/10/2026";"06:29:34";2026;"04/10/2026";"1º Turno";1;"AP";"06050";"MACAPÁ";10;64;1;"Principal";-1;1074;"ESCOLA ESTADUAL PROFESSORA RUTH DE ALMEIDA BEZERRA";1;"Convencional";"RUA ADILSON JOSÉ PINTO PEREIRA 109";"SAO LAZARO";"68908571";"991283485";",0670284";"-51,057224";1;"ATIVO";-1;"ATIVO";1;"ATIVO";1;"Ativo";"0";"Sem acessibilidade";351;351;351;0;1074;"ESCOLA ESTADUAL PROFESSORA RUTH DE ALMEIDA BEZERRA";"RUA ADILSON JOSÉ PINTO PEREIRA 109"
"05/10/2026";"06:29:34";2026;"04/10/2026";"1º Turno";1;"AP";"06050";"MACAPÁ";2;474;1;"Principal";-1;2356;"ESCOLA ESTADUAL GONÇALVES DIAS";1;"Convencional";"RUA SANTOS DUMONT     BURITIZAL      N° 121";"BURITIZAL";"68902880";"+5596991451429";",0203216";"-51,073305";1;"ATIVO";-1;"ATIVO";1;"ATIVO";1;"Ativo";"0";"Sem acessibilidade";310;309;309;0;2356;"ESCOLA ESTADUAL GONÇALVES DIAS";"RUA SANTOS DUMONT     BURITIZAL      N° 121"
"05/10/2026";"06:29:34";2026;"04/10/2026";"1º Turno";1;"AP";"06050";"MACAPÁ";14;220;1;"Principal";-1;1708;"ESCOLA ESTADUAL ANTONIO JOÃO";4;"Temporário";"RUA HILDEMAR MAIA, 674";"SANTA RITA";"68908119";"96991320828";"-1";"-1";1;"ATIVO";-1;"ATIVO";1;"ATIVO";1;"Ativo";"0";"Sem acessibilidade";289;290;290;0;1325;"ESCOLA ESTADUAL  JOSÉ DE ANCHIETA";"AV CORA DE CARVALHO, SN"
"05/10/2026";"06:29:34";2026;"04/10/2026";"1º Turno";1;"AP";"06050";"MACAPÁ";2;876;1;"Principal";-1;2674;"ESCOLA ESTADUAL PROFª MARIA CARMELITA DO CARMO";1;"Convencional";"RUA BARAO DE MAUA, 345";"BURITIZAL";"68900460";"+5596991394217";",0273806";"-51,0750153";1;"ATIVO";-1;"ATIVO";1;"ATIVO";1;"Ativo";"0";"Sem acessibilidade";277;275;275;0;2674;"ESCOLA ESTADUAL PROFª MARIA CARMELITA DO CARMO";"RUA BARAO DE MAUA, 345"
"05/10/2026";"06:29:34";2026;"04/10/2026";"1º Turno";1;"AP";"06157";"SANTANA";6;68;1;"Principal";-1;1457;"IFAP INSTITUTO FEDERAL DO AMAPA";1;"Convencional";"RODOVIA DUCA SERRA 1133";"FONTE NOVA";"68928084";"-1";"-,02058645";"-51,18061816";1;"ATIVO";-1;"ATIVO";1;"ATIVO";1;"Ativo";"0";"Sem acessibilidade";302;303;303;0;1457;"IFAP INSTITUTO FEDERAL DO AMAPA";"RODOVIA DUCA SERRA 1133"
"05/10/2026";"06:29:34";2026;"04/10/2026";"1º Turno";1;"AP";"06157";"SANTANA";6;169;1;"Principal";-1;1287;"E.E. RODOVAL BORGES SILVA";1;"Convencional";"TRAVESSA L-8, 05";"FONTE NOVA";"68925000";"3283 1213";"-,01659399";"-51,17809187";1;"ATIVO";-1;"ATIVO";1;"ATIVO";1;"Ativo";"0";"Sem acessibilidade";360;359;359;0;1287;"E.E. RODOVAL BORGES SILVA";"TRAVESSA L-8, 05"
"05/10/2026";"06:29:34";2026;"04/10/2026";"1º Turno";1;"AP";"06050";"MACAPÁ";14;90;1;"Principal";-1;1139;"EEEF MARIA IVONE DE MENEZES";1;"Convencional";"RUA ANTONIO PELAES DE SOUZA 1320";"PERPETUO SOCORRO";"68900000";"-1";",0526608";"-51,0423583";5;"BLOQUEADO";-1;"ATIVO";1;"ATIVO";1;"Ativo";"0";"Sem acessibilidade";389;388;388;0;1139;"EEEF MARIA IVONE DE MENEZES";"RUA ANTONIO PELAES DE SOUZA 1320"
"05/10/2026";"06:29:34";2026;"04/10/2026";"1º Turno";1;"AP";"06050";"MACAPÁ";14;327;1;"Principal";-1;1465;"ESCOLA MUNICIPAL DE ENSINO FUNDAMENTAL ARACY NASCIMENTO";1;"Convencional";"RUA MARCELO CANDIA                  615";"SANTA RITA";"68901341";"+5596981077738";",0396117";"-51,0740881";1;"ATIVO";-1;"ATIVO";1;"ATIVO";1;"Ativo";"0";"Sem acessibilidade";214;211;211;0;1465;"ESCOLA MUNICIPAL DE ENSINO FUNDAMENTAL ARACY NASCIMENTO";"RUA MARCELO CANDIA                  615"
"05/10/2026";"06:29:34";2026;"04/10/2026";"1º Turno";1;"AP";"06173";"TARTARUGALZINHO";8;21;1;"Principal";-1;1147;"ESC EST ENTRE RIOS";1;"Convencional";"ASSENTAMENTO PA CEDRO";"ENTRE RIOS";"68990000";"-1";"-1";"-1";1;"ATIVO";-1;"ATIVO";1;"ATIVO";1;"Ativo";"0";"Sem acessibilidade";251;252;252;0;1147;"ESC EST ENTRE RIOS";"ASSENTAMENTO PA CEDRO"
"05/10/2026";"06:29:34";2026;"04/10/2026";"1º Turno";1;"AP";"06050";"MACAPÁ";14;6;1;"Principal";-1;1031;"CENTRO DE EDUCAÇÃO PROFISSIONAL GRAZIELA REIS";1;"Convencional";"AV DUQUE DE CAXIAS - 60";"CENTRO";"68900071";"+5596991535908";",0386917";"-51,0568429";1;"ATIVO";-1;"ATIVO";1;"ATIVO";1;"Ativo";"1";"Com acessibilidade";227;227;227;0;1031;"CENTRO DE EDUCAÇÃO PROFISSIONAL GRAZIELA REIS";"AV DUQUE DE CAXIAS - 60"
"05/10/2026";"06:29:34";2026;"04/10/2026";"1º Turno";1;"AP";"06050";"MACAPÁ";10;176;1;"Principal";-1;1422;"ESCOLA MUNICIPAL PROFESSOR JOSAFA AIRES DA COSTA";1;"Convencional";"RUA 1 DE JANEIRO, 974";"INFRAERO I";"68908874";"991143307";",0726402";"-51,0633359";1;"ATIVO";-1;"ATIVO";1;"ATIVO";1;"Ativo";"0";"Sem acessibilidade";376;373;373;0;1422;"ESCOLA MUNICIPAL PROFESSOR JOSAFA AIRES DA COSTA";"RUA 1 DE JANEIRO, 974"
"05/10/2026";"06:29:34";2026;"04/10/2026";"1º Turno";1;"AP";"06050";"MACAPÁ";10;184;1;"Principal";-1;1406;"ESCOLA ESTADUAL PROFESSORA ODETE ALMEIDA LOPES";1;"Convencional";"AV. RAIMUNDO REINALDO GUEDES FIGUEIRA, 151";"SAO LAZARO";"68900000";"-1";",0763855";"-51,0567027";1;"ATIVO";-1;"ATIVO";1;"ATIVO";1;"Ativo";"0";"Sem acessibilidade";331;331;331;0;1406;"ESCOLA ESTADUAL PROFESSORA ODETE ALMEIDA LOPES";"AV. RAIMUNDO REINALDO GUEDES FIGUEIRA, 151"
"05/10/2026";"06:29:34";2026;"04/10/2026";"1º Turno";1;"AP";"06050";"MACAPÁ";10;330;1;"Principal";-1;2097;"LOCAL 2 PRÉDIO ANEXO DA ESCOLA JARDIM FELICIDADE";4;"Temporário";"TRAVESSA DO HORTO, 1621 (PRÓXIMO AO HORTO MUNICIPAL)";"JARDIM FELICIDADE I";"68909818";"991634333";"-1";"-1";1;"ATIVO";-1;"ATIVO";1;"ATIVO";1;"Ativo";"0";"Sem acessibilidade";341;340;340;0;1198;"ESCOLA MUNICIPAL JARDIM FELICIDADE";"RUA VEREADOR JULIO MARIA PINTO PEREIRA 629"
"05/10/2026";"06:29:34";2026;"04/10/2026";"1º Turno";1;"AP";"06050";"MACAPÁ";2;287;1;"Principal";-1;1295;"ESCOLA ESTADUAL JOSÉ DO PATROCINIO";1;"Convencional";"RUA DO ESTALEIRO, 203, FAZENDINHA ";"DISTRITO DE FAZENDINHA";"68911465";"00000000";"-,0541101";"-51,1131405";1;"ATIVO";-1;"ATIVO";1;"ATIVO";1;"Ativo";"1";"Com acessibilidade";256;257;257;0;1295;"ESCOLA ESTADUAL JOSÉ DO PATROCINIO";"RUA DO ESTALEIRO, 203, FAZENDINHA "
"05/10/2026";"06:29:34";2026;"04/10/2026";"1º Turno";1;"AP";"06122";"VITÓRIA DO JARI";7;135;2;"Agregada";134;1015;"ESCOLA ESTADUAL MUNGUBA DO JARI";1;"Convencional";"PASSARELA PRINCIPAL JOSÉ SEMEÃO DE SOUZA, N. 473";"PRAINHA";"68920000";"36221244";"-,9292493";"-52,4277488";5;"BLOQUEADO";-1;"ATIVO";1;"ATIVO";1;"Ativo";"0";"Sem acessibilidade";196;0;0;0;1015;"ESCOLA ESTADUAL MUNGUBA DO JARI";"PASSARELA PRINCIPAL JOSÉ SEMEÃO DE SOUZA, N. 473"
"05/10/2026";"06:29:34";2026;"04/10/2026";"1º Turno";1;"AP";"06050";"MACAPÁ";2;819;1;"Principal";-1;2518;"ESCOLA ESTADUAL PROFª JACINTA MARIA RODRIGUES DE CARVALHO";1;"Convencional";"RUA DA MARINHA, S/N";"DISTRITO DE FAZENDINHA";"68911432";"+5596991294660";"-,0470989";"-51,1047903";1;"ATIVO";-1;"ATIVO";1;"ATIVO";1;"Ativo";"1";"Com acessibilidade";359;358;358;0;2518;"ESCOLA ESTADUAL PROFª JACINTA MARIA RODRIGUES DE CARVALHO";"RUA DA MARINHA, S/N"
"05/10/2026";"06:29:34";2026;"04/10/2026";"1º Turno";1;"AP";"06050";"MACAPÁ";2;833;1;"Principal";-1;1155;"ESCOLA ESTADUAL PROFº ZOLITO DE JESUS NUNES";1;"Convencional";"RUA LEOPOLDO MACHADO                            160 - BEIROL";"BEIROL";"68902020";"+5596991150828";",0179869";"-51,0631282";1;"ATIVO";-1;"ATIVO";1;"ATIVO";1;"Ativo";"0";"Sem acessibilidade";365;363;363;0;1155;"ESCOLA ESTADUAL PROFº ZOLITO DE JESUS NUNES";"RUA LEOPOLDO MACHADO                            160 - BEIROL"
"05/10/2026";"06:29:34";2026;"04/10/2026";"1º Turno";1;"AP";"06084";"PEDRA BRANCA DO AMAPARI";11;28;1;"Principal";-1;1066;"ESCOLA MUNICIPAL DE ENSINO FUNDAMENTAL SÃO PEDRO";1;"Convencional";"RUA FRANCISCO BRAZ, 345";"CENTRO";"68945100";"+559633221289";",7771201";"-51,9532666";1;"ATIVO";-1;"ATIVO";1;"ATIVO";1;"Ativo";"1";"Com acessibilidade";331;330;330;0;1066;"ESCOLA MUNICIPAL DE ENSINO FUNDAMENTAL SÃO PEDRO";"RUA FRANCISCO BRAZ, 345"
"05/10/2026";"06:29:34";2026;"04/10/2026";"1º Turno";1;"AP";"06092";"OIAPOQUE";4;65;1;"Principal";-1;1147;"ESCOLA MUNICIPAL VILA VITÓRIA";1;"Convencional";"VILA VITÓRIA - MARGEM DIREITA DO RIO OIAPOQUE";"VILA VITORIA";"68980000";"-1";"3,88240682";"-51,79706465";1;"ATIVO";-1;"ATIVO";1;"ATIVO";1;"Ativo";"0";"Sem acessibilidade";248;248;248;0;1147;"ESCOLA MUNICIPAL VILA VITÓRIA";"VILA VITÓRIA - MARGEM DIREITA DO RIO OIAPOQUE"
"05/10/2026";"06:29:34";2026;"04/10/2026";"1º Turno";1;"AP";"06050";"MACAPÁ";14;136;1;"Principal";-1;1201;"EPG JESUS DE NAZARÉ";1;"Convencional";"AV PRINCESA IZABEL, 255";"JESUS DE NAZARE";"68900000";"-1";",0452543";"-51,0639409";1;"ATIVO";-1;"ATIVO";1;"ATIVO";1;"Ativo";"0";"Sem acessibilidade";348;350;350;0;1201;"EPG JESUS DE NAZARÉ";"AV PRINCESA IZABEL, 255"
"05/10/2026";"06:29:34";2026;"04/10/2026";"1º Turno";1;"AP";"06025";"PORTO GRANDE";12;24;1;"Principal";-1;1066;"ESC. EST. NOVA COLINA";1;"Convencional";"ASSENTAMENTO NOVA COLINA";"ASSENTAMENTO NOVA COLINA";"68997000";"-1";",52728571";"-51,34252561";1;"ATIVO";-1;"ATIVO";1;"ATIVO";1;"Ativo";"1";"Com acessibilidade";307;307;307;0;1066;"ESC. EST. NOVA COLINA";"ASSENTAMENTO NOVA COLINA"
"05/10/2026";"06:29:34";2026;"04/10/2026";"1º Turno";1;"AP";"06157";"SANTANA";6;95;1;"Principal";-1;1082;"E.P.G. JOANIRA DEL CASTILO";1;"Convencional";"TV. PEDRO TEIXEIRA, 194";"NOVA BRASÍLIA I";"68927251";"3283 2659";"-,0407868";"-51,1662145";1;"ATIVO";-1;"ATIVO";1;"ATIVO";1;"Ativo";"0";"Sem acessibilidade";266;264;264;0;1082;"E.P.G. JOANIRA DEL CASTILO";"TV. PEDRO TEIXEIRA, 194"
"05/10/2026";"06:29:34";2026;"04/10/2026";"1º Turno";1;"AP";"06068";"CUTIAS";10;114;1;"Principal";-1;1023;"ESCOLA ESTADUAL PROFESSOR JOSÉ RIBEIRO PONTES";1;"Convencional";"RUA RIO GURUPORA, 1085";"GURUPORA";"68973000";"96988094587";",8982717";"-50,7827037";1;"ATIVO";-1;"ATIVO";1;"ATIVO";1;"Ativo";"0";"Sem acessibilidade";275;275;275;0;1023;"ESCOLA ESTADUAL PROFESSOR JOSÉ RIBEIRO PONTES";"RUA RIO GURUPORA, 1085"
"05/10/2026";"06:29:34";2026;"04/10/2026";"1º Turno";1;"AP";"06050";"MACAPÁ";14;393;1;"Principal";-1;1570;"ESCOLA ESTADUAL FRANCO GRANDE";1;"Convencional";"ILHA DO FRANCO GRANDE, SN";"DISTRITO DE BAILIQUE";"68900000";"-1";",9356892";"-50,0407239";1;"ATIVO";-1;"ATIVO";1;"ATIVO";1;"Ativo";"0";"Sem acessibilidade";307;307;307;0;1570;"ESCOLA ESTADUAL FRANCO GRANDE";"ILHA DO FRANCO GRANDE, SN"
"05/10/2026";"06:29:34";2026;"04/10/2026";"1º Turno";1;"AP";"06173";"TARTARUGALZINHO";8;1;1;"Principal";-1;1090;"ESC EST JOÃO BRAZÃO DA SILVA";1;"Convencional";"VILA FAZENDA MODELO, 771";"FAZENDA MODELO";"68990000";"+559634221471";"1,22565853";"-50,89630588";1;"ATIVO";-1;"ATIVO";1;"ATIVO";1;"Ativo";"0";"Sem acessibilidade";246;246;246;0;1090;"ESC EST JOÃO BRAZÃO DA SILVA";"VILA FAZENDA MODELO, 771"
"05/10/2026";"06:29:34";2026;"04/10/2026";"1º Turno";1;"AP";"06050";"MACAPÁ";2;907;1;"Principal";-1;1090;"ESCOLA ESTADUAL DR.COARACY NUNES";1;"Convencional";"AV MENDONCA JUNIOR          1651         CENTRO";"CENTRO";"68900000";"+5596981025968";",0338216";"-51,0647025";1;"ATIVO";-1;"ATIVO";1;"ATIVO";1;"Ativo";"1";"Com acessibilidade";295;295;295;0;1090;"ESCOLA ESTADUAL DR.COARACY NUNES";"AV MENDONCA JUNIOR          1651         CENTRO"
"05/10/2026";"06:29:34";2026;"04/10/2026";"1º Turno";1;"AP";"06050";"MACAPÁ";10;198;1;"Principal";-1;1473;"ESCOLA ESTADUAL PROFESSORA ONEIDE PINTO LIMA";1;"Convencional";"RUA DAS FLORES, 254";"BONÉ AZUL";"68908645";"991072002";",0838682";"-51,0734081";1;"ATIVO";-1;"ATIVO";1;"ATIVO";1;"Ativo";"0";"Sem acessibilidade";375;372;372;0;1473;"ESCOLA ESTADUAL PROFESSORA ONEIDE PINTO LIMA";"RUA DAS FLORES, 254"
"05/10/2026";"06:29:34";2026;"04/10/2026";"1º Turno";1;"AP";"06157";"SANTANA";6;176;1;"Principal";-1;1201;"E.E. PROF. IZANETE VICTOR DOS SANTOS";1;"Convencional";"AV. COELHO NETO, 828";"PARAÍSO";"68925000";"3283 2783";"-,0294157";"-51,1673923";1;"ATIVO";-1;"ATIVO";1;"ATIVO";1;"Ativo";"0";"Sem acessibilidade";365;363;363;0;1201;"E.E. PROF. IZANETE VICTOR DOS SANTOS";"AV. COELHO NETO, 828"
"05/10/2026";"06:29:34";2026;"04/10/2026";"1º Turno";1;"AP";"06025";"PORTO GRANDE";12;71;1;"Principal";-1;1120;"ESCOLA MUNICIPAL ADÃO FERREIRA";1;"Convencional";"RUA JOSE DE ARAUJO N. 1712";"AEROPORTO";"68997000";"-1";",7007033";"-51,39604331";1;"ATIVO";-1;"ATIVO";1;"ATIVO";1;"Ativo";"0";"Sem acessibilidade";379;379;379;0;1120;"ESCOLA MUNICIPAL ADÃO FERREIRA";"RUA JOSE DE ARAUJO N. 1712"
"05/10/2026";"06:29:34";2026;"04/10/2026";"1º Turno";1;"AP";"06050";"MACAPÁ";10;260;1;"Principal";-1;1368;"ESCOLA ESTADUAL SERAFINI COSTAPERARIA";1;"Convencional";"RUA JOSEFA PELAES DE SILVA, 2694";"JARDIM FELICIDADE II";"68909008";"999032287";",0933949";"-51,0591372";1;"ATIVO";-1;"ATIVO";1;"ATIVO";1;"Ativo";"0";"Sem acessibilidade";388;386;386;0;1368;"ESCOLA ESTADUAL SERAFINI COSTAPERARIA";"RUA JOSEFA PELAES DE SILVA, 2694"
"05/10/2026";"06:29:34";2026;"04/10/2026";"1º Turno";1;"AP";"06157";"SANTANA";6;5;1;"Principal";-1;1015;"E.P.G. ELIZABETH PICANCO ESTEVES";1;"Convencional";"AV. DAS NAÇÕES, 678";"HOSPITALIDADE";"68925000";"3283 2827";"-,0466519";"-51,172363";1;"ATIVO";-1;"ATIVO";1;"ATIVO";1;"Ativo";"1";"Com acessibilidade";365;364;364;0;1015;"E.P.G. ELIZABETH PICANCO ESTEVES";"AV. DAS NAÇÕES, 678"
"05/10/2026";"06:29:34";2026;"04/10/2026";"1º Turno";1;"AP";"06084";"PEDRA BRANCA DO AMAPARI";11;41;1;"Principal";-1;1015;"ESCOLA ESTADUAL MARIA HELENA CORDEIRO";1;"Convencional";"RUA DA PAZ, 527 - CENTRAL - PEDRA BRANCA DO AMAPARI";"CENTRO";"68945000";"-1";"-1";"-1";1;"ATIVO";-1;"ATIVO";1;"ATIVO";1;"Ativo";"0";"Sem acessibilidade";348;346;346;0;1015;"ESCOLA ESTADUAL MARIA HELENA CORDEIRO";"RUA DA PAZ, 527 - CENTRAL - PEDRA BRANCA DO AMAPARI"
"05/10/2026";"06:29:34";2026;"04/10/2026";"1º Turno";1;"AP";"06041";"ITAUBAL";10;459;1;"Principal";-1;1104;"ESCOLA MUNICIPAL JOSÉ ALMEIDA";1;"Convencional";"RUA RAIMUNDO PALMEIRIM FERREIRA";"CENTRO";"68900000";"-1";",602765";"-50,6994147";1;"ATIVO";-1;"ATIVO";1;"ATIVO";1;"Ativo";"0";"Sem acessibilidade";280;281;281;0;1104;"ESCOLA MUNICIPAL JOSÉ ALMEIDA";"RUA RAIMUNDO PALMEIRIM FERREIRA"
"05/10/2026";"06:29:34";2026;"04/10/2026";"1º Turno";1;"AP";"06130";"LARANJAL DO JARI";7;28;1;"Principal";-1;1139;"ESCOLA ESTADUAL PROF. VANDA MARIA DE SOUZA CABETE";1;"Convencional";"AV. FORTALEZA, N. 1456";"LOTEAMENTO CAJARY";"68920000";"36211625";"-,8283483";"-52,5120059";5;"BLOQUEADO";-1;"ATIVO";1;"ATIVO";1;"Ativo";"0";"Sem acessibilidade";271;270;270;0;1139;"ESCOLA ESTADUAL PROF. VANDA MARIA DE SOUZA CABETE";"AV. FORTALEZA, N. 1456"
"05/10/2026";"06:29:34";2026;"04/10/2026";"1º Turno";1;"AP";"06050";"MACAPÁ";14;142;1;"Principal";-1;1201;"EPG JESUS DE NAZARÉ";1;"Convencional";"AV PRINCESA IZABEL, 255";"JESUS DE NAZARE";"68900000";"-1";",0452543";"-51,0639409";1;"ATIVO";-1;"ATIVO";1;"ATIVO";1;"Ativo";"0";"Sem acessibilidade";345;341;341;0;1201;"EPG JESUS DE NAZARÉ";"AV PRINCESA IZABEL, 255"
"05/10/2026";"06:29:34";2026;"04/10/2026";"1º Turno";1;"AP";"06076";"MAZAGÃO";5;54;1;"Principal";-1;1252;"ESCOLA MUNICIPAL DOMINGOS VALENTE BARRETO";1;"Convencional";"RUA SANTA RITA, SN";"BOM JESUS";"68940000";"-1";"-,10687113";"-51,2867679";1;"ATIVO";-1;"ATIVO";1;"ATIVO";1;"Ativo";"0";"Sem acessibilidade";312;312;312;0;1252;"ESCOLA MUNICIPAL DOMINGOS VALENTE BARRETO";"RUA SANTA RITA, SN"
"05/10/2026";"06:29:34";2026;"04/10/2026";"1º Turno";1;"AP";"06173";"TARTARUGALZINHO";8;33;1;"Principal";-1;1180;"ESCOLA ESTADUAL ALZIRA DE LIMA SANTOS";1;"Convencional";"RUA GETÚLIO VARGAS, S/N";"PLANALTINA I (NOVO I)";"68990000";"34221200";"1,50689638";"-50,91014865";1;"ATIVO";-1;"ATIVO";1;"ATIVO";1;"Ativo";"0";"Sem acessibilidade";340;338;338;0;1180;"ESCOLA ESTADUAL ALZIRA DE LIMA SANTOS";"RUA GETÚLIO VARGAS, S/N"
"05/10/2026";"06:29:34";2026;"04/10/2026";"1º Turno";1;"AP";"06157";"SANTANA";6;241;1;"Principal";-1;1210;"E.E. IGARAPE DA FORTALEZA";1;"Convencional";"RUA RIO MATAPI, 121";"IGARAPÉ DA FORTALEZA";"68925000";"3283 2250";"-,0473052";"-51,1450026";1;"ATIVO";-1;"ATIVO";1;"ATIVO";1;"Ativo";"0";"Sem acessibilidade";178;178;178;0;1384;"ESCOLA ESTADUAL ANA DIAS DA COSTA";"RODOVIA SALVADOR DINIZ, 1414"
"05/10/2026";"06:29:34";2026;"04/10/2026";"1º Turno";1;"AP";"06050";"MACAPÁ";2;544;1;"Principal";-1;1171;"ESCOLA ESTADUAL PROFª SEBASTIANA LENIR DE ALMEIDA";1;"Convencional";"AV DIOGENES SILVA         123        BURITIZAL";"BURITIZAL";"68902891";"+5596991579520";",0258939";"-51,0728225";1;"ATIVO";-1;"ATIVO";1;"ATIVO";1;"Ativo";"0";"Sem acessibilidade";289;289;289;0;1171;"ESCOLA ESTADUAL PROFª SEBASTIANA LENIR DE ALMEIDA";"AV DIOGENES SILVA         123        BURITIZAL"
"05/10/2026";"06:29:34";2026;"04/10/2026";"1º Turno";1;"AP";"06114";"FERREIRA GOMES";12;51;1;"Principal";-1;1066;"CRECHE MUNICIPAL SARAH SALOMÃO";4;"Temporário";"AVENIDA MANOEL LINO LEAL, S/N";"MONTANHA";"68915000";"-1";"-1";"-1";1;"ATIVO";-1;"ATIVO";1;"ATIVO";1;"Ativo";"1";"Com acessibilidade";353;351;351;0;1031;"ESCOLA MUNICIPAL JOÃO FREIRE CORDEIRO";"AV. MANOEL LINO LEAL, 925"
"05/10/2026";"06:29:34";2026;"04/10/2026";"1º Turno";1;"AP";"06130";"LARANJAL DO JARI";7;39;1;"Principal";-1;1210;"CENTRO MUNICIPAL DE ENSINO - CMEF";1;"Convencional";"AV. TANCREDO NEVES, S/N";"CENTRO";"68920000";"-1";"-,8522667";"-52,5352814";1;"ATIVO";-1;"ATIVO";1;"ATIVO";1;"Ativo";"0";"Sem acessibilidade";217;217;217;0;1210;"CENTRO MUNICIPAL DE ENSINO - CMEF";"AV. TANCREDO NEVES, S/N"
"05/10/2026";"06:29:34";2026;"04/10/2026";"1º Turno";1;"AP";"06050";"MACAPÁ";2;584;1;"Principal";-1;2119;"ESCOLA MUNICIPAL DE ENSINO FUNDAMENTAL WILSON MALCHER";1;"Convencional";"RUA JOÃO DE CASTRO , S/N";"JARDIM EQUATORIAL";"68900000";"+5596984144863";",0063263";"-51,0687238";1;"ATIVO";-1;"ATIVO";1;"ATIVO";1;"Ativo";"0";"Sem acessibilidade";335;334;334;0;2119;"ESCOLA MUNICIPAL DE ENSINO FUNDAMENTAL WILSON MALCHER";"RUA JOÃO DE CASTRO , S/N"
"05/10/2026";"06:29:34";2026;"04/10/2026";"1º Turno";1;"AP";"06050";"MACAPÁ";2;859;1;"Principal";-1;2666;"ESCOLA ESTADUAL JOSEFA JUCILEIDE AMORAS COLARES";1;"Convencional";"AV.RAIMUNDO TEQUILO GOES DE ALMEIDA    000147";"NOVA ESPERANCA";"68901610";"+5596991990317";",0317616";"-51,0825624";1;"ATIVO";-1;"ATIVO";1;"ATIVO";1;"Ativo";"1";"Com acessibilidade";373;373;373;0;2666;"ESCOLA ESTADUAL JOSEFA JUCILEIDE AMORAS COLARES";"AV.RAIMUNDO TEQUILO GOES DE ALMEIDA    000147"
"05/10/2026";"06:29:34";2026;"04/10/2026";"1º Turno";1;"AP";"06050";"MACAPÁ";14;394;1;"Principal";-1;1589;"ESCOLA ESTADUAL IGARAPÉ GRANDE DA TERRA GRANDE";1;"Convencional";"IGARAPÉ GRANDE";"DISTRITO DE BAILIQUE";"68900000";"-1";"1,0901151";"-50,0368014";1;"ATIVO";-1;"ATIVO";1;"ATIVO";1;"Ativo";"0";"Sem acessibilidade";201;201;201;0;1589;"ESCOLA ESTADUAL IGARAPÉ GRANDE DA TERRA GRANDE";"IGARAPÉ GRANDE"
"05/10/2026";"06:29:34";2026;"04/10/2026";"1º Turno";1;"AP";"06050";"MACAPÁ";14;12;1;"Principal";-1;1031;"CENTRO DE EDUCAÇÃO PROFISSIONAL GRAZIELA REIS";1;"Convencional";"AV DUQUE DE CAXIAS - 60";"CENTRO";"68900071";"+5596991535908";",0386917";"-51,0568429";1;"ATIVO";-1;"ATIVO";1;"ATIVO";1;"Ativo";"1";"Com acessibilidade";227;222;222;0;1031;"CENTRO DE EDUCAÇÃO PROFISSIONAL GRAZIELA REIS";"AV DUQUE DE CAXIAS - 60"
"05/10/2026";"06:29:34";2026;"04/10/2026";"1º Turno";1;"AP";"06130";"LARANJAL DO JARI";7;68;1;"Principal";-1;1058;"ESCOLA ESTADUAL PROF. MARIA DE NAZARÉ RODRIGUES DA SILVA";1;"Convencional";"RUA CULTURA, N 277";"AGRESTE";"68920000";"991894068";"-,8443316";"-52,5159137";1;"ATIVO";-1;"ATIVO";1;"ATIVO";1;"Ativo";"0";"Sem acessibilidade";266;264;264;0;1058;"ESCOLA ESTADUAL PROF. MARIA DE NAZARÉ RODRIGUES DA SILVA";"RUA CULTURA, N 277"
"05/10/2026";"06:29:34";2026;"04/10/2026";"1º Turno";1;"AP";"06092";"OIAPOQUE";4;74;1;"Principal";-1;1201;"IFAP - INSTITUTO FEDERAL DO AMAPÁ";1;"Convencional";"RUA JOAQUIM CAETANO DA SILVA";"CENTRO";"68980000";"+559635211386";"-1";"-1";1;"ATIVO";-1;"ATIVO";1;"ATIVO";1;"Ativo";"0";"Sem acessibilidade";210;211;211;0;1201;"IFAP - INSTITUTO FEDERAL DO AMAPÁ";"RUA JOAQUIM CAETANO DA SILVA"
"05/10/2026";"06:29:34";2026;"04/10/2026";"1º Turno";1;"AP";"06050";"MACAPÁ";10;319;1;"Principal";-1;1678;"ESCOLA ESTADUAL RISALVA FREITAS DO AMARAL";1;"Convencional";"AV CECILIA VICENTE DA PAIXÃO, S/N";"PANTANAL";"68907311";"-1";",0710676";"-51,046337";1;"ATIVO";-1;"ATIVO";1;"ATIVO";1;"Ativo";"0";"Sem acessibilidade";387;385;385;0;1678;"ESCOLA ESTADUAL RISALVA FREITAS DO AMARAL";"AV CECILIA VICENTE DA PAIXÃO, S/N"
"05/10/2026";"06:29:34";2026;"04/10/2026";"1º Turno";1;"AP";"06092";"OIAPOQUE";4;72;1;"Principal";-1;1090;"ESCOLA DE PRIMEIRO GRAU KUMARUMA";1;"Convencional";"ALDEIA KUMARUMA";"ALDEIA KUMARUMA";"68980000";"-1";"3,3787291";"-51,2981222";1;"ATIVO";-1;"ATIVO";1;"ATIVO";1;"Ativo";"0";"Sem acessibilidade";271;273;273;0;1090;"ESCOLA DE PRIMEIRO GRAU KUMARUMA";"ALDEIA KUMARUMA"
"05/10/2026";"06:29:34";2026;"04/10/2026";"1º Turno";1;"AP";"06157";"SANTANA";6;239;1;"Principal";-1;1279;"E.M. PROF. IRANILDE";1;"Convencional";"RUA D-6, 12";"VILA AMAZONAS";"68925000";"3283 5606";"-,0549999";"-51,1590609";1;"ATIVO";-1;"ATIVO";1;"ATIVO";1;"Ativo";"0";"Sem acessibilidade";344;343;343;0;1279;"E.M. PROF. IRANILDE";"RUA D-6, 12"
"05/10/2026";"06:29:34";2026;"04/10/2026";"1º Turno";1;"AP";"06050";"MACAPÁ";2;562;1;"Principal";-1;1600;"ESCOLA ESTADUAL MÁRIO QUIRINO DA SILVA";1;"Convencional";"RUA CLAUDOMIRO DE MORAIS                    SN";"NOVO BURITIZAL";"68900000";"32125283";",0154748";"-51,0823276";1;"ATIVO";-1;"ATIVO";1;"ATIVO";1;"Ativo";"0";"Sem acessibilidade";381;380;380;0;1600;"ESCOLA ESTADUAL MÁRIO QUIRINO DA SILVA";"RUA CLAUDOMIRO DE MORAIS                    SN"
"05/10/2026";"06:29:34";2026;"04/10/2026";"1º Turno";1;"AP";"06114";"FERREIRA GOMES";12;52;1;"Principal";-1;1066;"CRECHE MUNICIPAL SARAH SALOMÃO";4;"Temporário";"AVENIDA MANOEL LINO LEAL, S/N";"MONTANHA";"68915000";"-1";"-1";"-1";1;"ATIVO";-1;"ATIVO";1;"ATIVO";1;"Ativo";"1";"Com acessibilidade";361;359;359;0;1031;"ESCOLA MUNICIPAL JOÃO FREIRE CORDEIRO";"AV. MANOEL LINO LEAL, 925"
"05/10/2026";"06:29:34";2026;"04/10/2026";"1º Turno";1;"AP";"06157";"SANTANA";6;226;1;"Principal";-1;1023;"E.E. OSVALDINA FERREIRA DA SILVA";1;"Convencional";"RUA PETER VAN SCHUPEMBERG, 90";"ILHA DE SANTANA";"68925000";"+559632841170";"-1";"-1";1;"ATIVO";-1;"ATIVO";1;"ATIVO";1;"Ativo";"0";"Sem acessibilidade";373;373;373;0;1023;"E.E. OSVALDINA FERREIRA DA SILVA";"RUA PETER VAN SCHUPEMBERG, 90"
"05/10/2026";"06:29:34";2026;"04/10/2026";"1º Turno";1;"AP";"06050";"MACAPÁ";14;135;1;"Principal";-1;1686;"E.E. SÃO BENEDITO";4;"Temporário";"ESCOLA ESTADUAL SÃO BENEDITO";"LAGUINHO";"68901018";"9632125242";"-1";"-1";1;"ATIVO";-1;"ATIVO";1;"ATIVO";1;"Ativo";"0";"Sem acessibilidade";334;330;330;0;1198;"EPG EDGAR LINO DA SILVA";"AV. ANA NERY, 233"
"05/10/2026";"06:29:34";2026;"04/10/2026";"1º Turno";1;"AP";"06122";"VITÓRIA DO JARI";7;151;1;"Principal";-1;1058;"ESCOLA MUNICIPAL BENEDITO LIMA PENELVA";1;"Convencional";"RUA PEDRO LADISLAU, S/N";"SANTA CLARA";"68920000";"36221235";"-,9342084";"-52,4328917";1;"ATIVO";-1;"ATIVO";1;"ATIVO";1;"Ativo";"0";"Sem acessibilidade";262;262;262;0;1058;"ESCOLA MUNICIPAL BENEDITO LIMA PENELVA";"RUA PEDRO LADISLAU, S/N"
"05/10/2026";"06:29:34";2026;"04/10/2026";"1º Turno";1;"AP";"06050";"MACAPÁ";2;596;1;"Principal";-1;2020;"ESCOLA ESTADUAL PROFº ANTONIO MESSIAS GONÇALVES DA SILVA";1;"Convencional";"AV. DOM JOSÉ MARITANO, 622";"ZERAO";"68900000";"+5596991046541";"-,0022242";"-51,1001204";1;"ATIVO";-1;"ATIVO";1;"ATIVO";1;"Ativo";"0";"Sem acessibilidade";345;343;343;0;2020;"ESCOLA ESTADUAL PROFº ANTONIO MESSIAS GONÇALVES DA SILVA";"AV. DOM JOSÉ MARITANO, 622"
"05/10/2026";"06:29:34";2026;"04/10/2026";"1º Turno";1;"AP";"06050";"MACAPÁ";14;388;1;"Principal";-1;1562;"ESCOLA ESTADUAL CLAUDIO DOS SANTOS BARBOSA";1;"Convencional";"VILA PROGESSO";"DISTRITO DE BAILIQUE";"68900000";"33321130";",8699606";"-50,0451417";1;"ATIVO";-1;"ATIVO";1;"ATIVO";1;"Ativo";"0";"Sem acessibilidade";306;307;307;0;1562;"ESCOLA ESTADUAL CLAUDIO DOS SANTOS BARBOSA";"VILA PROGESSO"
"05/10/2026";"06:29:34";2026;"04/10/2026";"1º Turno";1;"AP";"06157";"SANTANA";6;225;1;"Principal";-1;1430;"ESCOLA MUNICIPAL NOSSA SENHORA DA CONCEICAO";1;"Convencional";"AV. JOSE DE ANCHIETA, 399-A";"COMERCIAL";"68925000";"99141164";"-,0497623";"-51,1757274";1;"ATIVO";-1;"ATIVO";1;"ATIVO";1;"Ativo";"0";"Sem acessibilidade";208;208;208;0;1430;"ESCOLA MUNICIPAL NOSSA SENHORA DA CONCEICAO";"AV. JOSE DE ANCHIETA, 399-A"
"05/10/2026";"06:29:34";2026;"04/10/2026";"1º Turno";1;"AP";"06157";"SANTANA";6;258;1;"Principal";-1;1287;"E.E. RODOVAL BORGES SILVA";1;"Convencional";"TRAVESSA L-8, 05";"FONTE NOVA";"68925000";"3283 1213";"-,01659399";"-51,17809187";1;"ATIVO";-1;"ATIVO";1;"ATIVO";1;"Ativo";"0";"Sem acessibilidade";371;370;370;0;1287;"E.E. RODOVAL BORGES SILVA";"TRAVESSA L-8, 05"
"05/10/2026";"06:29:34";2026;"04/10/2026";"1º Turno";1;"AP";"06050";"MACAPÁ";2;918;1;"Principal";-1;2720;"ESCOLA ESTADUAL DR.ALEXANDRE VAZ TAVARES";1;"Convencional";"AV FELICIANO COELHO                                SN";"TREM";"68900000";"+5596984097424";",0294743";"-51,0595886";1;"ATIVO";-1;"ATIVO";1;"ATIVO";1;"Ativo";"0";"Sem acessibilidade";328;326;326;0;2720;"ESCOLA ESTADUAL DR.ALEXANDRE VAZ TAVARES";"AV FELICIANO COELHO                                SN"
"05/10/2026";"06:29:34";2026;"04/10/2026";"1º Turno";1;"AP";"06157";"SANTANA";6;29;1;"Principal";-1;1538;"ANEXO DA PARÓQUIA NOSSA SENHORA DE FÁTIMA";4;"Temporário";"AVENIDA PRINCESA IZABEL";"CENTRO";"68925210";"-1";"-,0421617";"-51,1731822";1;"ATIVO";-1;"ATIVO";1;"ATIVO";1;"Ativo";"0";"Sem acessibilidade";321;321;321;0;1066;"E.P.G. AMAZONAS";"AV. 15 DE NOVEMBRO, 1132"
"05/10/2026";"06:29:34";2026;"04/10/2026";"1º Turno";1;"AP";"06130";"LARANJAL DO JARI";7;17;1;"Principal";-1;1120;"CENTRO EDUCACIONAL WEBER EIDER QUEMEL";1;"Convencional";"AV NILO PEÇANHA";"LOTEAMENTO CAJARY";"68920000";"36211227";"-,8530587";"-52,5367231";1;"ATIVO";-1;"ATIVO";1;"ATIVO";1;"Ativo";"0";"Sem acessibilidade";394;394;394;0;1120;"CENTRO EDUCACIONAL WEBER EIDER QUEMEL";"AV NILO PEÇANHA"
"05/10/2026";"06:29:34";2026;"04/10/2026";"1º Turno";1;"AP";"06130";"LARANJAL DO JARI";7;113;1;"Principal";-1;1210;"CENTRO MUNICIPAL DE ENSINO - CMEF";1;"Convencional";"AV. TANCREDO NEVES, S/N";"CENTRO";"68920000";"-1";"-,8522667";"-52,5352814";1;"ATIVO";-1;"ATIVO";1;"ATIVO";1;"Ativo";"0";"Sem acessibilidade";221;221;221;0;1210;"CENTRO MUNICIPAL DE ENSINO - CMEF";"AV. TANCREDO NEVES, S/N"
"05/10/2026";"06:29:34";2026;"04/10/2026";"1º Turno";1;"AP";"06050";"MACAPÁ";2;389;1;"Principal";-1;2151;"ESCOLA ESTADUAL RAIMUNDA VIRGOLINO";1;"Convencional";"RUA VILA DOS OLIVEIRAS, 837";"PEDRINHAS";"68903095";"32125268";",00756662";"-51,06437555";1;"ATIVO";-1;"ATIVO";1;"ATIVO";1;"Ativo";"0";"Sem acessibilidade";221;222;222;0;2151;"ESCOLA ESTADUAL RAIMUNDA VIRGOLINO";"RUA VILA DOS OLIVEIRAS, 837"
"05/10/2026";"06:29:34";2026;"04/10/2026";"1º Turno";1;"AP";"06050";"MACAPÁ";14;384;1;"Principal";-1;1554;"ESCOLA ESTADUAL BENTO TOLOSA DE SANTANA";1;"Convencional";"FOZ DO GURIJUBA";"DISTRITO DE BAILIQUE";"68900000";"-1";",8725232";"-50,2855911";1;"ATIVO";-1;"ATIVO";1;"ATIVO";1;"Ativo";"1";"Com acessibilidade";106;315;315;0;1554;"ESCOLA ESTADUAL BENTO TOLOSA DE SANTANA";"FOZ DO GURIJUBA"
"05/10/2026";"06:29:34";2026;"04/10/2026";"1º Turno";1;"AP";"06050";"MACAPÁ";2;889;1;"Principal";-1;2682;"ESCOLA ESTADUAL SANTA INÊS";1;"Convencional";"RUA BEIRA RIO                         SANTA INES";"SANTA INES";"68900000";"+5596991537535";",0259971";"-51,0541281";1;"ATIVO";-1;"ATIVO";1;"ATIVO";1;"Ativo";"0";"Sem acessibilidade";313;311;311;0;2682;"ESCOLA ESTADUAL SANTA INÊS";"RUA BEIRA RIO                         SANTA INES"
"05/10/2026";"06:29:34";2026;"04/10/2026";"1º Turno";1;"AP";"06157";"SANTANA";6;15;1;"Principal";-1;1058;"E.P.G. JOSE BARROSO TOSTES";1;"Convencional";"AV. 7 DE SETEMBRO, 186";"CENTRO";"68925000";"3281 1542";"-,0415918";"-51,1768394";1;"ATIVO";-1;"ATIVO";1;"ATIVO";1;"Ativo";"0";"Sem acessibilidade";295;297;297;0;1058;"E.P.G. JOSE BARROSO TOSTES";"AV. 7 DE SETEMBRO, 186"
"05/10/2026";"06:29:34";2026;"04/10/2026";"1º Turno";1;"AP";"06050";"MACAPÁ";14;249;1;"Principal";-1;1350;"ESCOLA ESTADUAL PREDICANDA CARNEIRO AMORIM LOPES";1;"Convencional";"RUA RIO GRANDE DO SUL                     131";"SANTA RITA";"68900000";"+5596991555522";",0384932";"-51,0808658";1;"ATIVO";-1;"ATIVO";1;"ATIVO";1;"Ativo";"1";"Com acessibilidade";364;364;364;0;1350;"ESCOLA ESTADUAL PREDICANDA CARNEIRO AMORIM LOPES";"RUA RIO GRANDE DO SUL                     131"
"05/10/2026";"06:29:34";2026;"04/10/2026";"1º Turno";1;"AP";"06050";"MACAPÁ";10;62;1;"Principal";-1;1074;"ESCOLA ESTADUAL PROFESSORA RUTH DE ALMEIDA BEZERRA";1;"Convencional";"RUA ADILSON JOSÉ PINTO PEREIRA 109";"SAO LAZARO";"68908571";"991283485";",0670284";"-51,057224";1;"ATIVO";-1;"ATIVO";1;"ATIVO";1;"Ativo";"0";"Sem acessibilidade";356;355;355;0;1074;"ESCOLA ESTADUAL PROFESSORA RUTH DE ALMEIDA BEZERRA";"RUA ADILSON JOSÉ PINTO PEREIRA 109"
"05/10/2026";"06:29:34";2026;"04/10/2026";"1º Turno";1;"AP";"06050";"MACAPÁ";2;528;1;"Principal";-1;2356;"ESCOLA ESTADUAL GONÇALVES DIAS";1;"Convencional";"RUA SANTOS DUMONT     BURITIZAL      N° 121";"BURITIZAL";"68902880";"+5596991451429";",0203216";"-51,073305";1;"ATIVO";-1;"ATIVO";1;"ATIVO";1;"Ativo";"1";"Com acessibilidade";314;314;314;0;2356;"ESCOLA ESTADUAL GONÇALVES DIAS";"RUA SANTOS DUMONT     BURITIZAL      N° 121"
"05/10/2026";"06:29:34";2026;"04/10/2026";"1º Turno";1;"AP";"06092";"OIAPOQUE";4;59;1;"Principal";-1;1120;"CAMPUS UNIVERSITÁRIO BINACIONAL - UNIFAP";1;"Convencional";"BR 156 - KM 01";"UNIVERSIDADE";"68980000";"-1";"3,83941796";"-51,81908173";1;"ATIVO";-1;"ATIVO";1;"ATIVO";1;"Ativo";"0";"Sem acessibilidade";275;275;275;0;1120;"CAMPUS UNIVERSITÁRIO BINACIONAL - UNIFAP";"BR 156 - KM 01"
"05/10/2026";"06:29:34";2026;"04/10/2026";"1º Turno";1;"AP";"06041";"ITAUBAL";10;2;1;"Principal";-1;1015;"ESCOLA ESTADUAL ANA CLAUDINA PICANÇO";1;"Convencional";"VILA DO CARMO DO MACACOARI";"CARMO DO MACACOARI";"68900000";"+5596984068090";",5058683";"-50,7487266";1;"ATIVO";-1;"ATIVO";1;"ATIVO";1;"Ativo";"0";"Sem acessibilidade";356;354;354;0;1015;"ESCOLA ESTADUAL ANA CLAUDINA PICANÇO";"VILA DO CARMO DO MACACOARI"
"05/10/2026";"06:29:34";2026;"04/10/2026";"1º Turno";1;"AP";"06076";"MAZAGÃO";5;27;1;"Principal";-1;1228;"ESCOLA ESTADUAL DOM PEDRO I";1;"Convencional";"AV INTENDENTE ALFREDO PINTO, 1205";"CENTRO";"68930000";"-1";"-,11608132";"-51,28560926";1;"ATIVO";-1;"ATIVO";1;"ATIVO";1;"Ativo";"1";"Com acessibilidade";241;241;241;0;1228;"ESCOLA ESTADUAL DOM PEDRO I";"AV INTENDENTE ALFREDO PINTO, 1205"
"05/10/2026";"06:29:34";2026;"04/10/2026";"1º Turno";1;"AP";"06050";"MACAPÁ";10;238;1;"Principal";-1;1546;"ESCOLA ESTADUAL PROFESSORA MARIA CAVALCANTE DE AZEVEDO PICANÇO";1;"Convencional";"RUA CAJUEIRO, 543, BRASIL NOVO";"BRASIL NOVO";"68909312";"991495422";",0920931";"-51,0860936";1;"ATIVO";-1;"ATIVO";1;"ATIVO";1;"Ativo";"0";"Sem acessibilidade";386;386;386;0;1546;"ESCOLA ESTADUAL PROFESSORA MARIA CAVALCANTE DE AZEVEDO PICANÇO";"RUA CAJUEIRO, 543, BRASIL NOVO"
"05/10/2026";"06:29:34";2026;"04/10/2026";"1º Turno";1;"AP";"06050";"MACAPÁ";2;872;1;"Principal";-1;2674;"ESCOLA ESTADUAL PROFª MARIA CARMELITA DO CARMO";1;"Convencional";"RUA BARAO DE MAUA, 345";"BURITIZAL";"68900460";"+5596991394217";",0273806";"-51,0750153";1;"ATIVO";-1;"ATIVO";1;"ATIVO";1;"Ativo";"0";"Sem acessibilidade";276;276;276;0;2674;"ESCOLA ESTADUAL PROFª MARIA CARMELITA DO CARMO";"RUA BARAO DE MAUA, 345"
"05/10/2026";"06:29:34";2026;"04/10/2026";"1º Turno";1;"AP";"06050";"MACAPÁ";2;603;1;"Principal";-1;2151;"ESCOLA ESTADUAL RAIMUNDA VIRGOLINO";1;"Convencional";"RUA VILA DOS OLIVEIRAS, 837";"PEDRINHAS";"68903095";"32125268";",00756662";"-51,06437555";1;"ATIVO";-1;"ATIVO";1;"ATIVO";1;"Ativo";"0";"Sem acessibilidade";215;216;216;0;2151;"ESCOLA ESTADUAL RAIMUNDA VIRGOLINO";"RUA VILA DOS OLIVEIRAS, 837"
"05/10/2026";"06:29:34";2026;"04/10/2026";"1º Turno";1;"AP";"06050";"MACAPÁ";14;54;1;"Principal";-1;1090;"E.M.E.I.  MUNDO DA CRIANÇA";1;"Convencional";"AV. PARAIBA - 201";"PACOVAL";"68908280";"991223819";",057793";"-51,0545661";1;"ATIVO";-1;"ATIVO";1;"ATIVO";1;"Ativo";"0";"Sem acessibilidade";313;310;310;0;1090;"E.M.E.I.  MUNDO DA CRIANÇA";"AV. PARAIBA - 201"
"05/10/2026";"06:29:34";2026;"04/10/2026";"1º Turno";1;"AP";"06092";"OIAPOQUE";4;39;1;"Principal";-1;1120;"CAMPUS UNIVERSITÁRIO BINACIONAL - UNIFAP";1;"Convencional";"BR 156 - KM 01";"UNIVERSIDADE";"68980000";"-1";"3,83941796";"-51,81908173";1;"ATIVO";-1;"ATIVO";1;"ATIVO";1;"Ativo";"0";"Sem acessibilidade";275;270;270;0;1120;"CAMPUS UNIVERSITÁRIO BINACIONAL - UNIFAP";"BR 156 - KM 01"
"05/10/2026";"06:29:34";2026;"04/10/2026";"1º Turno";1;"AP";"06130";"LARANJAL DO JARI";7;66;1;"Principal";-1;1090;"ESCOLA MUNICIPAL RAIMUNDA RODRIGUES CAPIBERIBE";1;"Convencional";"AVENIDA TANCREDO NEVES, N. 901";"AGRESTE";"68920000";"36211667";"-,8405685";"-52,5200531";1;"ATIVO";-1;"ATIVO";1;"ATIVO";1;"Ativo";"0";"Sem acessibilidade";197;391;391;0;1090;"ESCOLA MUNICIPAL RAIMUNDA RODRIGUES CAPIBERIBE";"AVENIDA TANCREDO NEVES, N. 901"
"05/10/2026";"06:29:34";2026;"04/10/2026";"1º Turno";1;"AP";"06157";"SANTANA";6;128;1;"Principal";-1;1201;"E.E. PROF. IZANETE VICTOR DOS SANTOS";1;"Convencional";"AV. COELHO NETO, 828";"PARAÍSO";"68925000";"3283 2783";"-,0294157";"-51,1673923";1;"ATIVO";-1;"ATIVO";1;"ATIVO";1;"Ativo";"0";"Sem acessibilidade";370;365;365;0;1201;"E.E. PROF. IZANETE VICTOR DOS SANTOS";"AV. COELHO NETO, 828"
"05/10/2026";"06:29:34";2026;"04/10/2026";"1º Turno";1;"AP";"06076";"MAZAGÃO";5;121;1;"Principal";-1;1252;"ESCOLA MUNICIPAL DOMINGOS VALENTE BARRETO";1;"Convencional";"RUA SANTA RITA, SN";"BOM JESUS";"68940000";"-1";"-,10687113";"-51,2867679";1;"ATIVO";-1;"ATIVO";1;"ATIVO";1;"Ativo";"0";"Sem acessibilidade";310;310;310;0;1252;"ESCOLA MUNICIPAL DOMINGOS VALENTE BARRETO";"RUA SANTA RITA, SN"
"05/10/2026";"06:29:34";2026;"04/10/2026";"1º Turno";1;"AP";"06041";"ITAUBAL";10;441;1;"Principal";-1;1082;"ESCOLA MUNICIPAL ANTÔNIO MAXIMINO DA CRUZ";1;"Convencional";"RODOVIA AP 070, COMUNIDADE DE INAJÁ";"LOCALIDADE INAJÁ";"68976000";"-1";",7149116";"-50,8496404";1;"ATIVO";-1;"ATIVO";1;"ATIVO";1;"Ativo";"1";"Com acessibilidade";171;172;172;0;1082;"ESCOLA MUNICIPAL ANTÔNIO MAXIMINO DA CRUZ";"RODOVIA AP 070, COMUNIDADE DE INAJÁ"
"05/10/2026";"06:29:34";2026;"04/10/2026";"1º Turno";1;"AP";"06068";"CUTIAS";10;296;1;"Principal";-1;1015;"ESCOLA ESTADUAL LOURIMAR SIMÕES PAES";1;"Convencional";"RUA LÉO VIRGÍLIO TOLOSA, 624";"CENTRO";"68973000";"-1";",9696012";"-50,7978857";1;"ATIVO";-1;"ATIVO";1;"ATIVO";1;"Ativo";"0";"Sem acessibilidade";302;302;302;0;1015;"ESCOLA ESTADUAL LOURIMAR SIMÕES PAES";"RUA LÉO VIRGÍLIO TOLOSA, 624"
"05/10/2026";"06:29:34";2026;"04/10/2026";"1º Turno";1;"AP";"06157";"SANTANA";6;238;1;"Principal";-1;1341;"ESCOLA ESTADUAL SAO PAULO APOSTOLO";1;"Convencional";"AVENIDA SAO PAULO APOSTOLO, 2384";"PARAÍSO";"68925000";"-1";"-,0356414";"-51,1799226";1;"ATIVO";-1;"ATIVO";1;"ATIVO";1;"Ativo";"0";"Sem acessibilidade";235;233;233;0;1341;"ESCOLA ESTADUAL SAO PAULO APOSTOLO";"AVENIDA SAO PAULO APOSTOLO, 2384"
"05/10/2026";"06:29:34";2026;"04/10/2026";"1º Turno";1;"AP";"06157";"SANTANA";6;33;1;"Principal";-1;1147;"E.P.G. JOSE DE RIBAMAR PESTANA";1;"Convencional";"TV. PALMIRA MIRANDA DE ANDRADE, 540";"NOVA BRASÍLIA I";"68925000";"3283 2837";"-,0464025";"-51,1602663";1;"ATIVO";-1;"ATIVO";1;"ATIVO";1;"Ativo";"0";"Sem acessibilidade";343;344;344;0;1147;"E.P.G. JOSE DE RIBAMAR PESTANA";"TV. PALMIRA MIRANDA DE ANDRADE, 540"
"05/10/2026";"06:29:34";2026;"04/10/2026";"1º Turno";1;"AP";"06017";"AMAPÁ";1;35;1;"Principal";-1;1104;"ESCOLA ESTADUAL VIDAL DE NEGREIROS";1;"Convencional";"AV. DESIDERIO ANTONIO COELHO, 470, CENTRO";"SETE MANGUEIRAS";"68950000";"-1";"2,0471077";"-50,7919131";1;"ATIVO";-1;"ATIVO";1;"ATIVO";1;"Ativo";"0";"Sem acessibilidade";273;272;272;0;1104;"ESCOLA ESTADUAL VIDAL DE NEGREIROS";"AV. DESIDERIO ANTONIO COELHO, 470, CENTRO"
"05/10/2026";"06:29:34";2026;"04/10/2026";"1º Turno";1;"AP";"06084";"PEDRA BRANCA DO AMAPARI";11;29;1;"Principal";-1;1066;"ESCOLA MUNICIPAL DE ENSINO FUNDAMENTAL SÃO PEDRO";1;"Convencional";"RUA FRANCISCO BRAZ, 345";"CENTRO";"68945100";"+559633221289";",7771201";"-51,9532666";1;"ATIVO";-1;"ATIVO";1;"ATIVO";1;"Ativo";"0";"Sem acessibilidade";326;323;323;0;1066;"ESCOLA MUNICIPAL DE ENSINO FUNDAMENTAL SÃO PEDRO";"RUA FRANCISCO BRAZ, 345"
"05/10/2026";"06:29:34";2026;"04/10/2026";"1º Turno";1;"AP";"06050";"MACAPÁ";14;387;1;"Principal";-1;1562;"ESCOLA ESTADUAL CLAUDIO DOS SANTOS BARBOSA";1;"Convencional";"VILA PROGESSO";"DISTRITO DE BAILIQUE";"68900000";"33321130";",8699606";"-50,0451417";1;"ATIVO";-1;"ATIVO";1;"ATIVO";1;"Ativo";"1";"Com acessibilidade";316;316;316;0;1562;"ESCOLA ESTADUAL CLAUDIO DOS SANTOS BARBOSA";"VILA PROGESSO"
"05/10/2026";"06:29:34";2026;"04/10/2026";"1º Turno";1;"AP";"06130";"LARANJAL DO JARI";7;77;1;"Principal";-1;1058;"ESCOLA ESTADUAL PROF. MARIA DE NAZARÉ RODRIGUES DA SILVA";1;"Convencional";"RUA CULTURA, N 277";"AGRESTE";"68920000";"991894068";"-,8443316";"-52,5159137";1;"ATIVO";-1;"ATIVO";1;"ATIVO";1;"Ativo";"0";"Sem acessibilidade";265;261;261;0;1058;"ESCOLA ESTADUAL PROF. MARIA DE NAZARÉ RODRIGUES DA SILVA";"RUA CULTURA, N 277"
"05/10/2026";"06:29:34";2026;"04/10/2026";"1º Turno";1;"AP";"06092";"OIAPOQUE";4;6;1;"Principal";-1;1040;"ESCOLA DE PRIMEIRO GRAU MANGA";1;"Convencional";"ALDEIA MANGA";"ALDEIA MANGA";"68980000";"-1";"3,72512803";"-51,72036655";1;"ATIVO";-1;"ATIVO";1;"ATIVO";1;"Ativo";"0";"Sem acessibilidade";269;269;269;0;1040;"ESCOLA DE PRIMEIRO GRAU MANGA";"ALDEIA MANGA"
"05/10/2026";"06:29:34";2026;"04/10/2026";"1º Turno";1;"AP";"06025";"PORTO GRANDE";12;36;1;"Principal";-1;1120;"ESCOLA MUNICIPAL ADÃO FERREIRA";1;"Convencional";"RUA JOSE DE ARAUJO N. 1712";"AEROPORTO";"68997000";"-1";",7007033";"-51,39604331";1;"ATIVO";-1;"ATIVO";1;"ATIVO";1;"Ativo";"1";"Com acessibilidade";376;376;376;0;1120;"ESCOLA MUNICIPAL ADÃO FERREIRA";"RUA JOSE DE ARAUJO N. 1712"
"05/10/2026";"06:29:34";2026;"04/10/2026";"1º Turno";1;"AP";"06050";"MACAPÁ";2;88;1;"Principal";-1;1155;"ESCOLA ESTADUAL PROFº ZOLITO DE JESUS NUNES";1;"Convencional";"RUA LEOPOLDO MACHADO                            160 - BEIROL";"BEIROL";"68902020";"+5596991150828";",0179869";"-51,0631282";1;"ATIVO";-1;"ATIVO";1;"ATIVO";1;"Ativo";"1";"Com acessibilidade";367;366;366;0;1155;"ESCOLA ESTADUAL PROFº ZOLITO DE JESUS NUNES";"RUA LEOPOLDO MACHADO                            160 - BEIROL"
"05/10/2026";"06:29:34";2026;"04/10/2026";"1º Turno";1;"AP";"06157";"SANTANA";6;99;1;"Principal";-1;1147;"E.P.G. JOSE DE RIBAMAR PESTANA";1;"Convencional";"TV. PALMIRA MIRANDA DE ANDRADE, 540";"NOVA BRASÍLIA I";"68925000";"3283 2837";"-,0464025";"-51,1602663";1;"ATIVO";-1;"ATIVO";1;"ATIVO";1;"Ativo";"0";"Sem acessibilidade";343;340;340;0;1147;"E.P.G. JOSE DE RIBAMAR PESTANA";"TV. PALMIRA MIRANDA DE ANDRADE, 540"
"05/10/2026";"06:29:34";2026;"04/10/2026";"1º Turno";1;"AP";"06157";"SANTANA";6;96;1;"Principal";-1;1210;"E.E. IGARAPE DA FORTALEZA";1;"Convencional";"RUA RIO MATAPI, 121";"IGARAPÉ DA FORTALEZA";"68925000";"3283 2250";"-,0473052";"-51,1450026";1;"ATIVO";-1;"ATIVO";1;"ATIVO";1;"Ativo";"0";"Sem acessibilidade";297;296;296;0;1104;"E.P.G. PIAUI";"RUA CRISTO REI, 01"
"05/10/2026";"06:29:34";2026;"04/10/2026";"1º Turno";1;"AP";"06157";"SANTANA";6;135;1;"Principal";-1;1198;"E.E. FONTE NOVA";1;"Convencional";"AV. DOM PEDRO I, 4286";"FONTE NOVA";"68928163";"3281 3288";"-,01910818";"-51,16939163";1;"ATIVO";-1;"ATIVO";1;"ATIVO";1;"Ativo";"0";"Sem acessibilidade";312;311;311;0;1198;"E.E. FONTE NOVA";"AV. DOM PEDRO I, 4286"
"05/10/2026";"06:29:34";2026;"04/10/2026";"1º Turno";1;"AP";"06092";"OIAPOQUE";4;55;1;"Principal";-1;1228;"ESCOLA MUNICIPAL DE EDUCAÇÃO INFANTIL DO ABC";1;"Convencional";"R. HONÓRIO CAETANO DA SILVA, 315 - CENTRO, OIAPOQUE - AP";"CENTRO";"68980000";"-1";"-1";"-1";1;"ATIVO";-1;"ATIVO";1;"ATIVO";1;"Ativo";"0";"Sem acessibilidade";276;277;277;0;1228;"ESCOLA MUNICIPAL DE EDUCAÇÃO INFANTIL DO ABC";"R. HONÓRIO CAETANO DA SILVA, 315 - CENTRO, OIAPOQUE - AP"
"05/10/2026";"06:29:34";2026;"04/10/2026";"1º Turno";1;"AP";"06050";"MACAPÁ";14;95;1;"Principal";-1;1147;"EEEF MARIO DAVID ANDREAZZA";1;"Convencional";"RAIMUNDO RAMOS DOS PASSOS 495";"PERPETUO SOCORRO";"68900000";"32125271";",0483913";"-51,0467397";1;"ATIVO";-1;"ATIVO";1;"ATIVO";1;"Ativo";"0";"Sem acessibilidade";391;391;391;0;1147;"EEEF MARIO DAVID ANDREAZZA";"RAIMUNDO RAMOS DOS PASSOS 495"
"05/10/2026";"06:29:34";2026;"04/10/2026";"1º Turno";1;"AP";"06106";"SERRA DO NAVIO";11;7;1;"Principal";-1;1015;"ESCOLA ESTADUAL DOUTOR HERMELINO HERBSTER GUSMAO";1;"Convencional";"BC7, 589, SERRA DO NAVIO";"CENTRO";"68900000";"-1";"-1";"-1";1;"ATIVO";-1;"ATIVO";1;"ATIVO";1;"Ativo";"1";"Com acessibilidade";329;330;330;0;1015;"ESCOLA ESTADUAL DOUTOR HERMELINO HERBSTER GUSMAO";"BC7, 589, SERRA DO NAVIO"
"05/10/2026";"06:29:34";2026;"04/10/2026";"1º Turno";1;"AP";"06050";"MACAPÁ";14;127;1;"Principal";-1;1180;"EPG CASTRO ALVES";1;"Convencional";"AV. PEDRO AMERICO, 114";"JESUS DE NAZARE";"68908220";"981011638";",0519541";"-51,0593394";1;"ATIVO";-1;"ATIVO";1;"ATIVO";1;"Ativo";"1";"Com acessibilidade";348;348;348;0;1180;"EPG CASTRO ALVES";"AV. PEDRO AMERICO, 114"
"05/10/2026";"06:29:34";2026;"04/10/2026";"1º Turno";1;"AP";"06092";"OIAPOQUE";4;69;1;"Principal";-1;1082;"ESCOLA DE PRIMEIRO GRAU URUCAUA";1;"Convencional";"VILA KUMENE";"ALDEIA KUMENE";"68980000";"-1";"3,49018667";"-51,48118333";1;"ATIVO";-1;"ATIVO";1;"ATIVO";1;"Ativo";"0";"Sem acessibilidade";262;264;264;0;1082;"ESCOLA DE PRIMEIRO GRAU URUCAUA";"VILA KUMENE"
"05/10/2026";"06:29:34";2026;"04/10/2026";"1º Turno";1;"AP";"06130";"LARANJAL DO JARI";7;64;1;"Principal";-1;1210;"CENTRO MUNICIPAL DE ENSINO - CMEF";1;"Convencional";"AV. TANCREDO NEVES, S/N";"CENTRO";"68920000";"-1";"-,8522667";"-52,5352814";1;"ATIVO";-1;"ATIVO";1;"ATIVO";1;"Ativo";"0";"Sem acessibilidade";215;215;215;0;1210;"CENTRO MUNICIPAL DE ENSINO - CMEF";"AV. TANCREDO NEVES, S/N"
"05/10/2026";"06:29:34";2026;"04/10/2026";"1º Turno";1;"AP";"06092";"OIAPOQUE";4;12;1;"Principal";-1;1015;"ESCOLA DE PRIMEIRO GRAU JOAQUIM CAETANO DA SILVA";1;"Convencional";"AVENIDA JOAQUIM CAETANO DA SILVA";"CENTRO";"00000000";"-1";"3,84761965";"-51,83541966";1;"ATIVO";-1;"ATIVO";1;"ATIVO";1;"Ativo";"0";"Sem acessibilidade";274;275;275;0;1015;"ESCOLA DE PRIMEIRO GRAU JOAQUIM CAETANO DA SILVA";"AVENIDA JOAQUIM CAETANO DA SILVA"
"05/10/2026";"06:29:34";2026;"04/10/2026";"1º Turno";1;"AP";"06050";"MACAPÁ";14;317;1;"Principal";-1;1449;"ESCOLA ESTADUAL TIRADENTES";1;"Convencional";"RUA SANTOS DUMONT         128      SANTA RITA";"SANTA RITA";"68900000";"+5596981117291";",042048";"-51,0727224";1;"ATIVO";-1;"ATIVO";1;"ATIVO";1;"Ativo";"0";"Sem acessibilidade";312;313;313;0;1449;"ESCOLA ESTADUAL TIRADENTES";"RUA SANTOS DUMONT         128      SANTA RITA"
"05/10/2026";"06:29:34";2026;"04/10/2026";"1º Turno";1;"AP";"06050";"MACAPÁ";14;389;1;"Principal";-1;1562;"ESCOLA ESTADUAL CLAUDIO DOS SANTOS BARBOSA";1;"Convencional";"VILA PROGESSO";"DISTRITO DE BAILIQUE";"68900000";"33321130";",8699606";"-50,0451417";1;"ATIVO";-1;"ATIVO";1;"ATIVO";1;"Ativo";"1";"Com acessibilidade";313;313;313;0;1562;"ESCOLA ESTADUAL CLAUDIO DOS SANTOS BARBOSA";"VILA PROGESSO"
"05/10/2026";"06:29:34";2026;"04/10/2026";"1º Turno";1;"AP";"06050";"MACAPÁ";10;115;1;"Principal";-1;2097;"LOCAL 2 PRÉDIO ANEXO DA ESCOLA JARDIM FELICIDADE";4;"Temporário";"TRAVESSA DO HORTO, 1621 (PRÓXIMO AO HORTO MUNICIPAL)";"JARDIM FELICIDADE I";"68909818";"991634333";"-1";"-1";1;"ATIVO";-1;"ATIVO";1;"ATIVO";1;"Ativo";"0";"Sem acessibilidade";346;344;344;0;1198;"ESCOLA MUNICIPAL JARDIM FELICIDADE";"RUA VEREADOR JULIO MARIA PINTO PEREIRA 629"
"05/10/2026";"06:29:34";2026;"04/10/2026";"1º Turno";1;"AP";"06084";"PEDRA BRANCA DO AMAPARI";11;32;1;"Principal";-1;1058;"ESCOLA ESTADUAL DAS ALDEIAS WAIÃPI";1;"Convencional";"RODOVIA PERIMETRAL NORTE - BR-210, S/N";"ALDEIA ARAMIRÃ";"68900000";"-1";"-1";"-1";1;"ATIVO";-1;"ATIVO";1;"ATIVO";1;"Ativo";"0";"Sem acessibilidade";298;301;299;0;1058;"ESCOLA ESTADUAL DAS ALDEIAS WAIÃPI";"RODOVIA PERIMETRAL NORTE - BR-210, S/N"
"05/10/2026";"06:29:34";2026;"04/10/2026";"1º Turno";1;"AP";"06050";"MACAPÁ";10;305;1;"Principal";-1;1503;"ESCOLA MUNICIPAL PROFESSOR JOSÉ LEOVES DE LIMA TEIXEIRA";1;"Convencional";"RUA RENASCIMENTO, 2041";"RENASCER";"68900000";"981381507";",0729854";"-51,0513328";1;"ATIVO";-1;"ATIVO";1;"ATIVO";1;"Ativo";"1";"Com acessibilidade";387;385;385;0;1503;"ESCOLA MUNICIPAL PROFESSOR JOSÉ LEOVES DE LIMA TEIXEIRA";"RUA RENASCIMENTO, 2041"
"05/10/2026";"06:29:34";2026;"04/10/2026";"1º Turno";1;"AP";"06050";"MACAPÁ";10;361;1;"Principal";-1;1660;"ESCOLA ESTADUAL DE TEMPO INTEGRAL PROFESSOR. DARCY RIBEIRO";1;"Convencional";"AV. JOSÉ FERREIRA CHUCRE, 2420";"NOVO HORIZONTE";"68909826";"-1";",0873907";"-51,0406523";1;"ATIVO";-1;"ATIVO";1;"ATIVO";1;"Ativo";"0";"Sem acessibilidade";369;367;367;0;1660;"ESCOLA ESTADUAL DE TEMPO INTEGRAL PROFESSOR. DARCY RIBEIRO";"AV. JOSÉ FERREIRA CHUCRE, 2420"
"05/10/2026";"06:29:34";2026;"04/10/2026";"1º Turno";1;"AP";"06173";"TARTARUGALZINHO";8;29;1;"Principal";-1;1040;"ESC EST  WASHINGTON LUIS A. FIGUEIREDO";1;"Convencional";"BR 156 - VILA DE ITAUBAL DO AMAPÁ, 760";"ITAUBAL";"68990000";"+559634251162";"1,58130871";"-50,9026185";1;"ATIVO";-1;"ATIVO";1;"ATIVO";1;"Ativo";"0";"Sem acessibilidade";237;238;238;0;1040;"ESC EST  WASHINGTON LUIS A. FIGUEIREDO";"BR 156 - VILA DE ITAUBAL DO AMAPÁ, 760"
"05/10/2026";"06:29:34";2026;"04/10/2026";"1º Turno";1;"AP";"06050";"MACAPÁ";2;399;1;"Principal";-1;1791;"ESCOLA ESTADUAL IRINEU DA GAMA PAES";1;"Convencional";"AV RAIMUNDO CAXIAS DE SOUZA                      SN";"CONGOS";"68900000";"+5596981151638";",0090684";"-51,0934478";1;"ATIVO";-1;"ATIVO";1;"ATIVO";1;"Ativo";"0";"Sem acessibilidade";360;360;360;0;1791;"ESCOLA ESTADUAL IRINEU DA GAMA PAES";"AV RAIMUNDO CAXIAS DE SOUZA                      SN"
"05/10/2026";"06:29:34";2026;"04/10/2026";"1º Turno";1;"AP";"06050";"MACAPÁ";2;881;1;"Principal";-1;2682;"ESCOLA ESTADUAL SANTA INÊS";1;"Convencional";"RUA BEIRA RIO                         SANTA INES";"SANTA INES";"68900000";"+5596991537535";",0259971";"-51,0541281";1;"ATIVO";-1;"ATIVO";1;"ATIVO";1;"Ativo";"1";"Com acessibilidade";306;304;304;0;2682;"ESCOLA ESTADUAL SANTA INÊS";"RUA BEIRA RIO                         SANTA INES"
"05/10/2026";"06:29:34";2026;"04/10/2026";"1º Turno";1;"AP";"06050";"MACAPÁ";2;602;1;"Principal";-1;1902;"ESCOLA ESTADUAL REINALDO MAURICIO GOLBERT DAMASCENO";1;"Convencional";"AV 13 DE SETEMBRO      S/N";"CUBA DE ASFALTO";"68900000";"+5596981481320";",023435";"-51,0861323";1;"ATIVO";-1;"ATIVO";1;"ATIVO";1;"Ativo";"1";"Com acessibilidade";378;378;378;0;1902;"ESCOLA ESTADUAL REINALDO MAURICIO GOLBERT DAMASCENO";"AV 13 DE SETEMBRO      S/N"
"05/10/2026";"06:29:34";2026;"04/10/2026";"1º Turno";1;"AP";"06050";"MACAPÁ";14;408;1;"Principal";-1;1635;"ESCOLA MUNICIPAL DE ENSINO FUNDMENTAL ROSA DE SHARON";1;"Convencional";"ILHA DO BRIGUE - MACEDONIA                     SN";"DISTRITO DE BAILIQUE";"68900000";"-1";",877587";"-50,048224";1;"ATIVO";-1;"ATIVO";1;"ATIVO";1;"Ativo";"0";"Sem acessibilidade";201;201;201;0;1635;"ESCOLA MUNICIPAL DE ENSINO FUNDMENTAL ROSA DE SHARON";"ILHA DO BRIGUE - MACEDONIA                     SN"
"05/10/2026";"06:29:34";2026;"04/10/2026";"1º Turno";1;"AP";"06084";"PEDRA BRANCA DO AMAPARI";11;44;1;"Principal";-1;1023;"ESCOLA MUNICIPAL DE ENSINO FUNDAMENTAL RIOZINHO";1;"Convencional";"PERIMETRAL NORTE - ZONA RURAL";"COMUNIDADE RIOZINHO";"68945000";"-1";"-1";"-1";1;"ATIVO";-1;"ATIVO";1;"ATIVO";1;"Ativo";"0";"Sem acessibilidade";244;242;242;0;1023;"ESCOLA MUNICIPAL DE ENSINO FUNDAMENTAL RIOZINHO";"PERIMETRAL NORTE - ZONA RURAL"
"05/10/2026";"06:29:34";2026;"04/10/2026";"1º Turno";1;"AP";"06130";"LARANJAL DO JARI";7;65;1;"Principal";-1;1066;"ESCOLA ESTADUAL MINEKO HAYASHIDA";1;"Convencional";"AVENIDA TANCREDO NEVES, 1304";"AGRESTE";"68920000";"991337867";"-,8380233";"-52,517341";1;"ATIVO";-1;"ATIVO";1;"ATIVO";1;"Ativo";"0";"Sem acessibilidade";194;191;191;0;1066;"ESCOLA ESTADUAL MINEKO HAYASHIDA";"AVENIDA TANCREDO NEVES, 1304"
"05/10/2026";"06:29:34";2026;"04/10/2026";"1º Turno";1;"AP";"06157";"SANTANA";6;231;1;"Principal";-1;1155;"E.E. PROF. FRANCISCO WALCY LOBATO LIMA";1;"Convencional";"AV. MARIA COLARES, 1940";"NOVA BRASÍLIA I";"68927299";"3283 2601";"-,0365765";"-51,1660317";1;"ATIVO";-1;"ATIVO";1;"ATIVO";1;"Ativo";"0";"Sem acessibilidade";303;302;302;0;1155;"E.E. PROF. FRANCISCO WALCY LOBATO LIMA";"AV. MARIA COLARES, 1940"
"05/10/2026";"06:29:34";2026;"04/10/2026";"1º Turno";1;"AP";"06076";"MAZAGÃO";5;41;1;"Principal";-1;1201;"ESCOLA ESTADUAL FAGUNDES VARELA";1;"Convencional";"RUA JOSE DOS REIS BARRETO, 1313 - CENTRO";"DISTRITO DO CARVAO";"68940000";"-1";"-,184611";"-51,3552501";1;"ATIVO";-1;"ATIVO";1;"ATIVO";1;"Ativo";"0";"Sem acessibilidade";281;281;281;0;1201;"ESCOLA ESTADUAL FAGUNDES VARELA";"RUA JOSE DOS REIS BARRETO, 1313 - CENTRO"
"05/10/2026";"06:29:34";2026;"04/10/2026";"1º Turno";1;"AP";"06084";"PEDRA BRANCA DO AMAPARI";11;2;1;"Principal";-1;1015;"ESCOLA ESTADUAL MARIA HELENA CORDEIRO";1;"Convencional";"RUA DA PAZ, 527 - CENTRAL - PEDRA BRANCA DO AMAPARI";"CENTRO";"68945000";"-1";"-1";"-1";1;"ATIVO";-1;"ATIVO";1;"ATIVO";1;"Ativo";"0";"Sem acessibilidade";348;344;344;0;1015;"ESCOLA ESTADUAL MARIA HELENA CORDEIRO";"RUA DA PAZ, 527 - CENTRAL - PEDRA BRANCA DO AMAPARI"
"05/10/2026";"06:29:34";2026;"04/10/2026";"1º Turno";1;"AP";"06084";"PEDRA BRANCA DO AMAPARI";11;27;1;"Principal";-1;1015;"ESCOLA ESTADUAL MARIA HELENA CORDEIRO";1;"Convencional";"RUA DA PAZ, 527 - CENTRAL - PEDRA BRANCA DO AMAPARI";"CENTRO";"68945000";"-1";"-1";"-1";1;"ATIVO";-1;"ATIVO";1;"ATIVO";1;"Ativo";"1";"Com acessibilidade";341;337;337;0;1015;"ESCOLA ESTADUAL MARIA HELENA CORDEIRO";"RUA DA PAZ, 527 - CENTRAL - PEDRA BRANCA DO AMAPARI"
"05/10/2026";"06:29:34";2026;"04/10/2026";"1º Turno";1;"AP";"06157";"SANTANA";6;100;1;"Principal";-1;1074;"E.E.T.I.  AUGUSTO ANTUNES";1;"Convencional";"TRAVESSA PEDRO SALVADOR DINIZ, 1631";"NOVA BRASÍLIA I";"68927230";"3281 3067";"-,0440221";"-51,1648759";1;"ATIVO";-1;"ATIVO";1;"ATIVO";1;"Ativo";"0";"Sem acessibilidade";338;337;337;0;1074;"E.E.T.I.  AUGUSTO ANTUNES";"TRAVESSA PEDRO SALVADOR DINIZ, 1631"
"05/10/2026";"06:29:34";2026;"04/10/2026";"1º Turno";1;"AP";"06092";"OIAPOQUE";4;34;1;"Principal";-1;1015;"ESCOLA DE PRIMEIRO GRAU JOAQUIM CAETANO DA SILVA";1;"Convencional";"AVENIDA JOAQUIM CAETANO DA SILVA";"CENTRO";"00000000";"-1";"3,84761965";"-51,83541966";1;"ATIVO";-1;"ATIVO";1;"ATIVO";1;"Ativo";"0";"Sem acessibilidade";274;273;273;0;1015;"ESCOLA DE PRIMEIRO GRAU JOAQUIM CAETANO DA SILVA";"AVENIDA JOAQUIM CAETANO DA SILVA"
"05/10/2026";"06:29:34";2026;"04/10/2026";"1º Turno";1;"AP";"06130";"LARANJAL DO JARI";7;182;1;"Principal";-1;1309;"ESCOLA MUNICIPAL MUNDO ENCANTADO";1;"Convencional";"AV. SÃO JOSÉ 933";"AGRESTE";"68920000";"+5596991996240";"-,8400581";"-52,5211135";1;"ATIVO";-1;"ATIVO";1;"ATIVO";1;"Ativo";"0";"Sem acessibilidade";331;330;330;0;1309;"ESCOLA MUNICIPAL MUNDO ENCANTADO";"AV. SÃO JOSÉ 933"
"05/10/2026";"06:29:34";2026;"04/10/2026";"1º Turno";1;"AP";"06033";"CALÇOENE";1;53;1;"Principal";-1;1015;"ESCOLA ESTADUAL PROFº. SILVIO ELITO DE LIMA SANTOS";1;"Convencional";"AV MANOEL SARMENTO, N. 0266";"CENTRO";"68960000";"34231500";"2,4976326";"-50,9572776";1;"ATIVO";-1;"ATIVO";1;"ATIVO";1;"Ativo";"0";"Sem acessibilidade";322;322;322;0;1015;"ESCOLA ESTADUAL PROFº. SILVIO ELITO DE LIMA SANTOS";"AV MANOEL SARMENTO, N. 0266"
"05/10/2026";"06:29:34";2026;"04/10/2026";"1º Turno";1;"AP";"06050";"MACAPÁ";14;101;1;"Principal";-1;1147;"EEEF MARIO DAVID ANDREAZZA";1;"Convencional";"RAIMUNDO RAMOS DOS PASSOS 495";"PERPETUO SOCORRO";"68900000";"32125271";",0483913";"-51,0467397";1;"ATIVO";-1;"ATIVO";1;"ATIVO";1;"Ativo";"0";"Sem acessibilidade";395;395;395;0;1147;"EEEF MARIO DAVID ANDREAZZA";"RAIMUNDO RAMOS DOS PASSOS 495"
"05/10/2026";"06:29:34";2026;"04/10/2026";"1º Turno";1;"AP";"06050";"MACAPÁ";10;491;1;"Principal";-1;1414;"ESCOLA MUNICIPAL PROFESSORA VERA LUCIA PINON NERY";1;"Convencional";"AV. CARLOS LINS CORTES, 1405";"INFRAERO II";"68900000";"32511330";",0708299";"-51,0829593";1;"ATIVO";-1;"ATIVO";1;"ATIVO";1;"Ativo";"0";"Sem acessibilidade";169;170;170;0;1414;"ESCOLA MUNICIPAL PROFESSORA VERA LUCIA PINON NERY";"AV. CARLOS LINS CORTES, 1405"
"05/10/2026";"06:29:34";2026;"04/10/2026";"1º Turno";1;"AP";"06092";"OIAPOQUE";4;27;1;"Principal";-1;1015;"ESCOLA DE PRIMEIRO GRAU JOAQUIM CAETANO DA SILVA";1;"Convencional";"AVENIDA JOAQUIM CAETANO DA SILVA";"CENTRO";"00000000";"-1";"3,84761965";"-51,83541966";1;"ATIVO";-1;"ATIVO";1;"ATIVO";1;"Ativo";"0";"Sem acessibilidade";269;269;269;0;1015;"ESCOLA DE PRIMEIRO GRAU JOAQUIM CAETANO DA SILVA";"AVENIDA JOAQUIM CAETANO DA SILVA"
"05/10/2026";"06:29:34";2026;"04/10/2026";"1º Turno";1;"AP";"06050";"MACAPÁ";10;308;1;"Principal";-1;1074;"ESCOLA ESTADUAL PROFESSORA RUTH DE ALMEIDA BEZERRA";1;"Convencional";"RUA ADILSON JOSÉ PINTO PEREIRA 109";"SAO LAZARO";"68908571";"991283485";",0670284";"-51,057224";1;"ATIVO";-1;"ATIVO";1;"ATIVO";1;"Ativo";"0";"Sem acessibilidade";348;347;347;0;1074;"ESCOLA ESTADUAL PROFESSORA RUTH DE ALMEIDA BEZERRA";"RUA ADILSON JOSÉ PINTO PEREIRA 109"
"05/10/2026";"06:29:34";2026;"04/10/2026";"1º Turno";1;"AP";"06050";"MACAPÁ";2;915;1;"Principal";-1;2712;"ESCOLA ESTADUAL DOM ARISTIDES PIRÓVANO";1;"Convencional";"AV HENRIQUE GALUCIO           1840       SANTA RITA";"SANTA RITA";"68900115";"-1";",0319754";"-51,0668908";1;"ATIVO";-1;"ATIVO";1;"ATIVO";1;"Ativo";"1";"Com acessibilidade";338;338;338;0;2712;"ESCOLA ESTADUAL DOM ARISTIDES PIRÓVANO";"AV HENRIQUE GALUCIO           1840       SANTA RITA"
"05/10/2026";"06:29:34";2026;"04/10/2026";"1º Turno";1;"AP";"06130";"LARANJAL DO JARI";7;12;1;"Principal";-1;1163;"ESCOLA MUNICIPAL JOÃO QUEIROGA DE SOUZA";1;"Convencional";"RUA DA USINA, N. 1118";"MALVINAS";"68920000";"36211913";"-,853397";"-52,5389456";1;"ATIVO";-1;"ATIVO";1;"ATIVO";1;"Ativo";"0";"Sem acessibilidade";166;331;331;0;1163;"ESCOLA MUNICIPAL JOÃO QUEIROGA DE SOUZA";"RUA DA USINA, N. 1118"
"05/10/2026";"06:29:34";2026;"04/10/2026";"1º Turno";1;"AP";"06050";"MACAPÁ";2;944;1;"Principal";-1;2747;"ESCOLA ESTADUAL CECILIA PINTO";1;"Convencional";"RUA PROF TOSTES              122         BURITIZAL";"BURITIZAL";"68902210";"+5596992016136";",0143256";"-51,0700748";1;"ATIVO";-1;"ATIVO";1;"ATIVO";1;"Ativo";"1";"Com acessibilidade";292;292;292;0;2747;"ESCOLA ESTADUAL CECILIA PINTO";"RUA PROF TOSTES              122         BURITIZAL"
"05/10/2026";"06:29:34";2026;"04/10/2026";"1º Turno";1;"AP";"06050";"MACAPÁ";2;561;1;"Principal";-1;2119;"ESCOLA MUNICIPAL DE ENSINO FUNDAMENTAL WILSON MALCHER";1;"Convencional";"RUA JOÃO DE CASTRO , S/N";"JARDIM EQUATORIAL";"68900000";"+5596984144863";",0063263";"-51,0687238";1;"ATIVO";-1;"ATIVO";1;"ATIVO";1;"Ativo";"0";"Sem acessibilidade";330;328;328;0;2119;"ESCOLA MUNICIPAL DE ENSINO FUNDAMENTAL WILSON MALCHER";"RUA JOÃO DE CASTRO , S/N"
"05/10/2026";"06:29:34";2026;"04/10/2026";"1º Turno";1;"AP";"06050";"MACAPÁ";2;733;1;"Principal";-1;2216;"ESCOLA MUNICIPAL DE ENSINO FUNDAMENTAL PARAÍSO DAS ACÁCIAS";1;"Convencional";"RUA SANTOS DUMONT - 3800";"MUCA";"68900000";"32131223";",0112199";"-51,0742907";1;"ATIVO";-1;"ATIVO";1;"ATIVO";1;"Ativo";"1";"Com acessibilidade";257;257;257;0;2216;"ESCOLA MUNICIPAL DE ENSINO FUNDAMENTAL PARAÍSO DAS ACÁCIAS";"RUA SANTOS DUMONT - 3800"
"05/10/2026";"06:29:34";2026;"04/10/2026";"1º Turno";1;"AP";"06050";"MACAPÁ";2;493;1;"Principal";-1;1171;"ESCOLA ESTADUAL PROFª SEBASTIANA LENIR DE ALMEIDA";1;"Convencional";"AV DIOGENES SILVA         123        BURITIZAL";"BURITIZAL";"68902891";"+5596991579520";",0258939";"-51,0728225";1;"ATIVO";-1;"ATIVO";1;"ATIVO";1;"Ativo";"0";"Sem acessibilidade";291;289;289;0;1171;"ESCOLA ESTADUAL PROFª SEBASTIANA LENIR DE ALMEIDA";"AV DIOGENES SILVA         123        BURITIZAL"
"05/10/2026";"06:29:34";2026;"04/10/2026";"1º Turno";1;"AP";"06050";"MACAPÁ";10;370;1;"Principal";-1;1694;"ESCOLA MUNICIPAL LÚCIA NEVES DENIUR";1;"Convencional";"ALAMEDA CIRIGUELA, N 1088";"BRASIL NOVO";"68909333";"-1";",0986836";"-51,0849266";1;"ATIVO";-1;"ATIVO";1;"ATIVO";1;"Ativo";"0";"Sem acessibilidade";376;373;373;0;1694;"ESCOLA MUNICIPAL LÚCIA NEVES DENIUR";"ALAMEDA CIRIGUELA, N 1088"
"05/10/2026";"06:29:34";2026;"04/10/2026";"1º Turno";1;"AP";"06050";"MACAPÁ";2;116;1;"Principal";-1;2356;"ESCOLA ESTADUAL GONÇALVES DIAS";1;"Convencional";"RUA SANTOS DUMONT     BURITIZAL      N° 121";"BURITIZAL";"68902880";"+5596991451429";",0203216";"-51,073305";1;"ATIVO";-1;"ATIVO";1;"ATIVO";1;"Ativo";"0";"Sem acessibilidade";310;309;309;0;2356;"ESCOLA ESTADUAL GONÇALVES DIAS";"RUA SANTOS DUMONT     BURITIZAL      N° 121"
"05/10/2026";"06:29:34";2026;"04/10/2026";"1º Turno";1;"AP";"06050";"MACAPÁ";2;826;1;"Principal";-1;2321;"ESCOLA ESTADUAL PROFª NANCI NINA COSTA";1;"Convencional";"AV. INSPETOR AIMORÉ, 1331";"ZERAO";"68900000";"+5596981452190";",0015588";"-51,0873044";1;"ATIVO";-1;"ATIVO";1;"ATIVO";1;"Ativo";"0";"Sem acessibilidade";387;387;387;0;2321;"ESCOLA ESTADUAL PROFª NANCI NINA COSTA";"AV. INSPETOR AIMORÉ, 1331"
"05/10/2026";"06:29:34";2026;"04/10/2026";"1º Turno";1;"AP";"06050";"MACAPÁ";10;127;1;"Principal";-1;1317;"ESCOLA ESTADUAL PROFESSORA ESTHER DA SILVA VIRGOLINO";1;"Convencional";"RUA JOSE AURINO BORGES, 924";"SAO LAZARO";"68909806";"00000";",0989435";"-51,0463416";1;"ATIVO";-1;"ATIVO";1;"ATIVO";1;"Ativo";"0";"Sem acessibilidade";340;339;339;0;1317;"ESCOLA ESTADUAL PROFESSORA ESTHER DA SILVA VIRGOLINO";"RUA JOSE AURINO BORGES, 924"
"05/10/2026";"06:29:34";2026;"04/10/2026";"1º Turno";1;"AP";"06050";"MACAPÁ";2;739;1;"Principal";-1;2356;"ESCOLA ESTADUAL GONÇALVES DIAS";1;"Convencional";"RUA SANTOS DUMONT     BURITIZAL      N° 121";"BURITIZAL";"68902880";"+5596991451429";",0203216";"-51,073305";1;"ATIVO";-1;"ATIVO";1;"ATIVO";1;"Ativo";"0";"Sem acessibilidade";307;305;305;0;2356;"ESCOLA ESTADUAL GONÇALVES DIAS";"RUA SANTOS DUMONT     BURITIZAL      N° 121"
"05/10/2026";"06:29:34";2026;"04/10/2026";"1º Turno";1;"AP";"06050";"MACAPÁ";10;418;1;"Principal";-1;1511;"ESCOLA MUNICIPAL PROFESSORA RAIMUNDA DA SILVA VIRGOLINO";1;"Convencional";"RUA FERNANDO ALVES DE OLIVEIRA, 3091";"NOVO HORIZONTE";"68909806";"991169657";",0989525";"-51,0463256";1;"ATIVO";-1;"ATIVO";1;"ATIVO";1;"Ativo";"1";"Com acessibilidade";335;333;333;0;1511;"ESCOLA MUNICIPAL PROFESSORA RAIMUNDA DA SILVA VIRGOLINO";"RUA FERNANDO ALVES DE OLIVEIRA, 3091"
"05/10/2026";"06:29:34";2026;"04/10/2026";"1º Turno";1;"AP";"06050";"MACAPÁ";14;78;1;"Principal";-1;1716;"ESCOLA ESTADUAL BARÃO DO RIO BRANCO";4;"Temporário";"AV. FAB, 122";"CENTRAL";"68900073";"-1";"-1";"-1";1;"ATIVO";-1;"ATIVO";1;"ATIVO";1;"Ativo";"0";"Sem acessibilidade";347;346;346;0;1120;"EEEF GENERAL AZEVEDO COSTA";"AV. JOSE ANTONIO SIQUEIRA 111"
"05/10/2026";"06:29:34";2026;"04/10/2026";"1º Turno";1;"AP";"06050";"MACAPÁ";10;279;1;"Principal";-1;1597;"ESCOLA ESTADUAL ANTONIO BRAULIO DE SOUZA";1;"Convencional";"BR 156 - KM 30, MEL DA PEDREIRA";"COMUNIDADE DO MEL DA PEDREIRA";"68900000";"+5596991529282";",2807327";"-51,0174786";1;"ATIVO";-1;"ATIVO";1;"ATIVO";1;"Ativo";"1";"Com acessibilidade";144;145;145;0;1597;"ESCOLA ESTADUAL ANTONIO BRAULIO DE SOUZA";"BR 156 - KM 30, MEL DA PEDREIRA"
"05/10/2026";"06:29:34";2026;"04/10/2026";"1º Turno";1;"AP";"06050";"MACAPÁ";2;616;1;"Principal";-1;1791;"ESCOLA ESTADUAL IRINEU DA GAMA PAES";1;"Convencional";"AV RAIMUNDO CAXIAS DE SOUZA                      SN";"CONGOS";"68900000";"+5596981151638";",0090684";"-51,0934478";1;"ATIVO";-1;"ATIVO";1;"ATIVO";1;"Ativo";"0";"Sem acessibilidade";360;361;361;0;1791;"ESCOLA ESTADUAL IRINEU DA GAMA PAES";"AV RAIMUNDO CAXIAS DE SOUZA                      SN"
"05/10/2026";"06:29:34";2026;"04/10/2026";"1º Turno";1;"AP";"06076";"MAZAGÃO";5;116;2;"Agregada";11;1074;"ESCOLA MUNICIPAL VILHENA ALVES";1;"Convencional";"FOZ DO RIO CAMAIPI, 58";"VILA SANTA MARIA DO RIO VILA NOVA";"68940000";"-1";",15383296";"-51,57723833";1;"ATIVO";-1;"ATIVO";1;"ATIVO";1;"Ativo";"0";"Sem acessibilidade";128;0;0;0;1074;"ESCOLA MUNICIPAL VILHENA ALVES";"FOZ DO RIO CAMAIPI, 58"
"05/10/2026";"06:29:34";2026;"04/10/2026";"1º Turno";1;"AP";"06050";"MACAPÁ";10;478;2;"Agregada";477;2038;"ESCOLA MUNICIPAL CAMPINA GRANDE VALMITO MORAES BRAZÃO";1;"Convencional";"ROD MACAPÁ - LARANJAL DO JARI, KM 21";"COMUNIDADE DE CAMPINA GRANDE";"68900000";"+5596984026749";",2262114";"-51,13059";1;"ATIVO";-1;"ATIVO";1;"ATIVO";1;"Ativo";"1";"Com acessibilidade";91;0;0;0;2038;"ESCOLA MUNICIPAL CAMPINA GRANDE VALMITO MORAES BRAZÃO";"ROD MACAPÁ - LARANJAL DO JARI, KM 21"
"05/10/2026";"06:29:34";2026;"04/10/2026";"1º Turno";1;"AP";"06130";"LARANJAL DO JARI";7;52;2;"Agregada";49;1090;"ESCOLA MUNICIPAL RAIMUNDA RODRIGUES CAPIBERIBE";1;"Convencional";"AVENIDA TANCREDO NEVES, N. 901";"AGRESTE";"68920000";"36211667";"-,8405685";"-52,5200531";1;"ATIVO";-1;"ATIVO";1;"ATIVO";1;"Ativo";"0";"Sem acessibilidade";199;0;0;0;1090;"ESCOLA MUNICIPAL RAIMUNDA RODRIGUES CAPIBERIBE";"AVENIDA TANCREDO NEVES, N. 901"
"05/10/2026";"06:29:34";2026;"04/10/2026";"1º Turno";1;"AP";"06114";"FERREIRA GOMES";12;68;1;"Principal";-1;1066;"CRECHE MUNICIPAL SARAH SALOMÃO";4;"Temporário";"AVENIDA MANOEL LINO LEAL, S/N";"MONTANHA";"68915000";"-1";"-1";"-1";1;"ATIVO";-1;"ATIVO";1;"ATIVO";1;"Ativo";"1";"Com acessibilidade";364;362;362;0;1031;"ESCOLA MUNICIPAL JOÃO FREIRE CORDEIRO";"AV. MANOEL LINO LEAL, 925"
"05/10/2026";"06:29:34";2026;"04/10/2026";"1º Turno";1;"AP";"06050";"MACAPÁ";2;818;1;"Principal";-1;2453;"ESCOLA MUNICIPAL DE ENSINO FUNDAMENTAL CAETANO DIAS TOMAZ";1;"Convencional";"RUA DO MATADOURO, 112";"DISTRITO DE FAZENDINHA";"68911012";"+5596999083324";"-,0463079";"-51,1164641";1;"ATIVO";-1;"ATIVO";1;"ATIVO";1;"Ativo";"0";"Sem acessibilidade";245;245;245;0;2135;"ESCOLA ESTADUAL MARIA ANGÉLICA PEREIRA GÓES";"AV. VICENTE BRANDÃO, 489"
"05/10/2026";"06:29:34";2026;"04/10/2026";"1º Turno";1;"AP";"06084";"PEDRA BRANCA DO AMAPARI";11;3;1;"Principal";-1;1015;"ESCOLA ESTADUAL MARIA HELENA CORDEIRO";1;"Convencional";"RUA DA PAZ, 527 - CENTRAL - PEDRA BRANCA DO AMAPARI";"CENTRO";"68945000";"-1";"-1";"-1";1;"ATIVO";-1;"ATIVO";1;"ATIVO";1;"Ativo";"0";"Sem acessibilidade";342;339;339;0;1015;"ESCOLA ESTADUAL MARIA HELENA CORDEIRO";"RUA DA PAZ, 527 - CENTRAL - PEDRA BRANCA DO AMAPARI"
"05/10/2026";"06:29:34";2026;"04/10/2026";"1º Turno";1;"AP";"06041";"ITAUBAL";10;263;1;"Principal";-1;1058;"ESCOLA ESTADUAL ESTEVAM DE CARVALHO COSTA";1;"Convencional";"SANTA MARIA DO CURICACA";"CURICACA";"68900000";"-1";",5789929";"-50,8000436";1;"ATIVO";-1;"ATIVO";1;"ATIVO";1;"Ativo";"0";"Sem acessibilidade";312;311;311;0;1058;"ESCOLA ESTADUAL ESTEVAM DE CARVALHO COSTA";"SANTA MARIA DO CURICACA"
"05/10/2026";"06:29:34";2026;"04/10/2026";"1º Turno";1;"AP";"06092";"OIAPOQUE";4;2;1;"Principal";-1;1015;"ESCOLA DE PRIMEIRO GRAU JOAQUIM CAETANO DA SILVA";1;"Convencional";"AVENIDA JOAQUIM CAETANO DA SILVA";"CENTRO";"00000000";"-1";"3,84761965";"-51,83541966";1;"ATIVO";-1;"ATIVO";1;"ATIVO";1;"Ativo";"0";"Sem acessibilidade";271;271;271;0;1015;"ESCOLA DE PRIMEIRO GRAU JOAQUIM CAETANO DA SILVA";"AVENIDA JOAQUIM CAETANO DA SILVA"
"05/10/2026";"06:29:34";2026;"04/10/2026";"1º Turno";1;"AP";"06050";"MACAPÁ";10;469;1;"Principal";-1;1996;"ESCOLA QUILOMBOLA ESTADUAL ANTÔNIO FIGUEIREDO DA SILVA";1;"Convencional";"BR 156 MACAPA - JARI, KM 21";"Torrão do Matapi";"68900000";"000000";",2324716";"-51,1865224";1;"ATIVO";-1;"ATIVO";1;"ATIVO";1;"Ativo";"0";"Sem acessibilidade";204;204;204;0;1996;"ESCOLA QUILOMBOLA ESTADUAL ANTÔNIO FIGUEIREDO DA SILVA";"BR 156 MACAPA - JARI, KM 21"
"05/10/2026";"06:29:34";2026;"04/10/2026";"1º Turno";1;"AP";"06050";"MACAPÁ";10;365;1;"Principal";-1;1104;"ESCOLA ESTADUAL SAO JOAQUIM DO PACUI";1;"Convencional";"RUA MARCOS BOTAS, 719";"VILA SAO JOAQUIM DO PACUI";"68912500";"999129255";",8075247";"-50,7528024";1;"ATIVO";-1;"ATIVO";1;"ATIVO";1;"Ativo";"1";"Com acessibilidade";312;313;313;0;1104;"ESCOLA ESTADUAL SAO JOAQUIM DO PACUI";"RUA MARCOS BOTAS, 719"
"05/10/2026";"06:29:34";2026;"04/10/2026";"1º Turno";1;"AP";"06050";"MACAPÁ";2;225;1;"Principal";-1;1155;"ESCOLA ESTADUAL PROFº ZOLITO DE JESUS NUNES";1;"Convencional";"RUA LEOPOLDO MACHADO                            160 - BEIROL";"BEIROL";"68902020";"+5596991150828";",0179869";"-51,0631282";1;"ATIVO";-1;"ATIVO";1;"ATIVO";1;"Ativo";"1";"Com acessibilidade";364;362;362;0;1155;"ESCOLA ESTADUAL PROFº ZOLITO DE JESUS NUNES";"RUA LEOPOLDO MACHADO                            160 - BEIROL"
"05/10/2026";"06:29:34";2026;"04/10/2026";"1º Turno";1;"AP";"06050";"MACAPÁ";10;460;1;"Principal";-1;1635;"ESCOLA ESTADUAL NOSSA SENHORA DE NAZARÉ";1;"Convencional";"AV. AMAZONAS, N 432";"AMAZONAS";"68909695";"96981155986";",0904541";"-51,1174797";1;"ATIVO";-1;"ATIVO";1;"ATIVO";1;"Ativo";"0";"Sem acessibilidade";359;361;361;0;1635;"ESCOLA ESTADUAL NOSSA SENHORA DE NAZARÉ";"AV. AMAZONAS, N 432"
"05/10/2026";"06:29:34";2026;"04/10/2026";"1º Turno";1;"AP";"06130";"LARANJAL DO JARI";7;49;1;"Principal";-1;1090;"ESCOLA MUNICIPAL RAIMUNDA RODRIGUES CAPIBERIBE";1;"Convencional";"AVENIDA TANCREDO NEVES, N. 901";"AGRESTE";"68920000";"36211667";"-,8405685";"-52,5200531";1;"ATIVO";-1;"ATIVO";1;"ATIVO";1;"Ativo";"0";"Sem acessibilidade";193;396;392;0;1090;"ESCOLA MUNICIPAL RAIMUNDA RODRIGUES CAPIBERIBE";"AVENIDA TANCREDO NEVES, N. 901"
"05/10/2026";"06:29:34";2026;"04/10/2026";"1º Turno";1;"AP";"06173";"TARTARUGALZINHO";8;15;1;"Principal";-1;1104;"ESC EST DARCY RIBEIRO";1;"Convencional";"COLONIA AGRÍCOLA  DO CEDRO";"CEDRO";"68990000";"-1";"-1";"-1";1;"ATIVO";-1;"ATIVO";1;"ATIVO";1;"Ativo";"0";"Sem acessibilidade";353;352;352;0;1104;"ESC EST DARCY RIBEIRO";"COLONIA AGRÍCOLA  DO CEDRO"
"05/10/2026";"06:29:34";2026;"04/10/2026";"1º Turno";1;"AP";"06157";"SANTANA";6;82;1;"Principal";-1;1015;"E.P.G. ELIZABETH PICANCO ESTEVES";1;"Convencional";"AV. DAS NAÇÕES, 678";"HOSPITALIDADE";"68925000";"3283 2827";"-,0466519";"-51,172363";1;"ATIVO";-1;"ATIVO";1;"ATIVO";1;"Ativo";"0";"Sem acessibilidade";368;365;365;0;1015;"E.P.G. ELIZABETH PICANCO ESTEVES";"AV. DAS NAÇÕES, 678"
"05/10/2026";"06:29:34";2026;"04/10/2026";"1º Turno";1;"AP";"06050";"MACAPÁ";2;94;1;"Principal";-1;1155;"ESCOLA ESTADUAL PROFº ZOLITO DE JESUS NUNES";1;"Convencional";"RUA LEOPOLDO MACHADO                            160 - BEIROL";"BEIROL";"68902020";"+5596991150828";",0179869";"-51,0631282";1;"ATIVO";-1;"ATIVO";1;"ATIVO";1;"Ativo";"1";"Com acessibilidade";359;358;358;0;1155;"ESCOLA ESTADUAL PROFº ZOLITO DE JESUS NUNES";"RUA LEOPOLDO MACHADO                            160 - BEIROL"
"05/10/2026";"06:29:34";2026;"04/10/2026";"1º Turno";1;"AP";"06157";"SANTANA";6;21;1;"Principal";-1;1538;"ANEXO DA PARÓQUIA NOSSA SENHORA DE FÁTIMA";4;"Temporário";"AVENIDA PRINCESA IZABEL";"CENTRO";"68925210";"-1";"-,0421617";"-51,1731822";1;"ATIVO";-1;"ATIVO";1;"ATIVO";1;"Ativo";"0";"Sem acessibilidade";317;317;317;0;1066;"E.P.G. AMAZONAS";"AV. 15 DE NOVEMBRO, 1132"
"05/10/2026";"06:29:34";2026;"04/10/2026";"1º Turno";1;"AP";"06076";"MAZAGÃO";5;122;1;"Principal";-1;1201;"ESCOLA ESTADUAL FAGUNDES VARELA";1;"Convencional";"RUA JOSE DOS REIS BARRETO, 1313 - CENTRO";"DISTRITO DO CARVAO";"68940000";"-1";"-,184611";"-51,3552501";1;"ATIVO";-1;"ATIVO";1;"ATIVO";1;"Ativo";"0";"Sem acessibilidade";212;212;212;0;1201;"ESCOLA ESTADUAL FAGUNDES VARELA";"RUA JOSE DOS REIS BARRETO, 1313 - CENTRO"
"05/10/2026";"06:29:34";2026;"04/10/2026";"1º Turno";1;"AP";"06050";"MACAPÁ";10;156;1;"Principal";-1;1376;"ESCOLA ESTADUAL MARIA NEUZA DO CARMO";1;"Convencional";"RUA MILTON DE SOUZA CORREA , 500";"JARDIM FELICIDADE I";"68909068";"96991634333";",0837865";"-51,0656668";1;"ATIVO";-1;"ATIVO";1;"ATIVO";1;"Ativo";"0";"Sem acessibilidade";385;383;383;0;1376;"ESCOLA ESTADUAL MARIA NEUZA DO CARMO";"RUA MILTON DE SOUZA CORREA , 500"
"05/10/2026";"06:29:34";2026;"04/10/2026";"1º Turno";1;"AP";"06041";"ITAUBAL";10;249;1;"Principal";-1;1023;"ESCOLA ESTADUAL WILSON HILL DE ARAUJO";1;"Convencional";"VILA DO ITAUBAL";"CENTRO";"68900000";"-1";",6019829";"-50,6995791";1;"ATIVO";-1;"ATIVO";1;"ATIVO";1;"Ativo";"0";"Sem acessibilidade";327;325;325;0;1023;"ESCOLA ESTADUAL WILSON HILL DE ARAUJO";"VILA DO ITAUBAL"
"05/10/2026";"06:29:34";2026;"04/10/2026";"1º Turno";1;"AP";"06157";"SANTANA";6;249;1;"Principal";-1;1449;"ESCOLA ESTADUAL CONCEICAO DO MARUANUM I";1;"Convencional";"COMUNIDADE DO CONCEICAO DO MARUANUM I, KM 70";"CONCEIÇÃO DO MARUANUM I";"68925000";"-1";",1902077";"-51,2914499";1;"ATIVO";-1;"ATIVO";1;"ATIVO";1;"Ativo";"0";"Sem acessibilidade";183;184;184;0;1449;"ESCOLA ESTADUAL CONCEICAO DO MARUANUM I";"COMUNIDADE DO CONCEICAO DO MARUANUM I, KM 70"
"05/10/2026";"06:29:34";2026;"04/10/2026";"1º Turno";1;"AP";"06050";"MACAPÁ";2;893;1;"Principal";-1;2690;"ESCOLA MUNICIPAL DE ENSINO FUNDAMENTAL HILDEMAR MAIA";1;"Convencional";"AV CONEGO DOMINGOS MALTEZ                            SN";"TREM";"68900000";"5596981166806";",028695";"-51,0593602";1;"ATIVO";-1;"ATIVO";1;"ATIVO";1;"Ativo";"0";"Sem acessibilidade";214;214;214;0;2690;"ESCOLA MUNICIPAL DE ENSINO FUNDAMENTAL HILDEMAR MAIA";"AV CONEGO DOMINGOS MALTEZ                            SN"
"05/10/2026";"06:29:34";2026;"04/10/2026";"1º Turno";1;"AP";"06050";"MACAPÁ";14;241;1;"Principal";-1;1341;"ESCOLA ESTADUAL MARIA DO SOCORRO ANDRADE SMITH";1;"Convencional";"CONJUNTO CABRALZINHO                  CABRALZINHO        SN";"CABRALZINHO";"68900000";"32611826";",0317255";"-51,1158339";1;"ATIVO";-1;"ATIVO";1;"ATIVO";1;"Ativo";"0";"Sem acessibilidade";351;347;347;0;1341;"ESCOLA ESTADUAL MARIA DO SOCORRO ANDRADE SMITH";"CONJUNTO CABRALZINHO                  CABRALZINHO        SN"
"05/10/2026";"06:29:34";2026;"04/10/2026";"1º Turno";1;"AP";"06050";"MACAPÁ";14;259;1;"Principal";-1;1368;"ESCOLA ESTADUAL PROF. NILTON BALIEIRO MACHADO";1;"Convencional";"DECIMA QUINTA AVENIDA, S/N (ESQUINA COM A QUINTA RUA)";"MARABAIXO III";"68900000";"+5596991539690";",0441313";"-51,127965";1;"ATIVO";-1;"ATIVO";1;"ATIVO";1;"Ativo";"0";"Sem acessibilidade";388;386;386;0;1368;"ESCOLA ESTADUAL PROF. NILTON BALIEIRO MACHADO";"DECIMA QUINTA AVENIDA, S/N (ESQUINA COM A QUINTA RUA)"
"05/10/2026";"06:29:34";2026;"04/10/2026";"1º Turno";1;"AP";"06017";"AMAPÁ";1;83;1;"Principal";-1;1295;"ESCOLA ESTADUAL MARIA DO CÉU GONÇALVES DIAS";1;"Convencional";"AV GUARANY, S/N";"NOVA ESPERANCA";"68950000";"-1";"2,037045";"-50,7925807";1;"ATIVO";-1;"ATIVO";1;"ATIVO";1;"Ativo";"0";"Sem acessibilidade";321;321;321;0;1295;"ESCOLA ESTADUAL MARIA DO CÉU GONÇALVES DIAS";"AV GUARANY, S/N"
"05/10/2026";"06:29:34";2026;"04/10/2026";"1º Turno";1;"AP";"06076";"MAZAGÃO";5;5;1;"Principal";-1;1015;"ESCOLA ESTADUAL DR. MURILO BRAGA";1;"Convencional";"AV PREFEITO OSMUNDO COSTA, 439";"CENTRO";"68940000";"-1";"-,11486296";"-51,28541108";1;"ATIVO";-1;"ATIVO";1;"ATIVO";1;"Ativo";"0";"Sem acessibilidade";224;223;223;0;1015;"ESCOLA ESTADUAL DR. MURILO BRAGA";"AV PREFEITO OSMUNDO COSTA, 439"
"05/10/2026";"06:29:34";2026;"04/10/2026";"1º Turno";1;"AP";"06122";"VITÓRIA DO JARI";7;149;1;"Principal";-1;1058;"ESCOLA MUNICIPAL BENEDITO LIMA PENELVA";1;"Convencional";"RUA PEDRO LADISLAU, S/N";"SANTA CLARA";"68920000";"36221235";"-,9342084";"-52,4328917";1;"ATIVO";-1;"ATIVO";1;"ATIVO";1;"Ativo";"0";"Sem acessibilidade";259;261;260;0;1058;"ESCOLA MUNICIPAL BENEDITO LIMA PENELVA";"RUA PEDRO LADISLAU, S/N"
"05/10/2026";"06:29:34";2026;"04/10/2026";"1º Turno";1;"AP";"06050";"MACAPÁ";2;380;1;"Principal";-1;1961;"ESCOLA MUNICIPAL DE ENSINO INFANTIL ANA LUIZA DE SOUZA MORAES";1;"Convencional";"RUA CLAUDOMIRO DE MORAES, 802";"NOVO BURITIZAL";"68904000";"-1";",0183376";"-51,0795418";1;"ATIVO";-1;"ATIVO";1;"ATIVO";1;"Ativo";"0";"Sem acessibilidade";186;188;188;0;1961;"ESCOLA MUNICIPAL DE ENSINO INFANTIL ANA LUIZA DE SOUZA MORAES";"RUA CLAUDOMIRO DE MORAES, 802"
"05/10/2026";"06:29:34";2026;"04/10/2026";"1º Turno";1;"AP";"06050";"MACAPÁ";2;677;1;"Principal";-1;2267;"ESCOLA ESTADUAL PROFª MARIA DE NAZARÉ PEREIRA VASCONCELOS";1;"Convencional";"RUA VILA DAS OLIVEIRAS - 372";"PEDRINHAS";"68900000";"+5596981440137";",0080908";"-51,0648757";1;"ATIVO";-1;"ATIVO";1;"ATIVO";1;"Ativo";"1";"Com acessibilidade";354;355;355;0;2267;"ESCOLA ESTADUAL PROFª MARIA DE NAZARÉ PEREIRA VASCONCELOS";"RUA VILA DAS OLIVEIRAS - 372"
"05/10/2026";"06:29:34";2026;"04/10/2026";"1º Turno";1;"AP";"06092";"OIAPOQUE";4;71;1;"Principal";-1;1201;"IFAP - INSTITUTO FEDERAL DO AMAPÁ";1;"Convencional";"RUA JOAQUIM CAETANO DA SILVA";"CENTRO";"68980000";"+559635211386";"-1";"-1";1;"ATIVO";-1;"ATIVO";1;"ATIVO";1;"Ativo";"0";"Sem acessibilidade";207;207;207;0;1201;"IFAP - INSTITUTO FEDERAL DO AMAPÁ";"RUA JOAQUIM CAETANO DA SILVA"
"05/10/2026";"06:29:34";2026;"04/10/2026";"1º Turno";1;"AP";"06076";"MAZAGÃO";5;129;2;"Agregada";1;1015;"ESCOLA ESTADUAL DR. MURILO BRAGA";1;"Convencional";"AV PREFEITO OSMUNDO COSTA, 439";"CENTRO";"68940000";"-1";"-,11486296";"-51,28541108";1;"ATIVO";-1;"ATIVO";1;"ATIVO";1;"Ativo";"0";"Sem acessibilidade";120;0;0;0;1015;"ESCOLA ESTADUAL DR. MURILO BRAGA";"AV PREFEITO OSMUNDO COSTA, 439"
"05/10/2026";"06:29:34";2026;"04/10/2026";"1º Turno";1;"AP";"06050";"MACAPÁ";2;850;1;"Principal";-1;2658;"ESCOLA ESTADUAL IRMA SANTINA RIOLI";1;"Convencional";"RUA JOVINO DINOA, 2732";"TREM";"68900160";"-1";",027631";"-51,0607761";1;"ATIVO";-1;"ATIVO";1;"ATIVO";1;"Ativo";"0";"Sem acessibilidade";351;346;346;0;2658;"ESCOLA ESTADUAL IRMA SANTINA RIOLI";"RUA JOVINO DINOA, 2732"
"05/10/2026";"06:29:34";2026;"04/10/2026";"1º Turno";1;"AP";"06050";"MACAPÁ";2;425;1;"Principal";-1;1848;"ESCOLA ESTADUAL PROFº ANTONIO CASTRO MONTEIRO";1;"Convencional";"AV. DOM JOSE MARITANO         700";"ZERAO";"68900000";"+5596984136039";"-,0018708";"-51,097023";1;"ATIVO";-1;"ATIVO";1;"ATIVO";1;"Ativo";"0";"Sem acessibilidade";346;346;346;0;1848;"ESCOLA ESTADUAL PROFº ANTONIO CASTRO MONTEIRO";"AV. DOM JOSE MARITANO         700"
"05/10/2026";"06:29:34";2026;"04/10/2026";"1º Turno";1;"AP";"06157";"SANTANA";6;132;1;"Principal";-1;1287;"E.E. RODOVAL BORGES SILVA";1;"Convencional";"TRAVESSA L-8, 05";"FONTE NOVA";"68925000";"3283 1213";"-,01659399";"-51,17809187";1;"ATIVO";-1;"ATIVO";1;"ATIVO";1;"Ativo";"1";"Com acessibilidade";366;365;365;0;1287;"E.E. RODOVAL BORGES SILVA";"TRAVESSA L-8, 05"
"05/10/2026";"06:29:34";2026;"04/10/2026";"1º Turno";1;"AP";"06050";"MACAPÁ";14;311;1;"Principal";-1;1449;"ESCOLA ESTADUAL TIRADENTES";1;"Convencional";"RUA SANTOS DUMONT         128      SANTA RITA";"SANTA RITA";"68900000";"+5596981117291";",042048";"-51,0727224";1;"ATIVO";-1;"ATIVO";1;"ATIVO";1;"Ativo";"0";"Sem acessibilidade";315;315;315;0;1449;"ESCOLA ESTADUAL TIRADENTES";"RUA SANTOS DUMONT         128      SANTA RITA"
"05/10/2026";"06:29:34";2026;"04/10/2026";"1º Turno";1;"AP";"06050";"MACAPÁ";10;367;1;"Principal";-1;1422;"ESCOLA MUNICIPAL PROFESSOR JOSAFA AIRES DA COSTA";1;"Convencional";"RUA 1 DE JANEIRO, 974";"INFRAERO I";"68908874";"991143307";",0726402";"-51,0633359";1;"ATIVO";-1;"ATIVO";1;"ATIVO";1;"Ativo";"0";"Sem acessibilidade";371;370;370;0;1422;"ESCOLA MUNICIPAL PROFESSOR JOSAFA AIRES DA COSTA";"RUA 1 DE JANEIRO, 974"
"05/10/2026";"06:29:34";2026;"04/10/2026";"1º Turno";1;"AP";"06050";"MACAPÁ";14;125;1;"Principal";-1;1180;"EPG CASTRO ALVES";1;"Convencional";"AV. PEDRO AMERICO, 114";"JESUS DE NAZARE";"68908220";"981011638";",0519541";"-51,0593394";1;"ATIVO";-1;"ATIVO";1;"ATIVO";1;"Ativo";"0";"Sem acessibilidade";352;353;353;0;1180;"EPG CASTRO ALVES";"AV. PEDRO AMERICO, 114"
"05/10/2026";"06:29:34";2026;"04/10/2026";"1º Turno";1;"AP";"06050";"MACAPÁ";2;935;1;"Principal";-1;2739;"ESCOLA ESTADUAL COELHO NETO";1;"Convencional";"AV CLODOVIO COELHO                   124";"BURITIZAL";"68905160";"+5596991197151";",0245373";"-51,0765101";1;"ATIVO";-1;"ATIVO";1;"ATIVO";1;"Ativo";"0";"Sem acessibilidade";227;228;228;0;2739;"ESCOLA ESTADUAL COELHO NETO";"AV CLODOVIO COELHO                   124"
"05/10/2026";"06:29:34";2026;"04/10/2026";"1º Turno";1;"AP";"06084";"PEDRA BRANCA DO AMAPARI";11;1;1;"Principal";-1;1015;"ESCOLA ESTADUAL MARIA HELENA CORDEIRO";1;"Convencional";"RUA DA PAZ, 527 - CENTRAL - PEDRA BRANCA DO AMAPARI";"CENTRO";"68945000";"-1";"-1";"-1";1;"ATIVO";-1;"ATIVO";1;"ATIVO";1;"Ativo";"1";"Com acessibilidade";343;342;342;0;1015;"ESCOLA ESTADUAL MARIA HELENA CORDEIRO";"RUA DA PAZ, 527 - CENTRAL - PEDRA BRANCA DO AMAPARI"
"05/10/2026";"06:29:34";2026;"04/10/2026";"1º Turno";1;"AP";"06041";"ITAUBAL";10;6;1;"Principal";-1;1031;"ESCOLA MUNICIPAL MIGUEL JORGE HAUAT ELIAS";1;"Convencional";"IGARAPE NOVO";"IGARAPÉ NOVO";"68900000";"-1";",4734511";"-50,5571597";1;"ATIVO";-1;"ATIVO";1;"ATIVO";1;"Ativo";"1";"Com acessibilidade";211;212;212;0;1031;"ESCOLA MUNICIPAL MIGUEL JORGE HAUAT ELIAS";"IGARAPE NOVO"
"05/10/2026";"06:29:34";2026;"04/10/2026";"1º Turno";1;"AP";"06050";"MACAPÁ";10;294;1;"Principal";-1;1520;"ESCOLA ESTADUAL PROFESSOR ANTONIO FERREIRA DE LIMA NETO";1;"Convencional";"AV. FRANCISCO FELIPPE DE MIRANDA  NERY - 2336";"LOTEAMENTO BURITIS";"68908805";"+5596991423491";",0713059";"-51,0898494";1;"ATIVO";-1;"ATIVO";1;"ATIVO";1;"Ativo";"0";"Sem acessibilidade";395;395;395;0;1520;"ESCOLA ESTADUAL PROFESSOR ANTONIO FERREIRA DE LIMA NETO";"AV. FRANCISCO FELIPPE DE MIRANDA  NERY - 2336"
"05/10/2026";"06:29:34";2026;"04/10/2026";"1º Turno";1;"AP";"06050";"MACAPÁ";14;329;1;"Principal";-1;1473;"ESCOLA MUNICIPAL DE ENSINO FUNDAMENTAL GOIAS";1;"Convencional";"RUA SAO FRANCISCO DE ASSIS N 62";"VILA DO CORACAO";"68900000";"-1";",0199991";"-51,17262336";1;"ATIVO";-1;"ATIVO";1;"ATIVO";1;"Ativo";"0";"Sem acessibilidade";317;317;317;0;1473;"ESCOLA MUNICIPAL DE ENSINO FUNDAMENTAL GOIAS";"RUA SAO FRANCISCO DE ASSIS N 62"
"05/10/2026";"06:29:34";2026;"04/10/2026";"1º Turno";1;"AP";"06050";"MACAPÁ";14;240;1;"Principal";-1;1341;"ESCOLA ESTADUAL MARIA DO SOCORRO ANDRADE SMITH";1;"Convencional";"CONJUNTO CABRALZINHO                  CABRALZINHO        SN";"CABRALZINHO";"68900000";"32611826";",0317255";"-51,1158339";1;"ATIVO";-1;"ATIVO";1;"ATIVO";1;"Ativo";"0";"Sem acessibilidade";340;337;337;0;1341;"ESCOLA ESTADUAL MARIA DO SOCORRO ANDRADE SMITH";"CONJUNTO CABRALZINHO                  CABRALZINHO        SN"
"05/10/2026";"06:29:34";2026;"04/10/2026";"1º Turno";1;"AP";"06050";"MACAPÁ";2;958;1;"Principal";-1;2747;"ESCOLA ESTADUAL CECILIA PINTO";1;"Convencional";"RUA PROF TOSTES              122         BURITIZAL";"BURITIZAL";"68902210";"+5596992016136";",0143256";"-51,0700748";1;"ATIVO";-1;"ATIVO";1;"ATIVO";1;"Ativo";"0";"Sem acessibilidade";292;290;290;0;2747;"ESCOLA ESTADUAL CECILIA PINTO";"RUA PROF TOSTES              122         BURITIZAL"
"05/10/2026";"06:29:34";2026;"04/10/2026";"1º Turno";1;"AP";"06050";"MACAPÁ";2;912;1;"Principal";-1;2712;"ESCOLA ESTADUAL DOM ARISTIDES PIRÓVANO";1;"Convencional";"AV HENRIQUE GALUCIO           1840       SANTA RITA";"SANTA RITA";"68900115";"-1";",0319754";"-51,0668908";1;"ATIVO";-1;"ATIVO";1;"ATIVO";1;"Ativo";"0";"Sem acessibilidade";343;342;342;0;2712;"ESCOLA ESTADUAL DOM ARISTIDES PIRÓVANO";"AV HENRIQUE GALUCIO           1840       SANTA RITA"
"05/10/2026";"06:29:34";2026;"04/10/2026";"1º Turno";1;"AP";"06050";"MACAPÁ";2;87;1;"Principal";-1;1147;"ESCOLA MUNICIPAL DE ENSINO FUNDAMENTAL AMAPA";1;"Convencional";"RUA JOVINO DINOA, 3188";"TREM";"68900030";"5596984032652";",0247643";"-51,0628301";1;"ATIVO";-1;"ATIVO";1;"ATIVO";1;"Ativo";"1";"Com acessibilidade";283;281;281;0;1147;"ESCOLA MUNICIPAL DE ENSINO FUNDAMENTAL AMAPA";"RUA JOVINO DINOA, 3188"
"05/10/2026";"06:29:34";2026;"04/10/2026";"1º Turno";1;"AP";"06025";"PORTO GRANDE";12;67;1;"Principal";-1;1163;"ESCOLA MUNICIPAL AMÉLIA BITENCOURT BESSA DE OLIVEIRA";1;"Convencional";"AV. SOLDADO VALDINEI DE OLIVEIRA, N 58";"NOVA ESPERANÇA";"68997000";"-1";",69580207";"-51,40205414";1;"ATIVO";-1;"ATIVO";1;"ATIVO";1;"Ativo";"1";"Com acessibilidade";387;389;389;0;1163;"ESCOLA MUNICIPAL AMÉLIA BITENCOURT BESSA DE OLIVEIRA";"AV. SOLDADO VALDINEI DE OLIVEIRA, N 58"
"05/10/2026";"06:29:34";2026;"04/10/2026";"1º Turno";1;"AP";"06050";"MACAPÁ";2;513;1;"Principal";-1;1139;"ESCOLA ESTADUAL PROFº JOSÉ FIRMO DO NASCIMENTO";1;"Convencional";"AV CLODOVIO COELHO  - 145  - TREM";"BEIROL";"68900000";"+5596981010886";",0232182";"-51,0625066";1;"ATIVO";-1;"ATIVO";1;"ATIVO";1;"Ativo";"0";"Sem acessibilidade";229;229;229;0;1139;"ESCOLA ESTADUAL PROFº JOSÉ FIRMO DO NASCIMENTO";"AV CLODOVIO COELHO  - 145  - TREM"
"05/10/2026";"06:29:34";2026;"04/10/2026";"1º Turno";1;"AP";"06157";"SANTANA";6;277;1;"Principal";-1;1287;"E.E. RODOVAL BORGES SILVA";1;"Convencional";"TRAVESSA L-8, 05";"FONTE NOVA";"68925000";"3283 1213";"-,01659399";"-51,17809187";1;"ATIVO";-1;"ATIVO";1;"ATIVO";1;"Ativo";"0";"Sem acessibilidade";370;373;373;0;1287;"E.E. RODOVAL BORGES SILVA";"TRAVESSA L-8, 05"
"05/10/2026";"06:29:34";2026;"04/10/2026";"1º Turno";1;"AP";"06157";"SANTANA";6;66;1;"Principal";-1;1457;"IFAP INSTITUTO FEDERAL DO AMAPA";1;"Convencional";"RODOVIA DUCA SERRA 1133";"FONTE NOVA";"68928084";"-1";"-,02058645";"-51,18061816";1;"ATIVO";-1;"ATIVO";1;"ATIVO";1;"Ativo";"0";"Sem acessibilidade";304;304;304;0;1457;"IFAP INSTITUTO FEDERAL DO AMAPA";"RODOVIA DUCA SERRA 1133"
"05/10/2026";"06:29:34";2026;"04/10/2026";"1º Turno";1;"AP";"06017";"AMAPÁ";1;17;1;"Principal";-1;1104;"ESCOLA ESTADUAL VIDAL DE NEGREIROS";1;"Convencional";"AV. DESIDERIO ANTONIO COELHO, 470, CENTRO";"SETE MANGUEIRAS";"68950000";"-1";"2,0471077";"-50,7919131";1;"ATIVO";-1;"ATIVO";1;"ATIVO";1;"Ativo";"0";"Sem acessibilidade";275;275;275;0;1104;"ESCOLA ESTADUAL VIDAL DE NEGREIROS";"AV. DESIDERIO ANTONIO COELHO, 470, CENTRO"
"05/10/2026";"06:29:34";2026;"04/10/2026";"1º Turno";1;"AP";"06050";"MACAPÁ";14;279;1;"Principal";-1;1384;"ESCOLA ESTADUAL PROF.GABRIEL ALMEIDA CAFÉ";1;"Convencional";"AV FAB, 091";"CENTRO";"68900000";"+5596991622848";",040525";"-51,0610346";1;"ATIVO";-1;"ATIVO";1;"ATIVO";1;"Ativo";"0";"Sem acessibilidade";239;236;236;0;1384;"ESCOLA ESTADUAL PROF.GABRIEL ALMEIDA CAFÉ";"AV FAB, 091"
"05/10/2026";"06:29:34";2026;"04/10/2026";"1º Turno";1;"AP";"06130";"LARANJAL DO JARI";7;73;2;"Agregada";66;1090;"ESCOLA MUNICIPAL RAIMUNDA RODRIGUES CAPIBERIBE";1;"Convencional";"AVENIDA TANCREDO NEVES, N. 901";"AGRESTE";"68920000";"36211667";"-,8405685";"-52,5200531";1;"ATIVO";-1;"ATIVO";1;"ATIVO";1;"Ativo";"0";"Sem acessibilidade";196;0;0;0;1090;"ESCOLA MUNICIPAL RAIMUNDA RODRIGUES CAPIBERIBE";"AVENIDA TANCREDO NEVES, N. 901"
"05/10/2026";"06:29:34";2026;"04/10/2026";"1º Turno";1;"AP";"06050";"MACAPÁ";10;234;1;"Principal";-1;1511;"ESCOLA MUNICIPAL PROFESSORA RAIMUNDA DA SILVA VIRGOLINO";1;"Convencional";"RUA FERNANDO ALVES DE OLIVEIRA, 3091";"NOVO HORIZONTE";"68909806";"991169657";",0989525";"-51,0463256";1;"ATIVO";-1;"ATIVO";1;"ATIVO";1;"Ativo";"0";"Sem acessibilidade";329;329;329;0;1511;"ESCOLA MUNICIPAL PROFESSORA RAIMUNDA DA SILVA VIRGOLINO";"RUA FERNANDO ALVES DE OLIVEIRA, 3091"
"05/10/2026";"06:29:34";2026;"04/10/2026";"1º Turno";1;"AP";"06076";"MAZAGÃO";5;93;1;"Principal";-1;1244;"ESCOLA ESTADUAL MANOEL QUEIROZ BENJAMIM";1;"Convencional";"RUA PRESIDENTE VARGAS, SN";"OLARIA";"68940000";"-1";"-,12342933";"-51,28345931";1;"ATIVO";-1;"ATIVO";1;"ATIVO";1;"Ativo";"0";"Sem acessibilidade";237;236;236;0;1244;"ESCOLA ESTADUAL MANOEL QUEIROZ BENJAMIM";"RUA PRESIDENTE VARGAS, SN"
"05/10/2026";"06:29:34";2026;"04/10/2026";"1º Turno";1;"AP";"06050";"MACAPÁ";14;150;1;"Principal";-1;1210;"EPG PROF DEUSOLINA SALES FARIAS";1;"Convencional";"RUA GOIAS, 107";"PACOVAL";"68908340";"981331502";",0554256";"-51,0582209";1;"ATIVO";-1;"ATIVO";1;"ATIVO";1;"Ativo";"1";"Com acessibilidade";337;335;335;0;1210;"EPG PROF DEUSOLINA SALES FARIAS";"RUA GOIAS, 107"
"05/10/2026";"06:29:34";2026;"04/10/2026";"1º Turno";1;"AP";"06050";"MACAPÁ";14;48;1;"Principal";-1;1694;"ESCOLA APAE";4;"Temporário";"AV. PARAÍBA, 168";"PACOVAL";"68908280";"96991999118";"-1";"-1";1;"ATIVO";-1;"ATIVO";1;"ATIVO";1;"Ativo";"0";"Sem acessibilidade";350;349;349;0;1082;"E.M.E.F. JOSE DUARTE DE AZEVEDO";"RUA SAO PAULO, 670"
"05/10/2026";"06:29:34";2026;"04/10/2026";"1º Turno";1;"AP";"06122";"VITÓRIA DO JARI";7;172;1;"Principal";-1;1104;"ESCOLA ESTADUAL TEOTÔNIO BRANDÃO VILELA";1;"Convencional";"PASSARELA JOSÉ SIMEÃO DE SOUZA";"MINA";"68924000";"-1";"-,923642";"-52,4208478";1;"ATIVO";-1;"ATIVO";1;"ATIVO";1;"Ativo";"0";"Sem acessibilidade";319;316;316;0;1104;"ESCOLA ESTADUAL TEOTÔNIO BRANDÃO VILELA";"PASSARELA JOSÉ SIMEÃO DE SOUZA"
"05/10/2026";"06:29:34";2026;"04/10/2026";"1º Turno";1;"AP";"06050";"MACAPÁ";2;748;1;"Principal";-1;2119;"ESCOLA MUNICIPAL DE ENSINO FUNDAMENTAL WILSON MALCHER";1;"Convencional";"RUA JOÃO DE CASTRO , S/N";"JARDIM EQUATORIAL";"68900000";"+5596984144863";",0063263";"-51,0687238";1;"ATIVO";-1;"ATIVO";1;"ATIVO";1;"Ativo";"0";"Sem acessibilidade";340;339;339;0;2119;"ESCOLA MUNICIPAL DE ENSINO FUNDAMENTAL WILSON MALCHER";"RUA JOÃO DE CASTRO , S/N"
"05/10/2026";"06:29:34";2026;"04/10/2026";"1º Turno";1;"AP";"06050";"MACAPÁ";2;604;1;"Principal";-1;2453;"ESCOLA MUNICIPAL DE ENSINO FUNDAMENTAL CAETANO DIAS TOMAZ";1;"Convencional";"RUA DO MATADOURO, 112";"DISTRITO DE FAZENDINHA";"68911012";"+5596999083324";"-,0463079";"-51,1164641";1;"ATIVO";-1;"ATIVO";1;"ATIVO";1;"Ativo";"0";"Sem acessibilidade";248;248;248;0;2453;"ESCOLA MUNICIPAL DE ENSINO FUNDAMENTAL CAETANO DIAS TOMAZ";"RUA DO MATADOURO, 112"
"05/10/2026";"06:29:34";2026;"04/10/2026";"1º Turno";1;"AP";"06157";"SANTANA";6;207;1;"Principal";-1;1201;"E.E. PROF. IZANETE VICTOR DOS SANTOS";1;"Convencional";"AV. COELHO NETO, 828";"PARAÍSO";"68925000";"3283 2783";"-,0294157";"-51,1673923";1;"ATIVO";-1;"ATIVO";1;"ATIVO";1;"Ativo";"0";"Sem acessibilidade";362;362;362;0;1201;"E.E. PROF. IZANETE VICTOR DOS SANTOS";"AV. COELHO NETO, 828"
"05/10/2026";"06:29:34";2026;"04/10/2026";"1º Turno";1;"AP";"06050";"MACAPÁ";2;679;1;"Principal";-1;1163;"ESCOLA MUNICIPAL DE ENSINO FUNDAMENTAL RORAIMA";1;"Convencional";"RUA HILDEMAR MAIA ,   2549";"BURITIZAL";"68902870";"000000000";",0239286";"-51,0709472";1;"ATIVO";-1;"ATIVO";1;"ATIVO";1;"Ativo";"0";"Sem acessibilidade";213;212;212;0;2224;"ESCOLA MUNICIPAL DE ENSINO FUNDAMENTAL EUNICE PICANÇO";"RUA CLAUDOMIRO DE MORAES - 3015"
"05/10/2026";"06:29:34";2026;"04/10/2026";"1º Turno";1;"AP";"06050";"MACAPÁ";10;295;1;"Principal";-1;1368;"ESCOLA ESTADUAL SERAFINI COSTAPERARIA";1;"Convencional";"RUA JOSEFA PELAES DE SILVA, 2694";"JARDIM FELICIDADE II";"68909008";"999032287";",0933949";"-51,0591372";1;"ATIVO";-1;"ATIVO";1;"ATIVO";1;"Ativo";"0";"Sem acessibilidade";394;394;394;0;1368;"ESCOLA ESTADUAL SERAFINI COSTAPERARIA";"RUA JOSEFA PELAES DE SILVA, 2694"
"05/10/2026";"06:29:34";2026;"04/10/2026";"1º Turno";1;"AP";"06122";"VITÓRIA DO JARI";7;143;1;"Principal";-1;1015;"ESCOLA ESTADUAL MUNGUBA DO JARI";1;"Convencional";"PASSARELA PRINCIPAL JOSÉ SEMEÃO DE SOUZA, N. 473";"PRAINHA";"68920000";"36221244";"-,9292493";"-52,4277488";5;"BLOQUEADO";-1;"ATIVO";1;"ATIVO";1;"Ativo";"0";"Sem acessibilidade";186;184;184;0;1015;"ESCOLA ESTADUAL MUNGUBA DO JARI";"PASSARELA PRINCIPAL JOSÉ SEMEÃO DE SOUZA, N. 473"
"05/10/2026";"06:29:34";2026;"04/10/2026";"1º Turno";1;"AP";"06130";"LARANJAL DO JARI";7;47;2;"Agregada";44;1090;"ESCOLA MUNICIPAL RAIMUNDA RODRIGUES CAPIBERIBE";1;"Convencional";"AVENIDA TANCREDO NEVES, N. 901";"AGRESTE";"68920000";"36211667";"-,8405685";"-52,5200531";1;"ATIVO";-1;"ATIVO";1;"ATIVO";1;"Ativo";"0";"Sem acessibilidade";196;0;0;0;1090;"ESCOLA MUNICIPAL RAIMUNDA RODRIGUES CAPIBERIBE";"AVENIDA TANCREDO NEVES, N. 901"
"05/10/2026";"06:29:34";2026;"04/10/2026";"1º Turno";1;"AP";"06092";"OIAPOQUE";4;80;1;"Principal";-1;1228;"ESCOLA MUNICIPAL DE EDUCAÇÃO INFANTIL DO ABC";1;"Convencional";"R. HONÓRIO CAETANO DA SILVA, 315 - CENTRO, OIAPOQUE - AP";"CENTRO";"68980000";"-1";"-1";"-1";1;"ATIVO";-1;"ATIVO";1;"ATIVO";1;"Ativo";"0";"Sem acessibilidade";280;279;279;0;1228;"ESCOLA MUNICIPAL DE EDUCAÇÃO INFANTIL DO ABC";"R. HONÓRIO CAETANO DA SILVA, 315 - CENTRO, OIAPOQUE - AP"
"05/10/2026";"06:29:34";2026;"04/10/2026";"1º Turno";1;"AP";"06050";"MACAPÁ";14;352;1;"Principal";-1;1503;"ESCOLA MUNICIPAL DE ENSINO INFANTIL MEU PE DE LARANJA LIMA";1;"Convencional";"AV. MENDONÇA JUNIOR, 2838";"SANTA RITA";"68901282";"96981065958";",036583";"-51,0690465";1;"ATIVO";-1;"ATIVO";1;"ATIVO";1;"Ativo";"0";"Sem acessibilidade";251;247;247;0;1503;"ESCOLA MUNICIPAL DE ENSINO INFANTIL MEU PE DE LARANJA LIMA";"AV. MENDONÇA JUNIOR, 2838"
"05/10/2026";"06:29:34";2026;"04/10/2026";"1º Turno";1;"AP";"06068";"CUTIAS";10;111;1;"Principal";-1;1015;"ESCOLA ESTADUAL LOURIMAR SIMÕES PAES";1;"Convencional";"RUA LÉO VIRGÍLIO TOLOSA, 624";"CENTRO";"68973000";"-1";",9696012";"-50,7978857";1;"ATIVO";-1;"ATIVO";1;"ATIVO";1;"Ativo";"0";"Sem acessibilidade";303;301;301;0;1015;"ESCOLA ESTADUAL LOURIMAR SIMÕES PAES";"RUA LÉO VIRGÍLIO TOLOSA, 624"
"05/10/2026";"06:29:34";2026;"04/10/2026";"1º Turno";1;"AP";"06050";"MACAPÁ";10;205;1;"Principal";-1;1376;"ESCOLA ESTADUAL MARIA NEUZA DO CARMO";1;"Convencional";"RUA MILTON DE SOUZA CORREA , 500";"JARDIM FELICIDADE I";"68909068";"96991634333";",0837865";"-51,0656668";1;"ATIVO";-1;"ATIVO";1;"ATIVO";1;"Ativo";"1";"Com acessibilidade";386;387;387;0;1376;"ESCOLA ESTADUAL MARIA NEUZA DO CARMO";"RUA MILTON DE SOUZA CORREA , 500"
"05/10/2026";"06:29:34";2026;"04/10/2026";"1º Turno";1;"AP";"06050";"MACAPÁ";10;223;1;"Principal";-1;1546;"ESCOLA ESTADUAL PROFESSORA MARIA CAVALCANTE DE AZEVEDO PICANÇO";1;"Convencional";"RUA CAJUEIRO, 543, BRASIL NOVO";"BRASIL NOVO";"68909312";"991495422";",0920931";"-51,0860936";1;"ATIVO";-1;"ATIVO";1;"ATIVO";1;"Ativo";"0";"Sem acessibilidade";385;385;385;0;1546;"ESCOLA ESTADUAL PROFESSORA MARIA CAVALCANTE DE AZEVEDO PICANÇO";"RUA CAJUEIRO, 543, BRASIL NOVO"
"05/10/2026";"06:29:34";2026;"04/10/2026";"1º Turno";1;"AP";"06050";"MACAPÁ";10;139;1;"Principal";-1;2070;"ESCOLA ESTADUAL MARIA MERIAN DOS SANTOS CORDEIRO FERNANDES";4;"Temporário";"AV. GLICÉRIO SOUZA FIGUEIREDO, 66";"NOVO HORIZONTE";"68909821";"96 984073412";"-1";"-1";1;"ATIVO";-1;"ATIVO";1;"ATIVO";1;"Ativo";"0";"Sem acessibilidade";385;385;385;0;1325;"ESCOLA ESTADUAL RIVANDA NAZARE DA SILVA GUIMARAES";"RUA CÍCERO MARQUES DE SOUZA, 2874, NOVO HORIZONTE"
"05/10/2026";"06:29:34";2026;"04/10/2026";"1º Turno";1;"AP";"06050";"MACAPÁ";10;210;1;"Principal";-1;1520;"ESCOLA ESTADUAL PROFESSOR ANTONIO FERREIRA DE LIMA NETO";1;"Convencional";"AV. FRANCISCO FELIPPE DE MIRANDA  NERY - 2336";"LOTEAMENTO BURITIS";"68908805";"+5596991423491";",0713059";"-51,0898494";1;"ATIVO";-1;"ATIVO";1;"ATIVO";1;"Ativo";"0";"Sem acessibilidade";395;395;395;0;1520;"ESCOLA ESTADUAL PROFESSOR ANTONIO FERREIRA DE LIMA NETO";"AV. FRANCISCO FELIPPE DE MIRANDA  NERY - 2336"
"05/10/2026";"06:29:34";2026;"04/10/2026";"1º Turno";1;"AP";"06050";"MACAPÁ";14;333;1;"Principal";-1;1473;"ESCOLA MUNICIPAL DE ENSINO FUNDAMENTAL GOIAS";1;"Convencional";"RUA SAO FRANCISCO DE ASSIS N 62";"VILA DO CORACAO";"68900000";"-1";",0199991";"-51,17262336";1;"ATIVO";-1;"ATIVO";1;"ATIVO";1;"Ativo";"0";"Sem acessibilidade";321;320;320;0;1473;"ESCOLA MUNICIPAL DE ENSINO FUNDAMENTAL GOIAS";"RUA SAO FRANCISCO DE ASSIS N 62"
"05/10/2026";"06:29:34";2026;"04/10/2026";"1º Turno";1;"AP";"06050";"MACAPÁ";2;906;1;"Principal";-1;1090;"ESCOLA ESTADUAL DR.COARACY NUNES";1;"Convencional";"AV MENDONCA JUNIOR          1651         CENTRO";"CENTRO";"68900000";"+5596981025968";",0338216";"-51,0647025";1;"ATIVO";-1;"ATIVO";1;"ATIVO";1;"Ativo";"0";"Sem acessibilidade";276;273;273;0;1090;"ESCOLA ESTADUAL DR.COARACY NUNES";"AV MENDONCA JUNIOR          1651         CENTRO"
"05/10/2026";"06:29:34";2026;"04/10/2026";"1º Turno";1;"AP";"06050";"MACAPÁ";14;164;1;"Principal";-1;1252;"ESCOLA ESTADUAL ANTONIO CORDEIRO PONTES";1;"Convencional";"AV FAB  , 264";"CENTRO";"68900000";"32231039";",04041684";"-51,05211013";1;"ATIVO";-1;"ATIVO";1;"ATIVO";1;"Ativo";"0";"Sem acessibilidade";241;239;239;0;1252;"ESCOLA ESTADUAL ANTONIO CORDEIRO PONTES";"AV FAB  , 264"
"05/10/2026";"06:29:34";2026;"04/10/2026";"1º Turno";1;"AP";"06050";"MACAPÁ";10;94;1;"Principal";-1;2062;"ESCOLA MARIA LOPES DA CONCEIÇÃO";4;"Temporário";"RUA TRACAJATUBA, S/N - CENTRO";"TRACAJATUBA I";"68912500";"96 984003247";"-1";"-1";1;"ATIVO";-1;"ATIVO";1;"ATIVO";1;"Ativo";"0";"Sem acessibilidade";337;338;338;0;1252;"ESCOLA MUNICIPAL ERIDIO ROCHA DA CONCEIÇÃO";"RUA ERÍDIO ROCHA, S/N"
"05/10/2026";"06:29:34";2026;"04/10/2026";"1º Turno";1;"AP";"06050";"MACAPÁ";10;140;1;"Principal";-1;1317;"ESCOLA ESTADUAL PROFESSORA ESTHER DA SILVA VIRGOLINO";1;"Convencional";"RUA JOSE AURINO BORGES, 924";"SAO LAZARO";"68909806";"00000";",0989435";"-51,0463416";1;"ATIVO";-1;"ATIVO";1;"ATIVO";1;"Ativo";"0";"Sem acessibilidade";335;335;335;0;1317;"ESCOLA ESTADUAL PROFESSORA ESTHER DA SILVA VIRGOLINO";"RUA JOSE AURINO BORGES, 924"
"05/10/2026";"06:29:34";2026;"04/10/2026";"1º Turno";1;"AP";"06050";"MACAPÁ";2;472;1;"Principal";-1;1970;"ESCOLA ESTADUAL PROFª ARACY MIRANDA DE MONT ALVERNE";1;"Convencional";"AV. CARAMURU, 351";"BURITIZAL";"68900000";"+5596991390611";",0206229";"-51,0752537";1;"ATIVO";-1;"ATIVO";1;"ATIVO";1;"Ativo";"0";"Sem acessibilidade";315;316;316;0;1970;"ESCOLA ESTADUAL PROFª ARACY MIRANDA DE MONT ALVERNE";"AV. CARAMURU, 351"
"05/10/2026";"06:29:34";2026;"04/10/2026";"1º Turno";1;"AP";"06050";"MACAPÁ";2;650;1;"Principal";-1;2267;"ESCOLA ESTADUAL PROFª MARIA DE NAZARÉ PEREIRA VASCONCELOS";1;"Convencional";"RUA VILA DAS OLIVEIRAS - 372";"PEDRINHAS";"68900000";"+5596981440137";",0080908";"-51,0648757";1;"ATIVO";-1;"ATIVO";1;"ATIVO";1;"Ativo";"0";"Sem acessibilidade";349;349;349;0;2267;"ESCOLA ESTADUAL PROFª MARIA DE NAZARÉ PEREIRA VASCONCELOS";"RUA VILA DAS OLIVEIRAS - 372"
"05/10/2026";"06:29:34";2026;"04/10/2026";"1º Turno";1;"AP";"06050";"MACAPÁ";2;414;1;"Principal";-1;1791;"ESCOLA ESTADUAL IRINEU DA GAMA PAES";1;"Convencional";"AV RAIMUNDO CAXIAS DE SOUZA                      SN";"CONGOS";"68900000";"+5596981151638";",0090684";"-51,0934478";1;"ATIVO";-1;"ATIVO";1;"ATIVO";1;"Ativo";"0";"Sem acessibilidade";363;359;359;0;1791;"ESCOLA ESTADUAL IRINEU DA GAMA PAES";"AV RAIMUNDO CAXIAS DE SOUZA                      SN"
"05/10/2026";"06:29:34";2026;"04/10/2026";"1º Turno";1;"AP";"06050";"MACAPÁ";2;695;1;"Principal";-1;1899;"UNIVERSIDADE FEDERAL DO AMAPA - UNIFAP";1;"Convencional";"ROD. JOSMAR CHAVES PINTO, KM 02   JARDIM MARCO ZERO";"UNIVERSIDADE";"68903419";"+5596981159919";"-,0065359";"-51,0845096";1;"ATIVO";-1;"ATIVO";1;"ATIVO";1;"Ativo";"0";"Sem acessibilidade";383;378;378;0;1899;"UNIVERSIDADE FEDERAL DO AMAPA - UNIFAP";"ROD. JOSMAR CHAVES PINTO, KM 02   JARDIM MARCO ZERO"
"05/10/2026";"06:29:34";2026;"04/10/2026";"1º Turno";1;"AP";"06050";"MACAPÁ";10;487;1;"Principal";-1;1422;"ESCOLA MUNICIPAL PROFESSOR JOSAFA AIRES DA COSTA";1;"Convencional";"RUA 1 DE JANEIRO, 974";"INFRAERO I";"68908874";"991143307";",0726402";"-51,0633359";1;"ATIVO";-1;"ATIVO";1;"ATIVO";1;"Ativo";"0";"Sem acessibilidade";268;267;267;0;1422;"ESCOLA MUNICIPAL PROFESSOR JOSAFA AIRES DA COSTA";"RUA 1 DE JANEIRO, 974"
"05/10/2026";"06:29:34";2026;"04/10/2026";"1º Turno";1;"AP";"06033";"CALÇOENE";1;56;1;"Principal";-1;1023;"ESCOLA ESTADUAL LOBO D ALMADA";1;"Convencional";"AV PADRE MARCOS, N. 727";"CENTRO";"68960000";"-1";"2,4928043";"-50,9508726";1;"ATIVO";-1;"ATIVO";1;"ATIVO";1;"Ativo";"0";"Sem acessibilidade";276;274;274;0;1023;"ESCOLA ESTADUAL LOBO D ALMADA";"AV PADRE MARCOS, N. 727"
"05/10/2026";"06:29:34";2026;"04/10/2026";"1º Turno";1;"AP";"06050";"MACAPÁ";2;858;1;"Principal";-1;2666;"ESCOLA ESTADUAL JOSEFA JUCILEIDE AMORAS COLARES";1;"Convencional";"AV.RAIMUNDO TEQUILO GOES DE ALMEIDA    000147";"NOVA ESPERANCA";"68901610";"+5596991990317";",0317616";"-51,0825624";1;"ATIVO";-1;"ATIVO";1;"ATIVO";1;"Ativo";"0";"Sem acessibilidade";368;368;368;0;2666;"ESCOLA ESTADUAL JOSEFA JUCILEIDE AMORAS COLARES";"AV.RAIMUNDO TEQUILO GOES DE ALMEIDA    000147"
"05/10/2026";"06:29:34";2026;"04/10/2026";"1º Turno";1;"AP";"06122";"VITÓRIA DO JARI";7;154;1;"Principal";-1;1066;"ESCOLA MUNICIPAL FRANCISCA DE FREITAS ARAUJO";1;"Convencional";"RUA PEDRO LADISLAU, S/N";"CIDADE LIVRE";"68920000";"36221448";"-,9205129";"-52,4051767";1;"ATIVO";-1;"ATIVO";1;"ATIVO";1;"Ativo";"0";"Sem acessibilidade";219;221;221;0;1066;"ESCOLA MUNICIPAL FRANCISCA DE FREITAS ARAUJO";"RUA PEDRO LADISLAU, S/N"
"05/10/2026";"06:29:34";2026;"04/10/2026";"1º Turno";1;"AP";"06050";"MACAPÁ";14;331;1;"Principal";-1;1473;"ESCOLA MUNICIPAL DE ENSINO FUNDAMENTAL GOIAS";1;"Convencional";"RUA SAO FRANCISCO DE ASSIS N 62";"VILA DO CORACAO";"68900000";"-1";",0199991";"-51,17262336";1;"ATIVO";-1;"ATIVO";1;"ATIVO";1;"Ativo";"0";"Sem acessibilidade";319;319;319;0;1473;"ESCOLA MUNICIPAL DE ENSINO FUNDAMENTAL GOIAS";"RUA SAO FRANCISCO DE ASSIS N 62"
"05/10/2026";"06:29:34";2026;"04/10/2026";"1º Turno";1;"AP";"06050";"MACAPÁ";14;313;1;"Principal";-1;1449;"ESCOLA ESTADUAL TIRADENTES";1;"Convencional";"RUA SANTOS DUMONT         128      SANTA RITA";"SANTA RITA";"68900000";"+5596981117291";",042048";"-51,0727224";1;"ATIVO";-1;"ATIVO";1;"ATIVO";1;"Ativo";"0";"Sem acessibilidade";311;309;309;0;1449;"ESCOLA ESTADUAL TIRADENTES";"RUA SANTOS DUMONT         128      SANTA RITA"
"05/10/2026";"06:29:34";2026;"04/10/2026";"1º Turno";1;"AP";"06084";"PEDRA BRANCA DO AMAPARI";11;25;1;"Principal";-1;1074;"ESCOLA MUNICIPAL ERIKA DANIELLA DE CASTRO SILVA";1;"Convencional";"RUA SAO FRANCISCO, 2033 - REVIVER";"REVIVER";"68945000";"-1";"-1";"-1";1;"ATIVO";-1;"ATIVO";1;"ATIVO";1;"Ativo";"0";"Sem acessibilidade";265;264;264;0;1074;"ESCOLA MUNICIPAL ERIKA DANIELLA DE CASTRO SILVA";"RUA SAO FRANCISCO, 2033 - REVIVER"
"05/10/2026";"06:29:34";2026;"04/10/2026";"1º Turno";1;"AP";"06050";"MACAPÁ";14;154;1;"Principal";-1;1210;"EPG PROF DEUSOLINA SALES FARIAS";1;"Convencional";"RUA GOIAS, 107";"PACOVAL";"68908340";"981331502";",0554256";"-51,0582209";1;"ATIVO";-1;"ATIVO";1;"ATIVO";1;"Ativo";"0";"Sem acessibilidade";336;336;336;0;1210;"EPG PROF DEUSOLINA SALES FARIAS";"RUA GOIAS, 107"
"05/10/2026";"06:29:34";2026;"04/10/2026";"1º Turno";1;"AP";"06050";"MACAPÁ";14;357;1;"Principal";-1;1511;"ESCOLA QUILOMBOLA ESTADUAL DAVID MIRANDA DOS SANTOS";1;"Convencional";"COMUNIDADE QUILOMBOLA SÃO JOSÉ DO MATAPI";"VILA DO CORACAO";"68900000";"-1";",0127949";"-51,2102001";1;"ATIVO";-1;"ATIVO";1;"ATIVO";1;"Ativo";"0";"Sem acessibilidade";191;191;191;0;1511;"ESCOLA QUILOMBOLA ESTADUAL DAVID MIRANDA DOS SANTOS";"COMUNIDADE QUILOMBOLA SÃO JOSÉ DO MATAPI"
"05/10/2026";"06:29:34";2026;"04/10/2026";"1º Turno";1;"AP";"06076";"MAZAGÃO";5;88;1;"Principal";-1;1244;"ESCOLA ESTADUAL MANOEL QUEIROZ BENJAMIM";1;"Convencional";"RUA PRESIDENTE VARGAS, SN";"OLARIA";"68940000";"-1";"-,12342933";"-51,28345931";1;"ATIVO";-1;"ATIVO";1;"ATIVO";1;"Ativo";"0";"Sem acessibilidade";241;241;241;0;1244;"ESCOLA ESTADUAL MANOEL QUEIROZ BENJAMIM";"RUA PRESIDENTE VARGAS, SN"
"05/10/2026";"06:29:34";2026;"04/10/2026";"1º Turno";1;"AP";"06092";"OIAPOQUE";4;52;1;"Principal";-1;1171;"ESCOLA ESTADUAL MÁRCIA DO SOCORRO LIMA DE FRANÇA";1;"Convencional";"RUA NORBERTO PENNAFORT, N 713, CENTRO";"CENTRO";"68980000";"-1";"3,84417641";"-51,83236672";1;"ATIVO";-1;"ATIVO";1;"ATIVO";1;"Ativo";"0";"Sem acessibilidade";266;265;265;0;1171;"ESCOLA ESTADUAL MÁRCIA DO SOCORRO LIMA DE FRANÇA";"RUA NORBERTO PENNAFORT, N 713, CENTRO"
"05/10/2026";"06:29:34";2026;"04/10/2026";"1º Turno";1;"AP";"06173";"TARTARUGALZINHO";8;13;1;"Principal";-1;1082;"ESC EST JUVENAL FARIAS DA COSTA";1;"Convencional";"VILA BOM JESUS DOS FERNANDES";"BOM JESUS DOS FERNANDES";"00000000";"-1";"-1";"-1";1;"ATIVO";-1;"ATIVO";1;"ATIVO";1;"Ativo";"0";"Sem acessibilidade";306;307;307;0;1082;"ESC EST JUVENAL FARIAS DA COSTA";"VILA BOM JESUS DOS FERNANDES"
"05/10/2026";"06:29:34";2026;"04/10/2026";"1º Turno";1;"AP";"06050";"MACAPÁ";10;73;1;"Principal";-1;1139;"ESCOLA MUNICIPAL TEIXEIRA DE FREITAS";1;"Convencional";"VILA DE SAO PEDRO DOS BOIS SN";"VILA DE SAO PEDRO DOS BOIS";"68900000";"+5596991626326";",2993584";"-50,9873735";1;"ATIVO";-1;"ATIVO";1;"ATIVO";1;"Ativo";"1";"Com acessibilidade";154;154;154;0;1139;"ESCOLA MUNICIPAL TEIXEIRA DE FREITAS";"VILA DE SAO PEDRO DOS BOIS SN"
"05/10/2026";"06:29:34";2026;"04/10/2026";"1º Turno";1;"AP";"06050";"MACAPÁ";14;63;1;"Principal";-1;1104;"EEEF ARACARY CORREA ALVES";1;"Convencional";"RUA RIO JAVARI, N 23";"PERPETUO SOCORRO";"68900000";"-1";",0439533";"-51,0487376";1;"ATIVO";-1;"ATIVO";1;"ATIVO";1;"Ativo";"0";"Sem acessibilidade";337;339;339;0;1104;"EEEF ARACARY CORREA ALVES";"RUA RIO JAVARI, N 23"
"05/10/2026";"06:29:34";2026;"04/10/2026";"1º Turno";1;"AP";"06076";"MAZAGÃO";5;12;1;"Principal";-1;1090;"ESCOLA MUNICIPAL SÃO MIGUEL DE MONTE SINAI";1;"Convencional";"FOZ DO RIO ACAITUBA";"VILA AÇAITUBA";"68940000";"-1";"-,7456932";"-51,7045112";1;"ATIVO";-1;"ATIVO";1;"ATIVO";1;"Ativo";"0";"Sem acessibilidade";290;290;290;0;1090;"ESCOLA MUNICIPAL SÃO MIGUEL DE MONTE SINAI";"FOZ DO RIO ACAITUBA"
"05/10/2026";"06:29:34";2026;"04/10/2026";"1º Turno";1;"AP";"06130";"LARANJAL DO JARI";7;129;1;"Principal";-1;1252;"ESCOLA MUNICIPAL MARIA DE NAZARÉ MINEIRO";1;"Convencional";"AV. TANCREDO NEVES S/N";"ASSENTAMENTO NAZARE MINEIRO";"68920000";"-1";"-,814887";"-52,4952887";1;"ATIVO";-1;"ATIVO";1;"ATIVO";1;"Ativo";"0";"Sem acessibilidade";368;367;367;0;1252;"ESCOLA MUNICIPAL MARIA DE NAZARÉ MINEIRO";"AV. TANCREDO NEVES S/N"
"05/10/2026";"06:29:34";2026;"04/10/2026";"1º Turno";1;"AP";"06157";"SANTANA";6;146;1;"Principal";-1;1015;"E.P.G. ELIZABETH PICANCO ESTEVES";1;"Convencional";"AV. DAS NAÇÕES, 678";"HOSPITALIDADE";"68925000";"3283 2827";"-,0466519";"-51,172363";1;"ATIVO";-1;"ATIVO";1;"ATIVO";1;"Ativo";"0";"Sem acessibilidade";369;369;369;0;1015;"E.P.G. ELIZABETH PICANCO ESTEVES";"AV. DAS NAÇÕES, 678"
"05/10/2026";"06:29:34";2026;"04/10/2026";"1º Turno";1;"AP";"06076";"MAZAGÃO";5;107;2;"Agregada";10;1066;"ESCOLA ESTADUAL RIO NAVIO";1;"Convencional";"RIO AMAZONAS";"VILA NAVIO";"68940000";"-1";"-,4001793";"-51,4205521";1;"ATIVO";-1;"ATIVO";1;"ATIVO";1;"Ativo";"0";"Sem acessibilidade";177;0;0;0;1066;"ESCOLA ESTADUAL RIO NAVIO";"RIO AMAZONAS"
"05/10/2026";"06:29:34";2026;"04/10/2026";"1º Turno";1;"AP";"06033";"CALÇOENE";1;74;1;"Principal";-1;1082;"E. M. PROF.ª NELMA SUELI BARATA ALVES";1;"Convencional";"RUA PADRE DÁRIO, S/N, PALMEIRAS";"PALMEIRAS";"68960000";"-1";"2,4973244";"-50,9532186";1;"ATIVO";-1;"ATIVO";1;"ATIVO";1;"Ativo";"0";"Sem acessibilidade";376;375;375;0;1082;"E. M. PROF.ª NELMA SUELI BARATA ALVES";"RUA PADRE DÁRIO, S/N, PALMEIRAS"
"05/10/2026";"06:29:34";2026;"04/10/2026";"1º Turno";1;"AP";"06050";"MACAPÁ";14;196;1;"Principal";-1;1309;"ESCOLA ESTADUAL GUANABARA";1;"Convencional";"RUA ELIEZER LEVI, 1601";"CENTRO";"68900000";"+5596999339417";",0375666";"-51,0561729";1;"ATIVO";-1;"ATIVO";1;"ATIVO";1;"Ativo";"1";"Com acessibilidade";219;217;217;0;1309;"ESCOLA ESTADUAL GUANABARA";"RUA ELIEZER LEVI, 1601"
"05/10/2026";"06:29:34";2026;"04/10/2026";"1º Turno";1;"AP";"06050";"MACAPÁ";14;269;1;"Principal";-1;1384;"ESCOLA ESTADUAL PROF.GABRIEL ALMEIDA CAFÉ";1;"Convencional";"AV FAB, 091";"CENTRO";"68900000";"+5596991622848";",040525";"-51,0610346";1;"ATIVO";-1;"ATIVO";1;"ATIVO";1;"Ativo";"0";"Sem acessibilidade";242;238;238;0;1384;"ESCOLA ESTADUAL PROF.GABRIEL ALMEIDA CAFÉ";"AV FAB, 091"
"05/10/2026";"06:29:34";2026;"04/10/2026";"1º Turno";1;"AP";"06050";"MACAPÁ";10;188;1;"Principal";-1;1414;"ESCOLA MUNICIPAL PROFESSORA VERA LUCIA PINON NERY";1;"Convencional";"AV. CARLOS LINS CORTES, 1405";"INFRAERO II";"68900000";"32511330";",0708299";"-51,0829593";1;"ATIVO";-1;"ATIVO";1;"ATIVO";1;"Ativo";"0";"Sem acessibilidade";387;384;384;0;1414;"ESCOLA MUNICIPAL PROFESSORA VERA LUCIA PINON NERY";"AV. CARLOS LINS CORTES, 1405"
"05/10/2026";"06:29:34";2026;"04/10/2026";"1º Turno";1;"AP";"06157";"SANTANA";6;256;1;"Principal";-1;1368;"ESCOLA ESTADUAL DENISE DE MELO VASCONCELOS";1;"Convencional";"TRAVESSA 24, 145";"PROVEDOR II";"68925000";"-1";"-,044795";"-51,152917";1;"ATIVO";-1;"ATIVO";1;"ATIVO";1;"Ativo";"0";"Sem acessibilidade";270;268;268;0;1368;"ESCOLA ESTADUAL DENISE DE MELO VASCONCELOS";"TRAVESSA 24, 145"
"05/10/2026";"06:29:34";2026;"04/10/2026";"1º Turno";1;"AP";"06157";"SANTANA";6;232;1;"Principal";-1;1392;"ESCOLA ESTADUAL PADRE SIMAO CORRIDORI";1;"Convencional";"RUA CLAUDIO LUCIO MONTEIRO, 1737";"REMEDIOS II";"68925000";"-1";"-,0533839";"-51,1636298";1;"ATIVO";-1;"ATIVO";1;"ATIVO";1;"Ativo";"0";"Sem acessibilidade";314;314;314;0;1392;"ESCOLA ESTADUAL PADRE SIMAO CORRIDORI";"RUA CLAUDIO LUCIO MONTEIRO, 1737"
"05/10/2026";"06:29:34";2026;"04/10/2026";"1º Turno";1;"AP";"06050";"MACAPÁ";2;690;1;"Principal";-1;1171;"ESCOLA ESTADUAL PROFª SEBASTIANA LENIR DE ALMEIDA";1;"Convencional";"AV DIOGENES SILVA         123        BURITIZAL";"BURITIZAL";"68902891";"+5596991579520";",0258939";"-51,0728225";1;"ATIVO";-1;"ATIVO";1;"ATIVO";1;"Ativo";"0";"Sem acessibilidade";289;289;289;0;1171;"ESCOLA ESTADUAL PROFª SEBASTIANA LENIR DE ALMEIDA";"AV DIOGENES SILVA         123        BURITIZAL"
"05/10/2026";"06:29:34";2026;"04/10/2026";"1º Turno";1;"AP";"06050";"MACAPÁ";2;673;1;"Principal";-1;2208;"ESCOLA MUNICIPAL DE ENSINO FUNDAMENTAL ESFORÇO POPULAR";1;"Convencional";"RUA RAIMUNDO FERREIRA DA SILVA - 241";"MUCA";"68900000";"32415652";",0116414";"-51,0773336";1;"ATIVO";-1;"ATIVO";1;"ATIVO";1;"Ativo";"1";"Com acessibilidade";264;262;262;0;2208;"ESCOLA MUNICIPAL DE ENSINO FUNDAMENTAL ESFORÇO POPULAR";"RUA RAIMUNDO FERREIRA DA SILVA - 241"
"05/10/2026";"06:29:34";2026;"04/10/2026";"1º Turno";1;"AP";"06050";"MACAPÁ";10;306;1;"Principal";-1;1414;"ESCOLA MUNICIPAL PROFESSORA VERA LUCIA PINON NERY";1;"Convencional";"AV. CARLOS LINS CORTES, 1405";"INFRAERO II";"68900000";"32511330";",0708299";"-51,0829593";1;"ATIVO";-1;"ATIVO";1;"ATIVO";1;"Ativo";"0";"Sem acessibilidade";389;390;390;0;1414;"ESCOLA MUNICIPAL PROFESSORA VERA LUCIA PINON NERY";"AV. CARLOS LINS CORTES, 1405"
"05/10/2026";"06:29:34";2026;"04/10/2026";"1º Turno";1;"AP";"06050";"MACAPÁ";2;713;1;"Principal";-1;2267;"ESCOLA ESTADUAL PROFª MARIA DE NAZARÉ PEREIRA VASCONCELOS";1;"Convencional";"RUA VILA DAS OLIVEIRAS - 372";"PEDRINHAS";"68900000";"+5596981440137";",0080908";"-51,0648757";1;"ATIVO";-1;"ATIVO";1;"ATIVO";1;"Ativo";"1";"Com acessibilidade";354;355;355;0;2267;"ESCOLA ESTADUAL PROFª MARIA DE NAZARÉ PEREIRA VASCONCELOS";"RUA VILA DAS OLIVEIRAS - 372"
"05/10/2026";"06:29:34";2026;"04/10/2026";"1º Turno";1;"AP";"06050";"MACAPÁ";14;407;1;"Principal";-1;1635;"ESCOLA MUNICIPAL DE ENSINO FUNDMENTAL ROSA DE SHARON";1;"Convencional";"ILHA DO BRIGUE - MACEDONIA                     SN";"DISTRITO DE BAILIQUE";"68900000";"-1";",877587";"-50,048224";1;"ATIVO";-1;"ATIVO";1;"ATIVO";1;"Ativo";"0";"Sem acessibilidade";203;203;203;0;1635;"ESCOLA MUNICIPAL DE ENSINO FUNDMENTAL ROSA DE SHARON";"ILHA DO BRIGUE - MACEDONIA                     SN"
"05/10/2026";"06:29:34";2026;"04/10/2026";"1º Turno";1;"AP";"06050";"MACAPÁ";2;870;1;"Principal";-1;2674;"ESCOLA ESTADUAL PROFª MARIA CARMELITA DO CARMO";1;"Convencional";"RUA BARAO DE MAUA, 345";"BURITIZAL";"68900460";"+5596991394217";",0273806";"-51,0750153";1;"ATIVO";-1;"ATIVO";1;"ATIVO";1;"Ativo";"1";"Com acessibilidade";270;269;269;0;2674;"ESCOLA ESTADUAL PROFª MARIA CARMELITA DO CARMO";"RUA BARAO DE MAUA, 345"
"05/10/2026";"06:29:34";2026;"04/10/2026";"1º Turno";1;"AP";"06050";"MACAPÁ";14;16;1;"Principal";-1;1040;"CENTRO EDUCACIONAL IRMÃ CARMELA BONASSI";1;"Convencional";"AV. DEZOITO, 1792";"MARABAIXO III";"68909857";"+5596991360104";",0463151";"-51,1256065";1;"ATIVO";-1;"ATIVO";1;"ATIVO";1;"Ativo";"0";"Sem acessibilidade";437;438;438;0;1040;"CENTRO EDUCACIONAL IRMÃ CARMELA BONASSI";"AV. DEZOITO, 1792"
"05/10/2026";"06:29:34";2026;"04/10/2026";"1º Turno";1;"AP";"06050";"MACAPÁ";2;767;1;"Principal";-1;2321;"ESCOLA ESTADUAL PROFª NANCI NINA COSTA";1;"Convencional";"AV. INSPETOR AIMORÉ, 1331";"ZERAO";"68900000";"+5596981452190";",0015588";"-51,0873044";1;"ATIVO";-1;"ATIVO";1;"ATIVO";1;"Ativo";"0";"Sem acessibilidade";382;379;379;0;2321;"ESCOLA ESTADUAL PROFª NANCI NINA COSTA";"AV. INSPETOR AIMORÉ, 1331"
"05/10/2026";"06:29:34";2026;"04/10/2026";"1º Turno";1;"AP";"06050";"MACAPÁ";10;200;1;"Principal";-1;1503;"ESCOLA MUNICIPAL PROFESSOR JOSÉ LEOVES DE LIMA TEIXEIRA";1;"Convencional";"RUA RENASCIMENTO, 2041";"RENASCER";"68900000";"981381507";",0729854";"-51,0513328";1;"ATIVO";-1;"ATIVO";1;"ATIVO";1;"Ativo";"0";"Sem acessibilidade";388;388;388;0;1503;"ESCOLA MUNICIPAL PROFESSOR JOSÉ LEOVES DE LIMA TEIXEIRA";"RUA RENASCIMENTO, 2041"
"05/10/2026";"06:29:34";2026;"04/10/2026";"1º Turno";1;"AP";"06157";"SANTANA";6;94;1;"Principal";-1;1074;"E.E.T.I.  AUGUSTO ANTUNES";1;"Convencional";"TRAVESSA PEDRO SALVADOR DINIZ, 1631";"NOVA BRASÍLIA I";"68927230";"3281 3067";"-,0440221";"-51,1648759";1;"ATIVO";-1;"ATIVO";1;"ATIVO";1;"Ativo";"0";"Sem acessibilidade";343;341;341;0;1074;"E.E.T.I.  AUGUSTO ANTUNES";"TRAVESSA PEDRO SALVADOR DINIZ, 1631"
"05/10/2026";"06:29:34";2026;"04/10/2026";"1º Turno";1;"AP";"06130";"LARANJAL DO JARI";7;122;1;"Principal";-1;1040;"ESCOLA ESTADUAL SONIA HENRIQUES BARRETO";1;"Convencional";"AVENIDA TANCREDO NEVES, N. 1174";"CENTRO";"68920000";"36211459";"-,8538408";"-52,5388352";1;"ATIVO";-1;"ATIVO";1;"ATIVO";1;"Ativo";"0";"Sem acessibilidade";268;268;268;0;1040;"ESCOLA ESTADUAL SONIA HENRIQUES BARRETO";"AVENIDA TANCREDO NEVES, N. 1174"
"05/10/2026";"06:29:34";2026;"04/10/2026";"1º Turno";1;"AP";"06130";"LARANJAL DO JARI";7;19;1;"Principal";-1;1120;"CENTRO EDUCACIONAL WEBER EIDER QUEMEL";1;"Convencional";"AV NILO PEÇANHA";"LOTEAMENTO CAJARY";"68920000";"36211227";"-,8530587";"-52,5367231";1;"ATIVO";-1;"ATIVO";1;"ATIVO";1;"Ativo";"0";"Sem acessibilidade";386;385;385;0;1120;"CENTRO EDUCACIONAL WEBER EIDER QUEMEL";"AV NILO PEÇANHA"
"05/10/2026";"06:29:34";2026;"04/10/2026";"1º Turno";1;"AP";"06050";"MACAPÁ";10;314;1;"Principal";-1;1520;"ESCOLA ESTADUAL PROFESSOR ANTONIO FERREIRA DE LIMA NETO";1;"Convencional";"AV. FRANCISCO FELIPPE DE MIRANDA  NERY - 2336";"LOTEAMENTO BURITIS";"68908805";"+5596991423491";",0713059";"-51,0898494";1;"ATIVO";-1;"ATIVO";1;"ATIVO";1;"Ativo";"0";"Sem acessibilidade";389;389;389;0;1520;"ESCOLA ESTADUAL PROFESSOR ANTONIO FERREIRA DE LIMA NETO";"AV. FRANCISCO FELIPPE DE MIRANDA  NERY - 2336"
"05/10/2026";"06:29:34";2026;"04/10/2026";"1º Turno";1;"AP";"06050";"MACAPÁ";2;505;1;"Principal";-1;2119;"ESCOLA MUNICIPAL DE ENSINO FUNDAMENTAL WILSON MALCHER";1;"Convencional";"RUA JOÃO DE CASTRO , S/N";"JARDIM EQUATORIAL";"68900000";"+5596984144863";",0063263";"-51,0687238";1;"ATIVO";-1;"ATIVO";1;"ATIVO";1;"Ativo";"1";"Com acessibilidade";336;334;334;0;2119;"ESCOLA MUNICIPAL DE ENSINO FUNDAMENTAL WILSON MALCHER";"RUA JOÃO DE CASTRO , S/N"
"05/10/2026";"06:29:34";2026;"04/10/2026";"1º Turno";1;"AP";"06050";"MACAPÁ";2;696;1;"Principal";-1;1848;"ESCOLA ESTADUAL PROFº ANTONIO CASTRO MONTEIRO";1;"Convencional";"AV. DOM JOSE MARITANO         700";"ZERAO";"68900000";"+5596984136039";"-,0018708";"-51,097023";1;"ATIVO";-1;"ATIVO";1;"ATIVO";1;"Ativo";"1";"Com acessibilidade";341;341;341;0;1848;"ESCOLA ESTADUAL PROFº ANTONIO CASTRO MONTEIRO";"AV. DOM JOSE MARITANO         700"
"05/10/2026";"06:29:34";2026;"04/10/2026";"1º Turno";1;"AP";"06050";"MACAPÁ";14;312;1;"Principal";-1;1449;"ESCOLA ESTADUAL TIRADENTES";1;"Convencional";"RUA SANTOS DUMONT         128      SANTA RITA";"SANTA RITA";"68900000";"+5596981117291";",042048";"-51,0727224";1;"ATIVO";-1;"ATIVO";1;"ATIVO";1;"Ativo";"0";"Sem acessibilidade";314;310;310;0;1449;"ESCOLA ESTADUAL TIRADENTES";"RUA SANTOS DUMONT         128      SANTA RITA"
"05/10/2026";"06:29:34";2026;"04/10/2026";"1º Turno";1;"AP";"06157";"SANTANA";6;208;1;"Principal";-1;1198;"E.E. FONTE NOVA";1;"Convencional";"AV. DOM PEDRO I, 4286";"FONTE NOVA";"68928163";"3281 3288";"-,01910818";"-51,16939163";1;"ATIVO";-1;"ATIVO";1;"ATIVO";1;"Ativo";"0";"Sem acessibilidade";268;267;267;0;1198;"E.E. FONTE NOVA";"AV. DOM PEDRO I, 4286"
"05/10/2026";"06:29:34";2026;"04/10/2026";"1º Turno";1;"AP";"06157";"SANTANA";6;280;1;"Principal";-1;1139;"E.E. ALBERTO SANTOS DUMONT (ELESBÃO)";1;"Convencional";"RAMAL DA OLARIA, 286";"ELESBÃO";"68925000";"3281 1191";"-,04720407";"-51,18649262";1;"ATIVO";-1;"ATIVO";1;"ATIVO";1;"Ativo";"0";"Sem acessibilidade";189;190;190;0;1139;"E.E. ALBERTO SANTOS DUMONT (ELESBÃO)";"RAMAL DA OLARIA, 286"
"05/10/2026";"06:29:34";2026;"04/10/2026";"1º Turno";1;"AP";"06050";"MACAPÁ";10;315;1;"Principal";-1;1694;"ESCOLA MUNICIPAL LÚCIA NEVES DENIUR";1;"Convencional";"ALAMEDA CIRIGUELA, N 1088";"BRASIL NOVO";"68909333";"-1";",0986836";"-51,0849266";1;"ATIVO";-1;"ATIVO";1;"ATIVO";1;"Ativo";"0";"Sem acessibilidade";382;381;381;0;1694;"ESCOLA MUNICIPAL LÚCIA NEVES DENIUR";"ALAMEDA CIRIGUELA, N 1088"
"05/10/2026";"06:29:34";2026;"04/10/2026";"1º Turno";1;"AP";"06092";"OIAPOQUE";4;48;1;"Principal";-1;1090;"ESCOLA DE PRIMEIRO GRAU KUMARUMA";1;"Convencional";"ALDEIA KUMARUMA";"ALDEIA KUMARUMA";"68980000";"-1";"3,3787291";"-51,2981222";1;"ATIVO";-1;"ATIVO";1;"ATIVO";1;"Ativo";"0";"Sem acessibilidade";260;260;260;0;1090;"ESCOLA DE PRIMEIRO GRAU KUMARUMA";"ALDEIA KUMARUMA"
"05/10/2026";"06:29:34";2026;"04/10/2026";"1º Turno";1;"AP";"06068";"CUTIAS";10;109;1;"Principal";-1;1015;"ESCOLA ESTADUAL LOURIMAR SIMÕES PAES";1;"Convencional";"RUA LÉO VIRGÍLIO TOLOSA, 624";"CENTRO";"68973000";"-1";",9696012";"-50,7978857";1;"ATIVO";-1;"ATIVO";1;"ATIVO";1;"Ativo";"0";"Sem acessibilidade";303;303;303;0;1015;"ESCOLA ESTADUAL LOURIMAR SIMÕES PAES";"RUA LÉO VIRGÍLIO TOLOSA, 624"
"05/10/2026";"06:29:34";2026;"04/10/2026";"1º Turno";1;"AP";"06050";"MACAPÁ";10;270;1;"Principal";-1;1546;"ESCOLA ESTADUAL PROFESSORA MARIA CAVALCANTE DE AZEVEDO PICANÇO";1;"Convencional";"RUA CAJUEIRO, 543, BRASIL NOVO";"BRASIL NOVO";"68909312";"991495422";",0920931";"-51,0860936";1;"ATIVO";-1;"ATIVO";1;"ATIVO";1;"Ativo";"0";"Sem acessibilidade";384;382;382;0;1546;"ESCOLA ESTADUAL PROFESSORA MARIA CAVALCANTE DE AZEVEDO PICANÇO";"RUA CAJUEIRO, 543, BRASIL NOVO"
"05/10/2026";"06:29:34";2026;"04/10/2026";"1º Turno";1;"AP";"06009";"PRACUÚBA";1;42;1;"Principal";-1;1228;"ESCOLA ESTADUAL PEDRO MACIEL FILHO";1;"Convencional";"BR-156, N. 547";"CUJUBIM";"68918000";"-1";"1,6640507";"-50,9198738";1;"ATIVO";-1;"ATIVO";1;"ATIVO";1;"Ativo";"0";"Sem acessibilidade";295;294;294;0;1228;"ESCOLA ESTADUAL PEDRO MACIEL FILHO";"BR-156, N. 547"
"05/10/2026";"06:29:34";2026;"04/10/2026";"1º Turno";1;"AP";"06130";"LARANJAL DO JARI";7;74;2;"Agregada";62;1201;"ESCOLA ESTADUAL EMÍLIO MÉDICE";1;"Convencional";"PASSARELA BEIRA RIO, S/N";"MALVINAS";"68920000";"-1";"-,8494062";"-52,5418404";1;"ATIVO";-1;"ATIVO";1;"ATIVO";1;"Ativo";"0";"Sem acessibilidade";191;0;0;0;1201;"ESCOLA ESTADUAL EMÍLIO MÉDICE";"PASSARELA BEIRA RIO, S/N"
"05/10/2026";"06:29:34";2026;"04/10/2026";"1º Turno";1;"AP";"06050";"MACAPÁ";10;65;1;"Principal";-1;1074;"ESCOLA ESTADUAL PROFESSORA RUTH DE ALMEIDA BEZERRA";1;"Convencional";"RUA ADILSON JOSÉ PINTO PEREIRA 109";"SAO LAZARO";"68908571";"991283485";",0670284";"-51,057224";1;"ATIVO";-1;"ATIVO";1;"ATIVO";1;"Ativo";"0";"Sem acessibilidade";351;351;351;0;1074;"ESCOLA ESTADUAL PROFESSORA RUTH DE ALMEIDA BEZERRA";"RUA ADILSON JOSÉ PINTO PEREIRA 109"
"05/10/2026";"06:29:34";2026;"04/10/2026";"1º Turno";1;"AP";"06050";"MACAPÁ";2;588;1;"Principal";-1;1295;"ESCOLA ESTADUAL JOSÉ DO PATROCINIO";1;"Convencional";"RUA DO ESTALEIRO, 203, FAZENDINHA ";"DISTRITO DE FAZENDINHA";"68911465";"00000000";"-,0541101";"-51,1131405";1;"ATIVO";-1;"ATIVO";1;"ATIVO";1;"Ativo";"0";"Sem acessibilidade";253;254;254;0;1295;"ESCOLA ESTADUAL JOSÉ DO PATROCINIO";"RUA DO ESTALEIRO, 203, FAZENDINHA "
"05/10/2026";"06:29:34";2026;"04/10/2026";"1º Turno";1;"AP";"06050";"MACAPÁ";14;166;1;"Principal";-1;1252;"ESCOLA ESTADUAL ANTONIO CORDEIRO PONTES";1;"Convencional";"AV FAB  , 264";"CENTRO";"68900000";"32231039";",04041684";"-51,05211013";1;"ATIVO";-1;"ATIVO";1;"ATIVO";1;"Ativo";"0";"Sem acessibilidade";240;237;237;0;1252;"ESCOLA ESTADUAL ANTONIO CORDEIRO PONTES";"AV FAB  , 264"
"05/10/2026";"06:29:34";2026;"04/10/2026";"1º Turno";1;"AP";"06050";"MACAPÁ";14;57;1;"Principal";-1;1090;"E.M.E.I.  MUNDO DA CRIANÇA";1;"Convencional";"AV. PARAIBA - 201";"PACOVAL";"68908280";"991223819";",057793";"-51,0545661";1;"ATIVO";-1;"ATIVO";1;"ATIVO";1;"Ativo";"0";"Sem acessibilidade";317;315;315;0;1090;"E.M.E.I.  MUNDO DA CRIANÇA";"AV. PARAIBA - 201"
"05/10/2026";"06:29:34";2026;"04/10/2026";"1º Turno";1;"AP";"06050";"MACAPÁ";14;271;1;"Principal";-1;1384;"ESCOLA ESTADUAL PROF.GABRIEL ALMEIDA CAFÉ";1;"Convencional";"AV FAB, 091";"CENTRO";"68900000";"+5596991622848";",040525";"-51,0610346";1;"ATIVO";-1;"ATIVO";1;"ATIVO";1;"Ativo";"0";"Sem acessibilidade";242;241;241;0;1384;"ESCOLA ESTADUAL PROF.GABRIEL ALMEIDA CAFÉ";"AV FAB, 091"
"05/10/2026";"06:29:34";2026;"04/10/2026";"1º Turno";1;"AP";"06157";"SANTANA";6;274;1;"Principal";-1;1481;"ESCOLA ESTADUAL LEVINDO ALVES DOS SANTOS";1;"Convencional";"MARGEM DO RIO CACHOEIRINHA, N 300";"ILHA DE SANTANA";"68933000";"+5596991960853";"-1";"-1";1;"ATIVO";-1;"ATIVO";1;"ATIVO";1;"Ativo";"0";"Sem acessibilidade";262;264;264;0;1481;"ESCOLA ESTADUAL LEVINDO ALVES DOS SANTOS";"MARGEM DO RIO CACHOEIRINHA, N 300"
"05/10/2026";"06:29:34";2026;"04/10/2026";"1º Turno";1;"AP";"06050";"MACAPÁ";10;189;1;"Principal";-1;1457;"ESCOLA ESTADUAL JOAQUIM MANOEL DE JESUS PICANÇO";1;"Convencional";"COMUNIDADE DO AMBE";"AMBÉ";"68900000";"+5596999099628";",310649";"-50,9352219";1;"ATIVO";-1;"ATIVO";1;"ATIVO";1;"Ativo";"1";"Com acessibilidade";120;120;120;0;1457;"ESCOLA ESTADUAL JOAQUIM MANOEL DE JESUS PICANÇO";"COMUNIDADE DO AMBE"
"05/10/2026";"06:29:34";2026;"04/10/2026";"1º Turno";1;"AP";"06157";"SANTANA";6;2;1;"Principal";-1;1015;"E.P.G. ELIZABETH PICANCO ESTEVES";1;"Convencional";"AV. DAS NAÇÕES, 678";"HOSPITALIDADE";"68925000";"3283 2827";"-,0466519";"-51,172363";1;"ATIVO";-1;"ATIVO";1;"ATIVO";1;"Ativo";"0";"Sem acessibilidade";372;372;372;0;1015;"E.P.G. ELIZABETH PICANCO ESTEVES";"AV. DAS NAÇÕES, 678"
"05/10/2026";"06:29:34";2026;"04/10/2026";"1º Turno";1;"AP";"06050";"MACAPÁ";14;83;1;"Principal";-1;1139;"EEEF MARIA IVONE DE MENEZES";1;"Convencional";"RUA ANTONIO PELAES DE SOUZA 1320";"PERPETUO SOCORRO";"68900000";"-1";",0526608";"-51,0423583";5;"BLOQUEADO";-1;"ATIVO";1;"ATIVO";1;"Ativo";"0";"Sem acessibilidade";389;387;387;0;1139;"EEEF MARIA IVONE DE MENEZES";"RUA ANTONIO PELAES DE SOUZA 1320"
"05/10/2026";"06:29:34";2026;"04/10/2026";"1º Turno";1;"AP";"06050";"MACAPÁ";10;421;1;"Principal";-1;1724;"ESCOLA ESTADUAL PROFESSOR ANTONIO MUNHOZ LOPES";1;"Convencional";"CONJUNTO HABITACIONAL MACAPABA";"MACAPABA";"68900000";"-1";",086194";"-51,0949749";1;"ATIVO";-1;"ATIVO";1;"ATIVO";1;"Ativo";"1";"Com acessibilidade";384;382;382;0;1724;"ESCOLA ESTADUAL PROFESSOR ANTONIO MUNHOZ LOPES";"CONJUNTO HABITACIONAL MACAPABA"
"05/10/2026";"06:29:34";2026;"04/10/2026";"1º Turno";1;"AP";"06130";"LARANJAL DO JARI";7;76;1;"Principal";-1;1155;"ESCOLA MUNICIPAL PROF. TEREZA TELES";1;"Convencional";"RUA FLORIANO PEIXOTO, N. 1024";"AGRESTE";"68920000";"96991318047";"-,8391003";"-52,5207507";1;"ATIVO";-1;"ATIVO";1;"ATIVO";1;"Ativo";"0";"Sem acessibilidade";177;177;177;0;1155;"ESCOLA MUNICIPAL PROF. TEREZA TELES";"RUA FLORIANO PEIXOTO, N. 1024"
"05/10/2026";"06:29:34";2026;"04/10/2026";"1º Turno";1;"AP";"06157";"SANTANA";6;97;1;"Principal";-1;1112;"E.E. ALMIRANTE BARROSO";1;"Convencional";"AV. 7 DE SETEMBRO, 533";"COMERCIAL";"68925108";"3281 3018";"-,04850279";"-51,17737876";1;"ATIVO";-1;"ATIVO";1;"ATIVO";1;"Ativo";"0";"Sem acessibilidade";297;294;294;0;1112;"E.E. ALMIRANTE BARROSO";"AV. 7 DE SETEMBRO, 533"
"05/10/2026";"06:29:34";2026;"04/10/2026";"1º Turno";1;"AP";"06130";"LARANJAL DO JARI";7;102;1;"Principal";-1;1155;"ESCOLA MUNICIPAL PROF. TEREZA TELES";1;"Convencional";"RUA FLORIANO PEIXOTO, N. 1024";"AGRESTE";"68920000";"96991318047";"-,8391003";"-52,5207507";1;"ATIVO";-1;"ATIVO";1;"ATIVO";1;"Ativo";"0";"Sem acessibilidade";185;185;185;0;1155;"ESCOLA MUNICIPAL PROF. TEREZA TELES";"RUA FLORIANO PEIXOTO, N. 1024"
"05/10/2026";"06:29:34";2026;"04/10/2026";"1º Turno";1;"AP";"06157";"SANTANA";6;4;1;"Principal";-1;1015;"E.P.G. ELIZABETH PICANCO ESTEVES";1;"Convencional";"AV. DAS NAÇÕES, 678";"HOSPITALIDADE";"68925000";"3283 2827";"-,0466519";"-51,172363";1;"ATIVO";-1;"ATIVO";1;"ATIVO";1;"Ativo";"0";"Sem acessibilidade";374;373;373;0;1015;"E.P.G. ELIZABETH PICANCO ESTEVES";"AV. DAS NAÇÕES, 678"
"05/10/2026";"06:29:34";2026;"04/10/2026";"1º Turno";1;"AP";"06130";"LARANJAL DO JARI";7;128;1;"Principal";-1;1066;"ESCOLA ESTADUAL MINEKO HAYASHIDA";1;"Convencional";"AVENIDA TANCREDO NEVES, 1304";"AGRESTE";"68920000";"991337867";"-,8380233";"-52,517341";1;"ATIVO";-1;"ATIVO";1;"ATIVO";1;"Ativo";"0";"Sem acessibilidade";190;189;189;0;1066;"ESCOLA ESTADUAL MINEKO HAYASHIDA";"AVENIDA TANCREDO NEVES, 1304"
"05/10/2026";"06:29:34";2026;"04/10/2026";"1º Turno";1;"AP";"06017";"AMAPÁ";1;2;1;"Principal";-1;1015;"ESCOLA ESTADUAL VEIGA CABRAL";1;"Convencional";"AV. FAB, S/N";"CENTRO";"68950000";"-1";"2,0500051";"-50,7918795";1;"ATIVO";-1;"ATIVO";1;"ATIVO";1;"Ativo";"0";"Sem acessibilidade";265;264;264;0;1015;"ESCOLA ESTADUAL VEIGA CABRAL";"AV. FAB, S/N"
"05/10/2026";"06:29:34";2026;"04/10/2026";"1º Turno";1;"AP";"06092";"OIAPOQUE";4;54;1;"Principal";-1;1147;"ESCOLA MUNICIPAL VILA VITÓRIA";1;"Convencional";"VILA VITÓRIA - MARGEM DIREITA DO RIO OIAPOQUE";"VILA VITORIA";"68980000";"-1";"3,88240682";"-51,79706465";1;"ATIVO";-1;"ATIVO";1;"ATIVO";1;"Ativo";"0";"Sem acessibilidade";246;248;248;0;1147;"ESCOLA MUNICIPAL VILA VITÓRIA";"VILA VITÓRIA - MARGEM DIREITA DO RIO OIAPOQUE"
"05/10/2026";"06:29:34";2026;"04/10/2026";"1º Turno";1;"AP";"06130";"LARANJAL DO JARI";7;15;1;"Principal";-1;1112;"ESCOLA MUNICIPAL PAULO FREIRE";1;"Convencional";"RUA RIO BRANCO C/ AV. JOSÉ CEZÁRIO, N. 2001";"SAGRADO CORACAO DE JESUS";"68920000";"36212942";"-,8559813";"-52,5248382";1;"ATIVO";-1;"ATIVO";1;"ATIVO";1;"Ativo";"0";"Sem acessibilidade";249;249;249;0;1112;"ESCOLA MUNICIPAL PAULO FREIRE";"RUA RIO BRANCO C/ AV. JOSÉ CEZÁRIO, N. 2001"
"05/10/2026";"06:29:34";2026;"04/10/2026";"1º Turno";1;"AP";"06084";"PEDRA BRANCA DO AMAPARI";11;31;1;"Principal";-1;1066;"ESCOLA MUNICIPAL DE ENSINO FUNDAMENTAL SÃO PEDRO";1;"Convencional";"RUA FRANCISCO BRAZ, 345";"CENTRO";"68945100";"+559633221289";",7771201";"-51,9532666";1;"ATIVO";-1;"ATIVO";1;"ATIVO";1;"Ativo";"1";"Com acessibilidade";329;326;326;0;1066;"ESCOLA MUNICIPAL DE ENSINO FUNDAMENTAL SÃO PEDRO";"RUA FRANCISCO BRAZ, 345"
"05/10/2026";"06:29:34";2026;"04/10/2026";"1º Turno";1;"AP";"06157";"SANTANA";6;186;1;"Principal";-1;1260;"ESCOLA ESTADUAL SÃO JOÃO APÓSTOLO";1;"Convencional";"AV. MARIA COLARES, 1905";"NOVA BRASÍLIA I";"68927229";"32831015";"-,0369626";"-51,1661291";1;"ATIVO";-1;"ATIVO";1;"ATIVO";1;"Ativo";"0";"Sem acessibilidade";226;225;225;0;1260;"ESCOLA ESTADUAL SÃO JOÃO APÓSTOLO";"AV. MARIA COLARES, 1905"
"05/10/2026";"06:29:34";2026;"04/10/2026";"1º Turno";1;"AP";"06050";"MACAPÁ";2;887;1;"Principal";-1;2682;"ESCOLA ESTADUAL SANTA INÊS";1;"Convencional";"RUA BEIRA RIO                         SANTA INES";"SANTA INES";"68900000";"+5596991537535";",0259971";"-51,0541281";1;"ATIVO";-1;"ATIVO";1;"ATIVO";1;"Ativo";"0";"Sem acessibilidade";312;313;313;0;2682;"ESCOLA ESTADUAL SANTA INÊS";"RUA BEIRA RIO                         SANTA INES"
"05/10/2026";"06:29:34";2026;"04/10/2026";"1º Turno";1;"AP";"06173";"TARTARUGALZINHO";8;10;1;"Principal";-1;1058;"ESC EST UAPEZAL";1;"Convencional";"VILA DE TERRA FIRME UAPEZAL, 545";"UAPEZAL DA TERRA FIRME";"68990000";"+559634229002";"1,26533851";"-50,65927901";1;"ATIVO";-1;"ATIVO";1;"ATIVO";1;"Ativo";"0";"Sem acessibilidade";295;295;295;0;1058;"ESC EST UAPEZAL";"VILA DE TERRA FIRME UAPEZAL, 545"
"05/10/2026";"06:29:34";2026;"04/10/2026";"1º Turno";1;"AP";"06076";"MAZAGÃO";5;101;1;"Principal";-1;1252;"ESCOLA MUNICIPAL DOMINGOS VALENTE BARRETO";1;"Convencional";"RUA SANTA RITA, SN";"BOM JESUS";"68940000";"-1";"-,10687113";"-51,2867679";1;"ATIVO";-1;"ATIVO";1;"ATIVO";1;"Ativo";"0";"Sem acessibilidade";310;310;310;0;1252;"ESCOLA MUNICIPAL DOMINGOS VALENTE BARRETO";"RUA SANTA RITA, SN"
"05/10/2026";"06:29:34";2026;"04/10/2026";"1º Turno";1;"AP";"06130";"LARANJAL DO JARI";7;21;1;"Principal";-1;1139;"ESCOLA ESTADUAL PROF. VANDA MARIA DE SOUZA CABETE";1;"Convencional";"AV. FORTALEZA, N. 1456";"LOTEAMENTO CAJARY";"68920000";"36211625";"-,8283483";"-52,5120059";5;"BLOQUEADO";-1;"ATIVO";1;"ATIVO";1;"Ativo";"0";"Sem acessibilidade";258;258;258;0;1139;"ESCOLA ESTADUAL PROF. VANDA MARIA DE SOUZA CABETE";"AV. FORTALEZA, N. 1456"
"05/10/2026";"06:29:34";2026;"04/10/2026";"1º Turno";1;"AP";"06157";"SANTANA";6;110;1;"Principal";-1;1252;"E.E. SAO BENTO";1;"Convencional";"RUA GENERAL EMILIO GARRASTAZU MEDICI, 844";"PARAÍSO";"68925000";"3281 4179";"-,03030393";"-51,17387979";1;"ATIVO";-1;"ATIVO";1;"ATIVO";1;"Ativo";"1";"Com acessibilidade";307;304;304;0;1252;"E.E. SAO BENTO";"RUA GENERAL EMILIO GARRASTAZU MEDICI, 844"
"05/10/2026";"06:29:34";2026;"04/10/2026";"1º Turno";1;"AP";"06050";"MACAPÁ";14;319;1;"Principal";-1;1449;"ESCOLA ESTADUAL TIRADENTES";1;"Convencional";"RUA SANTOS DUMONT         128      SANTA RITA";"SANTA RITA";"68900000";"+5596981117291";",042048";"-51,0727224";1;"ATIVO";-1;"ATIVO";1;"ATIVO";1;"Ativo";"0";"Sem acessibilidade";315;314;314;0;1449;"ESCOLA ESTADUAL TIRADENTES";"RUA SANTOS DUMONT         128      SANTA RITA"
"05/10/2026";"06:29:34";2026;"04/10/2026";"1º Turno";1;"AP";"06050";"MACAPÁ";2;760;1;"Principal";-1;2330;"ESCOLA ESTADUAL NELITA ROCHA BRITO DIAS";1;"Convencional";"AV. NILO ALMEIDA, 01";"CONGOS";"68904396";"+5596991519421";",0096085";"-51,0919318";1;"ATIVO";-1;"ATIVO";1;"ATIVO";1;"Ativo";"0";"Sem acessibilidade";267;268;268;0;2330;"ESCOLA ESTADUAL NELITA ROCHA BRITO DIAS";"AV. NILO ALMEIDA, 01"
"05/10/2026";"06:29:34";2026;"04/10/2026";"1º Turno";1;"AP";"06009";"PRACUÚBA";1;26;1;"Principal";-1;1058;"ESCOLA ESTADUAL PEDRO TEIXEIRA";1;"Convencional";"RAMAL DO PRACUUBA, S/N";"FLEXAL";"68918000";"-1";"1,7286679";"-50,8780576";1;"ATIVO";-1;"ATIVO";1;"ATIVO";1;"Ativo";"0";"Sem acessibilidade";271;271;271;0;1058;"ESCOLA ESTADUAL PEDRO TEIXEIRA";"RAMAL DO PRACUUBA, S/N"
"05/10/2026";"06:29:34";2026;"04/10/2026";"1º Turno";1;"AP";"06092";"OIAPOQUE";4;40;1;"Principal";-1;1139;"EMEF PROFª ONÉDIA PAIS BENTES - ANEXO DA BR";1;"Convencional";"AVENIDA ESTEVAO HENRIQUE, 180 - FM";"INFRAEREO";"68980000";"-1";"3,83723251";"-51,81382603";1;"ATIVO";-1;"ATIVO";1;"ATIVO";1;"Ativo";"0";"Sem acessibilidade";289;290;290;0;1139;"EMEF PROFª ONÉDIA PAIS BENTES - ANEXO DA BR";"AVENIDA ESTEVAO HENRIQUE, 180 - FM"
"05/10/2026";"06:29:34";2026;"04/10/2026";"1º Turno";1;"AP";"06050";"MACAPÁ";2;534;1;"Principal";-1;2070;"ESCOLA ESTADUAL PROFª MARGARIDA ROCHA DA COSTA";1;"Convencional";"RODOVIA SALVADOR DINIZ, 1736";"IGARAPE DA FORTALEZA";"68911085";"+5596991658877";"-,0486964";"-51,1375111";1;"ATIVO";-1;"ATIVO";1;"ATIVO";1;"Ativo";"0";"Sem acessibilidade";214;214;214;0;2070;"ESCOLA ESTADUAL PROFª MARGARIDA ROCHA DA COSTA";"RODOVIA SALVADOR DINIZ, 1736"
"05/10/2026";"06:29:34";2026;"04/10/2026";"1º Turno";1;"AP";"06157";"SANTANA";6;41;1;"Principal";-1;1155;"E.E. PROF. FRANCISCO WALCY LOBATO LIMA";1;"Convencional";"AV. MARIA COLARES, 1940";"NOVA BRASÍLIA I";"68927299";"3283 2601";"-,0365765";"-51,1660317";1;"ATIVO";-1;"ATIVO";1;"ATIVO";1;"Ativo";"0";"Sem acessibilidade";311;317;317;0;1155;"E.E. PROF. FRANCISCO WALCY LOBATO LIMA";"AV. MARIA COLARES, 1940"
"05/10/2026";"06:29:34";2026;"04/10/2026";"1º Turno";1;"AP";"06025";"PORTO GRANDE";12;30;1;"Principal";-1;1058;"ESC. EST. ELIAS FREITAS TRAJANO DE SOUZA";1;"Convencional";"RUA BELA VISTA, S/N";"AEROPORTO";"68997000";"-1";",70372892";"-51,40372491";1;"ATIVO";-1;"ATIVO";1;"ATIVO";1;"Ativo";"1";"Com acessibilidade";371;370;370;0;1058;"ESC. EST. ELIAS FREITAS TRAJANO DE SOUZA";"RUA BELA VISTA, S/N"
"05/10/2026";"06:29:34";2026;"04/10/2026";"1º Turno";1;"AP";"06050";"MACAPÁ";2;948;1;"Principal";-1;2747;"ESCOLA ESTADUAL CECILIA PINTO";1;"Convencional";"RUA PROF TOSTES              122         BURITIZAL";"BURITIZAL";"68902210";"+5596992016136";",0143256";"-51,0700748";1;"ATIVO";-1;"ATIVO";1;"ATIVO";1;"Ativo";"0";"Sem acessibilidade";296;294;294;0;2747;"ESCOLA ESTADUAL CECILIA PINTO";"RUA PROF TOSTES              122         BURITIZAL"
"05/10/2026";"06:29:34";2026;"04/10/2026";"1º Turno";1;"AP";"06157";"SANTANA";6;125;1;"Principal";-1;1074;"E.E.T.I.  AUGUSTO ANTUNES";1;"Convencional";"TRAVESSA PEDRO SALVADOR DINIZ, 1631";"NOVA BRASÍLIA I";"68927230";"3281 3067";"-,0440221";"-51,1648759";1;"ATIVO";-1;"ATIVO";1;"ATIVO";1;"Ativo";"0";"Sem acessibilidade";339;335;335;0;1074;"E.E.T.I.  AUGUSTO ANTUNES";"TRAVESSA PEDRO SALVADOR DINIZ, 1631"
"05/10/2026";"06:29:34";2026;"04/10/2026";"1º Turno";1;"AP";"06130";"LARANJAL DO JARI";7;27;1;"Principal";-1;1104;"ESCOLA MUNICIPAL TEREZINHA LIMA QUEIROGA DE SOUZA";1;"Convencional";"AVENIDA MAZAGÃO, N. 105";"CASTANHEIRA";"68920000";"96991438894";"-,8342031";"-52,5175861";1;"ATIVO";-1;"ATIVO";1;"ATIVO";1;"Ativo";"0";"Sem acessibilidade";367;365;365;0;1104;"ESCOLA MUNICIPAL TEREZINHA LIMA QUEIROGA DE SOUZA";"AVENIDA MAZAGÃO, N. 105"
"05/10/2026";"06:29:34";2026;"04/10/2026";"1º Turno";1;"AP";"06130";"LARANJAL DO JARI";7;133;1;"Principal";-1;1279;"ESCOLA MUNICIPAL CRISTO REDENTOR";1;"Convencional";"BR 156 COMUNIDADE MARTINS";"COMUNIDADE DOS MARTINS";"68920000";"96988085831";"-,5793075";"-52,2959672";1;"ATIVO";-1;"ATIVO";1;"ATIVO";1;"Ativo";"0";"Sem acessibilidade";170;171;171;0;1279;"ESCOLA MUNICIPAL CRISTO REDENTOR";"BR 156 COMUNIDADE MARTINS"
"05/10/2026";"06:29:34";2026;"04/10/2026";"1º Turno";1;"AP";"06050";"MACAPÁ";10;132;1;"Principal";-1;2070;"ESCOLA ESTADUAL MARIA MERIAN DOS SANTOS CORDEIRO FERNANDES";4;"Temporário";"AV. GLICÉRIO SOUZA FIGUEIREDO, 66";"NOVO HORIZONTE";"68909821";"96 984073412";"-1";"-1";1;"ATIVO";-1;"ATIVO";1;"ATIVO";1;"Ativo";"0";"Sem acessibilidade";386;382;382;0;1325;"ESCOLA ESTADUAL RIVANDA NAZARE DA SILVA GUIMARAES";"RUA CÍCERO MARQUES DE SOUZA, 2874, NOVO HORIZONTE"
"05/10/2026";"06:29:34";2026;"04/10/2026";"1º Turno";1;"AP";"06130";"LARANJAL DO JARI";7;53;1;"Principal";-1;1058;"ESCOLA ESTADUAL PROF. MARIA DE NAZARÉ RODRIGUES DA SILVA";1;"Convencional";"RUA CULTURA, N 277";"AGRESTE";"68920000";"991894068";"-,8443316";"-52,5159137";1;"ATIVO";-1;"ATIVO";1;"ATIVO";1;"Ativo";"0";"Sem acessibilidade";265;261;261;0;1058;"ESCOLA ESTADUAL PROF. MARIA DE NAZARÉ RODRIGUES DA SILVA";"RUA CULTURA, N 277"
"05/10/2026";"06:29:34";2026;"04/10/2026";"1º Turno";1;"AP";"06025";"PORTO GRANDE";12;35;1;"Principal";-1;1120;"ESCOLA MUNICIPAL ADÃO FERREIRA";1;"Convencional";"RUA JOSE DE ARAUJO N. 1712";"AEROPORTO";"68997000";"-1";",7007033";"-51,39604331";1;"ATIVO";-1;"ATIVO";1;"ATIVO";1;"Ativo";"1";"Com acessibilidade";375;374;374;0;1120;"ESCOLA MUNICIPAL ADÃO FERREIRA";"RUA JOSE DE ARAUJO N. 1712"
"05/10/2026";"06:29:34";2026;"04/10/2026";"1º Turno";1;"AP";"06050";"MACAPÁ";14;108;1;"Principal";-1;1155;"EMEF EUNICE DAS CHAGAS FERNANDES SOUZA";1;"Convencional";"RUA GUANABARA - 372";"PACOVAL";"68900000";"-1";",0558461";"-51,0543723";1;"ATIVO";-1;"ATIVO";1;"ATIVO";1;"Ativo";"0";"Sem acessibilidade";254;253;253;0;1155;"EMEF EUNICE DAS CHAGAS FERNANDES SOUZA";"RUA GUANABARA - 372"
"05/10/2026";"06:29:34";2026;"04/10/2026";"1º Turno";1;"AP";"06050";"MACAPÁ";10;309;1;"Principal";-1;2070;"ESCOLA ESTADUAL MARIA MERIAN DOS SANTOS CORDEIRO FERNANDES";4;"Temporário";"AV. GLICÉRIO SOUZA FIGUEIREDO, 66";"NOVO HORIZONTE";"68909821";"96 984073412";"-1";"-1";1;"ATIVO";-1;"ATIVO";1;"ATIVO";1;"Ativo";"1";"Com acessibilidade";385;384;384;0;1325;"ESCOLA ESTADUAL RIVANDA NAZARE DA SILVA GUIMARAES";"RUA CÍCERO MARQUES DE SOUZA, 2874, NOVO HORIZONTE"
"05/10/2026";"06:29:34";2026;"04/10/2026";"1º Turno";1;"AP";"06130";"LARANJAL DO JARI";7;185;1;"Principal";-1;1023;"ESCOLA DE 1 GRAU AGUA BRANCA DO CAJARI";1;"Convencional";"VILA ÁGUA BRANCA DO CAJARI";"VILA AGUA BRANCA DO CAJARI";"68920000";"-1";"-,5502481";"-52,1816431";1;"ATIVO";-1;"ATIVO";1;"ATIVO";1;"Ativo";"0";"Sem acessibilidade";244;246;246;0;1023;"ESCOLA DE 1 GRAU AGUA BRANCA DO CAJARI";"VILA ÁGUA BRANCA DO CAJARI"
"05/10/2026";"06:29:34";2026;"04/10/2026";"1º Turno";1;"AP";"06050";"MACAPÁ";2;955;1;"Principal";-1;1783;"ESCOLA ESTADUAL LAURO CHAVES";1;"Convencional";"AV TEMBES       SN";"MUCA";"68900000";"32411440";",0130979";"-51,074366";1;"ATIVO";-1;"ATIVO";1;"ATIVO";1;"Ativo";"0";"Sem acessibilidade";296;295;295;0;1783;"ESCOLA ESTADUAL LAURO CHAVES";"AV TEMBES       SN"
"05/10/2026";"06:29:34";2026;"04/10/2026";"1º Turno";1;"AP";"06050";"MACAPÁ";2;502;1;"Principal";-1;1783;"ESCOLA ESTADUAL LAURO CHAVES";1;"Convencional";"AV TEMBES       SN";"MUCA";"68900000";"32411440";",0130979";"-51,074366";1;"ATIVO";-1;"ATIVO";1;"ATIVO";1;"Ativo";"0";"Sem acessibilidade";256;256;256;0;1783;"ESCOLA ESTADUAL LAURO CHAVES";"AV TEMBES       SN"
"05/10/2026";"06:29:34";2026;"04/10/2026";"1º Turno";1;"AP";"06050";"MACAPÁ";2;542;1;"Principal";-1;1600;"ESCOLA ESTADUAL MÁRIO QUIRINO DA SILVA";1;"Convencional";"RUA CLAUDOMIRO DE MORAIS                    SN";"NOVO BURITIZAL";"68900000";"32125283";",0154748";"-51,0823276";1;"ATIVO";-1;"ATIVO";1;"ATIVO";1;"Ativo";"0";"Sem acessibilidade";386;384;384;0;1600;"ESCOLA ESTADUAL MÁRIO QUIRINO DA SILVA";"RUA CLAUDOMIRO DE MORAIS                    SN"
"05/10/2026";"06:29:34";2026;"04/10/2026";"1º Turno";1;"AP";"06114";"FERREIRA GOMES";12;60;1;"Principal";-1;1040;"ESCOLA MUNICIPAL PASTOR JACI TORQUATO";1;"Convencional";"AV COSTA E SILVA, 1002";"CENTRO";"68915000";"-1";",8526622";"-51,18396644";1;"ATIVO";-1;"ATIVO";1;"ATIVO";1;"Ativo";"1";"Com acessibilidade";247;246;246;0;1040;"ESCOLA MUNICIPAL PASTOR JACI TORQUATO";"AV COSTA E SILVA, 1002"
"05/10/2026";"06:29:34";2026;"04/10/2026";"1º Turno";1;"AP";"06122";"VITÓRIA DO JARI";7;187;1;"Principal";-1;1139;"ESCOLA MUNICIPAL DE TAPERERA";1;"Convencional";"COMUNIDADE QUILOMBOLA";"area rural";"68924000";"-1";"-,8858361";"-51,9009026";1;"ATIVO";-1;"ATIVO";1;"ATIVO";1;"Ativo";"0";"Sem acessibilidade";89;89;89;0;1139;"ESCOLA MUNICIPAL DE TAPERERA";"COMUNIDADE QUILOMBOLA"
"05/10/2026";"06:29:34";2026;"04/10/2026";"1º Turno";1;"AP";"06050";"MACAPÁ";2;630;1;"Principal";-1;2020;"ESCOLA ESTADUAL PROFº ANTONIO MESSIAS GONÇALVES DA SILVA";1;"Convencional";"AV. DOM JOSÉ MARITANO, 622";"ZERAO";"68900000";"+5596991046541";"-,0022242";"-51,1001204";1;"ATIVO";-1;"ATIVO";1;"ATIVO";1;"Ativo";"1";"Com acessibilidade";345;344;344;0;2020;"ESCOLA ESTADUAL PROFº ANTONIO MESSIAS GONÇALVES DA SILVA";"AV. DOM JOSÉ MARITANO, 622"
"05/10/2026";"06:29:34";2026;"04/10/2026";"1º Turno";1;"AP";"06068";"CUTIAS";10;112;1;"Principal";-1;1015;"ESCOLA ESTADUAL LOURIMAR SIMÕES PAES";1;"Convencional";"RUA LÉO VIRGÍLIO TOLOSA, 624";"CENTRO";"68973000";"-1";",9696012";"-50,7978857";1;"ATIVO";-1;"ATIVO";1;"ATIVO";1;"Ativo";"0";"Sem acessibilidade";296;295;295;0;1015;"ESCOLA ESTADUAL LOURIMAR SIMÕES PAES";"RUA LÉO VIRGÍLIO TOLOSA, 624"
"05/10/2026";"06:29:34";2026;"04/10/2026";"1º Turno";1;"AP";"06050";"MACAPÁ";2;351;1;"Principal";-1;1996;"ESCOLA ESTADUAL PROFº ROBERTO JOSE MORAIS DE CASTRO";1;"Convencional";"RUA JOVINO DINOA, 152";"BEIROL";"68908110";"-1";",0181997";"-51,0612885";1;"ATIVO";-1;"ATIVO";1;"ATIVO";1;"Ativo";"1";"Com acessibilidade";318;317;317;0;1996;"ESCOLA ESTADUAL PROFº ROBERTO JOSE MORAIS DE CASTRO";"RUA JOVINO DINOA, 152"
"05/10/2026";"06:29:34";2026;"04/10/2026";"1º Turno";1;"AP";"06157";"SANTANA";6;3;1;"Principal";-1;1015;"E.P.G. ELIZABETH PICANCO ESTEVES";1;"Convencional";"AV. DAS NAÇÕES, 678";"HOSPITALIDADE";"68925000";"3283 2827";"-,0466519";"-51,172363";1;"ATIVO";-1;"ATIVO";1;"ATIVO";1;"Ativo";"0";"Sem acessibilidade";370;368;368;0;1015;"E.P.G. ELIZABETH PICANCO ESTEVES";"AV. DAS NAÇÕES, 678"
"05/10/2026";"06:29:34";2026;"04/10/2026";"1º Turno";1;"AP";"06050";"MACAPÁ";2;660;1;"Principal";-1;1899;"UNIVERSIDADE FEDERAL DO AMAPA - UNIFAP";1;"Convencional";"ROD. JOSMAR CHAVES PINTO, KM 02   JARDIM MARCO ZERO";"UNIVERSIDADE";"68903419";"+5596981159919";"-,0065359";"-51,0845096";1;"ATIVO";-1;"ATIVO";1;"ATIVO";1;"Ativo";"0";"Sem acessibilidade";388;383;383;0;1899;"UNIVERSIDADE FEDERAL DO AMAPA - UNIFAP";"ROD. JOSMAR CHAVES PINTO, KM 02   JARDIM MARCO ZERO"
"05/10/2026";"06:29:34";2026;"04/10/2026";"1º Turno";1;"AP";"06050";"MACAPÁ";10;225;1;"Principal";-1;1490;"ESCOLA ESTADUAL JOSÉ OLIVEIRA COELHO";1;"Convencional";"VILA DE SÃO BENEDITO DO PACUÍ";"VILA DE SÃO BENEDITO DO PACUÍ";"68912500";"99113323";",8098034";"-50,6342633";1;"ATIVO";-1;"ATIVO";1;"ATIVO";1;"Ativo";"1";"Com acessibilidade";246;247;247;0;1490;"ESCOLA ESTADUAL JOSÉ OLIVEIRA COELHO";"VILA DE SÃO BENEDITO DO PACUÍ"
"05/10/2026";"06:29:34";2026;"04/10/2026";"1º Turno";1;"AP";"06092";"OIAPOQUE";4;15;1;"Principal";-1;1023;"ESCOLA DE PRIMEIRO GRAU JOAQUIM NABUCO";1;"Convencional";"RUA LELIO SILVA";"CENTRO";"68900000";"-1";"3,84401648";"-51,83412591";1;"ATIVO";-1;"ATIVO";1;"ATIVO";1;"Ativo";"0";"Sem acessibilidade";293;291;291;0;1023;"ESCOLA DE PRIMEIRO GRAU JOAQUIM NABUCO";"RUA LELIO SILVA"
"05/10/2026";"06:29:34";2026;"04/10/2026";"1º Turno";1;"AP";"06050";"MACAPÁ";10;428;1;"Principal";-1;1120;"ESCOLA ESTADUAL JOÃO MACIEL AMANAJÁS";1;"Convencional";"RIO IPIXUNA SN";"POVOADO DE IPIXUNA";"68900000";"-1";",2458013";"-50,7538686";1;"ATIVO";-1;"ATIVO";1;"ATIVO";1;"Ativo";"0";"Sem acessibilidade";225;225;225;0;1120;"ESCOLA ESTADUAL JOÃO MACIEL AMANAJÁS";"RIO IPIXUNA SN"
"05/10/2026";"06:29:34";2026;"04/10/2026";"1º Turno";1;"AP";"06092";"OIAPOQUE";4;62;1;"Principal";-1;1180;"ESCOLA MUNICIPAL PROFESSOR RUI MARQUES LOBO";1;"Convencional";"AVENIDA BARÃO DO RIO BRANCO, 960";"PLANALTO";"68980000";"-1";"3,83855395";"-51,83210956";1;"ATIVO";-1;"ATIVO";1;"ATIVO";1;"Ativo";"0";"Sem acessibilidade";278;274;274;0;1180;"ESCOLA MUNICIPAL PROFESSOR RUI MARQUES LOBO";"AVENIDA BARÃO DO RIO BRANCO, 960"
"05/10/2026";"06:29:34";2026;"04/10/2026";"1º Turno";1;"AP";"06050";"MACAPÁ";2;115;1;"Principal";-1;2356;"ESCOLA ESTADUAL GONÇALVES DIAS";1;"Convencional";"RUA SANTOS DUMONT     BURITIZAL      N° 121";"BURITIZAL";"68902880";"+5596991451429";",0203216";"-51,073305";1;"ATIVO";-1;"ATIVO";1;"ATIVO";1;"Ativo";"0";"Sem acessibilidade";313;308;308;0;2356;"ESCOLA ESTADUAL GONÇALVES DIAS";"RUA SANTOS DUMONT     BURITIZAL      N° 121"
"05/10/2026";"06:29:34";2026;"04/10/2026";"1º Turno";1;"AP";"06068";"CUTIAS";10;462;1;"Principal";-1;1031;"ESCOLA MUNICIPAL ALICE NASCIMENTO PIMENTEL";1;"Convencional";"RUA MANOEL RAIMUNDO PEREIRA, S/N, CENTRO CUTIAS";"CENTRO";"68973000";"-1";",9689829";"-50,7988391";1;"ATIVO";-1;"ATIVO";1;"ATIVO";1;"Ativo";"0";"Sem acessibilidade";282;282;282;0;1031;"ESCOLA MUNICIPAL ALICE NASCIMENTO PIMENTEL";"RUA MANOEL RAIMUNDO PEREIRA, S/N, CENTRO CUTIAS"
"05/10/2026";"06:29:34";2026;"04/10/2026";"1º Turno";1;"AP";"06050";"MACAPÁ";14;60;1;"Principal";-1;1104;"EEEF ARACARY CORREA ALVES";1;"Convencional";"RUA RIO JAVARI, N 23";"PERPETUO SOCORRO";"68900000";"-1";",0439533";"-51,0487376";1;"ATIVO";-1;"ATIVO";1;"ATIVO";1;"Ativo";"0";"Sem acessibilidade";335;335;335;0;1104;"EEEF ARACARY CORREA ALVES";"RUA RIO JAVARI, N 23"
"05/10/2026";"06:29:34";2026;"04/10/2026";"1º Turno";1;"AP";"06050";"MACAPÁ";10;101;1;"Principal";-1;1279;"ESCOLA ESTADUAL MARIA DO CARMO VIANA DOS ANJOS";1;"Convencional";"RUA FRANCISCO ALVES CORRÊA, 30, JARDIM FELICIDADE II";"JARDIM FELICIDADE II";"68900000";"991296548";",0968478";"-51,056575";1;"ATIVO";-1;"ATIVO";1;"ATIVO";1;"Ativo";"0";"Sem acessibilidade";354;352;352;0;1279;"ESCOLA ESTADUAL MARIA DO CARMO VIANA DOS ANJOS";"RUA FRANCISCO ALVES CORRÊA, 30, JARDIM FELICIDADE II"
"05/10/2026";"06:29:34";2026;"04/10/2026";"1º Turno";1;"AP";"06050";"MACAPÁ";10;391;1;"Principal";-1;1074;"ESCOLA ESTADUAL PROFESSORA RUTH DE ALMEIDA BEZERRA";1;"Convencional";"RUA ADILSON JOSÉ PINTO PEREIRA 109";"SAO LAZARO";"68908571";"991283485";",0670284";"-51,057224";1;"ATIVO";-1;"ATIVO";1;"ATIVO";1;"Ativo";"1";"Com acessibilidade";352;352;352;0;1074;"ESCOLA ESTADUAL PROFESSORA RUTH DE ALMEIDA BEZERRA";"RUA ADILSON JOSÉ PINTO PEREIRA 109"
"05/10/2026";"06:29:34";2026;"04/10/2026";"1º Turno";1;"AP";"06050";"MACAPÁ";2;598;1;"Principal";-1;1848;"ESCOLA ESTADUAL PROFº ANTONIO CASTRO MONTEIRO";1;"Convencional";"AV. DOM JOSE MARITANO         700";"ZERAO";"68900000";"+5596984136039";"-,0018708";"-51,097023";1;"ATIVO";-1;"ATIVO";1;"ATIVO";1;"Ativo";"0";"Sem acessibilidade";336;335;335;0;1848;"ESCOLA ESTADUAL PROFº ANTONIO CASTRO MONTEIRO";"AV. DOM JOSE MARITANO         700"
"05/10/2026";"06:29:34";2026;"04/10/2026";"1º Turno";1;"AP";"06050";"MACAPÁ";2;886;1;"Principal";-1;2682;"ESCOLA ESTADUAL SANTA INÊS";1;"Convencional";"RUA BEIRA RIO                         SANTA INES";"SANTA INES";"68900000";"+5596991537535";",0259971";"-51,0541281";1;"ATIVO";-1;"ATIVO";1;"ATIVO";1;"Ativo";"0";"Sem acessibilidade";309;307;307;0;2682;"ESCOLA ESTADUAL SANTA INÊS";"RUA BEIRA RIO                         SANTA INES"
"05/10/2026";"06:29:34";2026;"04/10/2026";"1º Turno";1;"AP";"06050";"MACAPÁ";2;652;1;"Principal";-1;1848;"ESCOLA ESTADUAL PROFº ANTONIO CASTRO MONTEIRO";1;"Convencional";"AV. DOM JOSE MARITANO         700";"ZERAO";"68900000";"+5596984136039";"-,0018708";"-51,097023";1;"ATIVO";-1;"ATIVO";1;"ATIVO";1;"Ativo";"0";"Sem acessibilidade";340;338;338;0;1848;"ESCOLA ESTADUAL PROFº ANTONIO CASTRO MONTEIRO";"AV. DOM JOSE MARITANO         700"
"05/10/2026";"06:29:34";2026;"04/10/2026";"1º Turno";1;"AP";"06084";"PEDRA BRANCA DO AMAPARI";11;5;1;"Principal";-1;1015;"ESCOLA ESTADUAL MARIA HELENA CORDEIRO";1;"Convencional";"RUA DA PAZ, 527 - CENTRAL - PEDRA BRANCA DO AMAPARI";"CENTRO";"68945000";"-1";"-1";"-1";1;"ATIVO";-1;"ATIVO";1;"ATIVO";1;"Ativo";"1";"Com acessibilidade";339;335;335;0;1015;"ESCOLA ESTADUAL MARIA HELENA CORDEIRO";"RUA DA PAZ, 527 - CENTRAL - PEDRA BRANCA DO AMAPARI"
"05/10/2026";"06:29:34";2026;"04/10/2026";"1º Turno";1;"AP";"06050";"MACAPÁ";10;435;1;"Principal";-1;1724;"ESCOLA ESTADUAL PROFESSOR ANTONIO MUNHOZ LOPES";1;"Convencional";"CONJUNTO HABITACIONAL MACAPABA";"MACAPABA";"68900000";"-1";",086194";"-51,0949749";1;"ATIVO";-1;"ATIVO";1;"ATIVO";1;"Ativo";"0";"Sem acessibilidade";389;388;388;0;1724;"ESCOLA ESTADUAL PROFESSOR ANTONIO MUNHOZ LOPES";"CONJUNTO HABITACIONAL MACAPABA"
"05/10/2026";"06:29:34";2026;"04/10/2026";"1º Turno";1;"AP";"06050";"MACAPÁ";2;934;1;"Principal";-1;2739;"ESCOLA ESTADUAL COELHO NETO";1;"Convencional";"AV CLODOVIO COELHO                   124";"BURITIZAL";"68905160";"+5596991197151";",0245373";"-51,0765101";1;"ATIVO";-1;"ATIVO";1;"ATIVO";1;"Ativo";"1";"Com acessibilidade";226;224;224;0;2739;"ESCOLA ESTADUAL COELHO NETO";"AV CLODOVIO COELHO                   124"
"05/10/2026";"06:29:34";2026;"04/10/2026";"1º Turno";1;"AP";"06050";"MACAPÁ";14;97;1;"Principal";-1;1147;"EEEF MARIO DAVID ANDREAZZA";1;"Convencional";"RAIMUNDO RAMOS DOS PASSOS 495";"PERPETUO SOCORRO";"68900000";"32125271";",0483913";"-51,0467397";1;"ATIVO";-1;"ATIVO";1;"ATIVO";1;"Ativo";"0";"Sem acessibilidade";393;393;393;0;1147;"EEEF MARIO DAVID ANDREAZZA";"RAIMUNDO RAMOS DOS PASSOS 495"
"05/10/2026";"06:29:34";2026;"04/10/2026";"1º Turno";1;"AP";"06050";"MACAPÁ";10;328;1;"Principal";-1;1520;"ESCOLA ESTADUAL PROFESSOR ANTONIO FERREIRA DE LIMA NETO";1;"Convencional";"AV. FRANCISCO FELIPPE DE MIRANDA  NERY - 2336";"LOTEAMENTO BURITIS";"68908805";"+5596991423491";",0713059";"-51,0898494";1;"ATIVO";-1;"ATIVO";1;"ATIVO";1;"Ativo";"0";"Sem acessibilidade";391;391;391;0;1520;"ESCOLA ESTADUAL PROFESSOR ANTONIO FERREIRA DE LIMA NETO";"AV. FRANCISCO FELIPPE DE MIRANDA  NERY - 2336"
"05/10/2026";"06:29:34";2026;"04/10/2026";"1º Turno";1;"AP";"06050";"MACAPÁ";2;624;1;"Principal";-1;1163;"ESCOLA MUNICIPAL DE ENSINO FUNDAMENTAL RORAIMA";1;"Convencional";"RUA HILDEMAR MAIA ,   2549";"BURITIZAL";"68902870";"000000000";",0239286";"-51,0709472";1;"ATIVO";-1;"ATIVO";1;"ATIVO";1;"Ativo";"1";"Com acessibilidade";214;213;213;0;2224;"ESCOLA MUNICIPAL DE ENSINO FUNDAMENTAL EUNICE PICANÇO";"RUA CLAUDOMIRO DE MORAES - 3015"
"05/10/2026";"06:29:34";2026;"04/10/2026";"1º Turno";1;"AP";"06130";"LARANJAL DO JARI";7;36;1;"Principal";-1;1058;"ESCOLA ESTADUAL PROF. MARIA DE NAZARÉ RODRIGUES DA SILVA";1;"Convencional";"RUA CULTURA, N 277";"AGRESTE";"68920000";"991894068";"-,8443316";"-52,5159137";1;"ATIVO";-1;"ATIVO";1;"ATIVO";1;"Ativo";"0";"Sem acessibilidade";269;267;267;0;1058;"ESCOLA ESTADUAL PROF. MARIA DE NAZARÉ RODRIGUES DA SILVA";"RUA CULTURA, N 277"
"05/10/2026";"06:29:34";2026;"04/10/2026";"1º Turno";1;"AP";"06050";"MACAPÁ";14;406;1;"Principal";-1;1635;"ESCOLA MUNICIPAL DE ENSINO FUNDMENTAL ROSA DE SHARON";1;"Convencional";"ILHA DO BRIGUE - MACEDONIA                     SN";"DISTRITO DE BAILIQUE";"68900000";"-1";",877587";"-50,048224";1;"ATIVO";-1;"ATIVO";1;"ATIVO";1;"Ativo";"0";"Sem acessibilidade";207;209;209;0;1635;"ESCOLA MUNICIPAL DE ENSINO FUNDMENTAL ROSA DE SHARON";"ILHA DO BRIGUE - MACEDONIA                     SN"
"05/10/2026";"06:29:34";2026;"04/10/2026";"1º Turno";1;"AP";"06050";"MACAPÁ";2;840;1;"Principal";-1;2640;"CENTRO DE EDUCAÇÃO DO AMAPÁ - CEPA";1;"Convencional";"AV. MARIA QUITÉRIA,   316";"BURITIZAL";"68901305";"+5596991709091";",0284521";"-51,0756596";1;"ATIVO";-1;"ATIVO";1;"ATIVO";1;"Ativo";"1";"Com acessibilidade";347;345;345;0;2640;"CENTRO DE EDUCAÇÃO DO AMAPÁ - CEPA";"AV. MARIA QUITÉRIA,   316"
"05/10/2026";"06:29:34";2026;"04/10/2026";"1º Turno";1;"AP";"06050";"MACAPÁ";10;350;1;"Principal";-1;1635;"ESCOLA ESTADUAL NOSSA SENHORA DE NAZARÉ";1;"Convencional";"AV. AMAZONAS, N 432";"AMAZONAS";"68909695";"96981155986";",0904541";"-51,1174797";1;"ATIVO";-1;"ATIVO";1;"ATIVO";1;"Ativo";"1";"Com acessibilidade";356;357;357;0;1635;"ESCOLA ESTADUAL NOSSA SENHORA DE NAZARÉ";"AV. AMAZONAS, N 432"
"05/10/2026";"06:29:34";2026;"04/10/2026";"1º Turno";1;"AP";"06092";"OIAPOQUE";4;93;1;"Principal";-1;1139;"EMEF PROFª ONÉDIA PAIS BENTES - ANEXO DA BR";1;"Convencional";"AVENIDA ESTEVAO HENRIQUE, 180 - FM";"INFRAEREO";"68980000";"-1";"3,83723251";"-51,81382603";1;"ATIVO";-1;"ATIVO";1;"ATIVO";1;"Ativo";"0";"Sem acessibilidade";239;238;238;0;1139;"EMEF PROFª ONÉDIA PAIS BENTES - ANEXO DA BR";"AVENIDA ESTEVAO HENRIQUE, 180 - FM"
"05/10/2026";"06:29:34";2026;"04/10/2026";"1º Turno";1;"AP";"06157";"SANTANA";6;63;1;"Principal";-1;1112;"E.E. ALMIRANTE BARROSO";1;"Convencional";"AV. 7 DE SETEMBRO, 533";"COMERCIAL";"68925108";"3281 3018";"-,04850279";"-51,17737876";1;"ATIVO";-1;"ATIVO";1;"ATIVO";1;"Ativo";"0";"Sem acessibilidade";302;302;302;0;1112;"E.E. ALMIRANTE BARROSO";"AV. 7 DE SETEMBRO, 533"
"05/10/2026";"06:29:34";2026;"04/10/2026";"1º Turno";1;"AP";"06050";"MACAPÁ";14;386;2;"Agregada";384;1554;"ESCOLA ESTADUAL BENTO TOLOSA DE SANTANA";1;"Convencional";"FOZ DO GURIJUBA";"DISTRITO DE BAILIQUE";"68900000";"-1";",8725232";"-50,2855911";1;"ATIVO";-1;"ATIVO";1;"ATIVO";1;"Ativo";"0";"Sem acessibilidade";103;0;0;0;1554;"ESCOLA ESTADUAL BENTO TOLOSA DE SANTANA";"FOZ DO GURIJUBA"
"05/10/2026";"06:29:34";2026;"04/10/2026";"1º Turno";1;"AP";"06076";"MAZAGÃO";5;131;2;"Agregada";83;1210;"ESCOLA ESTADUAL EVILÁSIO PEDRO DE LIMA FERREIRA";1;"Convencional";"RODOVIA MACAPA JARI BR 156 KM 132, S/N";"DISTRITO DE MARACA";"68930000";"-1";"-,17971223";"-51,73465291";1;"ATIVO";-1;"ATIVO";1;"ATIVO";1;"Ativo";"0";"Sem acessibilidade";56;0;0;0;1210;"ESCOLA ESTADUAL EVILÁSIO PEDRO DE LIMA FERREIRA";"RODOVIA MACAPA JARI BR 156 KM 132, S/N"
"05/10/2026";"06:29:34";2026;"04/10/2026";"1º Turno";1;"AP";"06130";"LARANJAL DO JARI";7;118;1;"Principal";-1;1040;"ESCOLA ESTADUAL SONIA HENRIQUES BARRETO";1;"Convencional";"AVENIDA TANCREDO NEVES, N. 1174";"CENTRO";"68920000";"36211459";"-,8538408";"-52,5388352";1;"ATIVO";-1;"ATIVO";1;"ATIVO";1;"Ativo";"0";"Sem acessibilidade";269;269;269;0;1040;"ESCOLA ESTADUAL SONIA HENRIQUES BARRETO";"AVENIDA TANCREDO NEVES, N. 1174"
"05/10/2026";"06:29:34";2026;"04/10/2026";"1º Turno";1;"AP";"06157";"SANTANA";6;183;1;"Principal";-1;1163;"E.E. AFONSO ARINOS";1;"Convencional";"AV. AMAPA, 825";"ÁREA PORTUARIA";"68925055";"3283 1639";"-,05528917";"-51,17832245";1;"ATIVO";-1;"ATIVO";1;"ATIVO";1;"Ativo";"0";"Sem acessibilidade";345;345;345;0;1163;"E.E. AFONSO ARINOS";"AV. AMAPA, 825"
"05/10/2026";"06:29:34";2026;"04/10/2026";"1º Turno";1;"AP";"06050";"MACAPÁ";14;35;1;"Principal";-1;1074;"E.E JOSE DE ALENCAR";1;"Convencional";"RUA CANDIDO MENDES 269";"CENTRO";"68900000";"32125216";",0436565";"-51,049995";1;"ATIVO";-1;"ATIVO";1;"ATIVO";1;"Ativo";"0";"Sem acessibilidade";326;326;326;0;1074;"E.E JOSE DE ALENCAR";"RUA CANDIDO MENDES 269"
"05/10/2026";"06:29:34";2026;"04/10/2026";"1º Turno";1;"AP";"06076";"MAZAGÃO";5;87;1;"Principal";-1;1228;"ESCOLA ESTADUAL DOM PEDRO I";1;"Convencional";"AV INTENDENTE ALFREDO PINTO, 1205";"CENTRO";"68930000";"-1";"-,11608132";"-51,28560926";1;"ATIVO";-1;"ATIVO";1;"ATIVO";1;"Ativo";"0";"Sem acessibilidade";232;232;232;0;1228;"ESCOLA ESTADUAL DOM PEDRO I";"AV INTENDENTE ALFREDO PINTO, 1205"
"05/10/2026";"06:29:34";2026;"04/10/2026";"1º Turno";1;"AP";"06050";"MACAPÁ";2;113;1;"Principal";-1;2356;"ESCOLA ESTADUAL GONÇALVES DIAS";1;"Convencional";"RUA SANTOS DUMONT     BURITIZAL      N° 121";"BURITIZAL";"68902880";"+5596991451429";",0203216";"-51,073305";1;"ATIVO";-1;"ATIVO";1;"ATIVO";1;"Ativo";"1";"Com acessibilidade";310;310;310;0;2356;"ESCOLA ESTADUAL GONÇALVES DIAS";"RUA SANTOS DUMONT     BURITIZAL      N° 121"
"05/10/2026";"06:29:34";2026;"04/10/2026";"1º Turno";1;"AP";"06050";"MACAPÁ";14;53;1;"Principal";-1;1090;"E.M.E.I.  MUNDO DA CRIANÇA";1;"Convencional";"AV. PARAIBA - 201";"PACOVAL";"68908280";"991223819";",057793";"-51,0545661";1;"ATIVO";-1;"ATIVO";1;"ATIVO";1;"Ativo";"0";"Sem acessibilidade";314;316;316;0;1090;"E.M.E.I.  MUNDO DA CRIANÇA";"AV. PARAIBA - 201"
"05/10/2026";"06:29:34";2026;"04/10/2026";"1º Turno";1;"AP";"06050";"MACAPÁ";2;885;1;"Principal";-1;2682;"ESCOLA ESTADUAL SANTA INÊS";1;"Convencional";"RUA BEIRA RIO                         SANTA INES";"SANTA INES";"68900000";"+5596991537535";",0259971";"-51,0541281";1;"ATIVO";-1;"ATIVO";1;"ATIVO";1;"Ativo";"0";"Sem acessibilidade";313;314;314;0;2682;"ESCOLA ESTADUAL SANTA INÊS";"RUA BEIRA RIO                         SANTA INES"
"05/10/2026";"06:29:34";2026;"04/10/2026";"1º Turno";1;"AP";"06050";"MACAPÁ";14;305;1;"Principal";-1;1422;"ESCOLA ESTADUAL SÃO JOSÉ - COMPLEXO  PENITENCIARIO - IAPEN";3;"Preso provisório";"RODOVIA DUCA SERRA - SN - KM 7";"CABRALZINHO";"68900000";"3261 2720";",03423023";"-51,11840363";1;"ATIVO";-1;"ATIVO";1;"ATIVO";1;"Ativo";"1";"Com acessibilidade";0;24;22;0;1422;"ESCOLA ESTADUAL SÃO JOSÉ - COMPLEXO  PENITENCIARIO - IAPEN";"RODOVIA DUCA SERRA - SN - KM 7"
"05/10/2026";"06:29:34";2026;"04/10/2026";"1º Turno";1;"AP";"06050";"MACAPÁ";2;568;1;"Principal";-1;1171;"ESCOLA ESTADUAL PROFª SEBASTIANA LENIR DE ALMEIDA";1;"Convencional";"AV DIOGENES SILVA         123        BURITIZAL";"BURITIZAL";"68902891";"+5596991579520";",0258939";"-51,0728225";1;"ATIVO";-1;"ATIVO";1;"ATIVO";1;"Ativo";"0";"Sem acessibilidade";288;286;286;0;1171;"ESCOLA ESTADUAL PROFª SEBASTIANA LENIR DE ALMEIDA";"AV DIOGENES SILVA         123        BURITIZAL"
"05/10/2026";"06:29:34";2026;"04/10/2026";"1º Turno";1;"AP";"06068";"CUTIAS";10;393;1;"Principal";-1;1023;"ESCOLA ESTADUAL PROFESSOR JOSÉ RIBEIRO PONTES";1;"Convencional";"RUA RIO GURUPORA, 1085";"GURUPORA";"68973000";"96988094587";",8982717";"-50,7827037";1;"ATIVO";-1;"ATIVO";1;"ATIVO";1;"Ativo";"1";"Com acessibilidade";273;274;274;0;1023;"ESCOLA ESTADUAL PROFESSOR JOSÉ RIBEIRO PONTES";"RUA RIO GURUPORA, 1085"
"05/10/2026";"06:29:34";2026;"04/10/2026";"1º Turno";1;"AP";"06092";"OIAPOQUE";4;75;1;"Principal";-1;1163;"ESCOLA INDÍGENA ESTADUAL JOÃO TEODORO FORTES";1;"Convencional";"ALDEIA ESPÍRITO SANTO - MARGEM DO RIO KURIPI";"ALDEIA ESPIRITO SANTO";"68980000";"-1";"-1";"-1";1;"ATIVO";-1;"ATIVO";1;"ATIVO";1;"Ativo";"0";"Sem acessibilidade";246;246;246;0;1163;"ESCOLA INDÍGENA ESTADUAL JOÃO TEODORO FORTES";"ALDEIA ESPÍRITO SANTO - MARGEM DO RIO KURIPI"
"05/10/2026";"06:29:34";2026;"04/10/2026";"1º Turno";1;"AP";"06157";"SANTANA";6;260;1;"Principal";-1;1210;"E.E. IGARAPE DA FORTALEZA";1;"Convencional";"RUA RIO MATAPI, 121";"IGARAPÉ DA FORTALEZA";"68925000";"3283 2250";"-,0473052";"-51,1450026";1;"ATIVO";-1;"ATIVO";1;"ATIVO";1;"Ativo";"0";"Sem acessibilidade";378;378;378;0;1210;"E.E. IGARAPE DA FORTALEZA";"RUA RIO MATAPI, 121"
"05/10/2026";"06:29:34";2026;"04/10/2026";"1º Turno";1;"AP";"06130";"LARANJAL DO JARI";7;107;2;"Agregada";104;1201;"ESCOLA ESTADUAL EMÍLIO MÉDICE";1;"Convencional";"PASSARELA BEIRA RIO, S/N";"MALVINAS";"68920000";"-1";"-,8494062";"-52,5418404";1;"ATIVO";-1;"ATIVO";1;"ATIVO";1;"Ativo";"0";"Sem acessibilidade";189;0;0;0;1201;"ESCOLA ESTADUAL EMÍLIO MÉDICE";"PASSARELA BEIRA RIO, S/N"
"05/10/2026";"06:29:34";2026;"04/10/2026";"1º Turno";1;"AP";"06050";"MACAPÁ";14;22;1;"Principal";-1;1058;"E. E. PROFª DEUZUITE CAVALCANTE";1;"Convencional";"AV. JOSÉ TUPINAMBÁ, 556, PERPÉTUO SOCORRO";"PERPETUO SOCORRO";"68900000";"991416677";",0457954";"-51,0448561";1;"ATIVO";-1;"ATIVO";1;"ATIVO";1;"Ativo";"0";"Sem acessibilidade";389;389;389;0;1058;"E. E. PROFª DEUZUITE CAVALCANTE";"AV. JOSÉ TUPINAMBÁ, 556, PERPÉTUO SOCORRO"
"05/10/2026";"06:29:34";2026;"04/10/2026";"1º Turno";1;"AP";"06050";"MACAPÁ";14;152;1;"Principal";-1;1210;"EPG PROF DEUSOLINA SALES FARIAS";1;"Convencional";"RUA GOIAS, 107";"PACOVAL";"68908340";"981331502";",0554256";"-51,0582209";1;"ATIVO";-1;"ATIVO";1;"ATIVO";1;"Ativo";"0";"Sem acessibilidade";333;333;333;0;1210;"EPG PROF DEUSOLINA SALES FARIAS";"RUA GOIAS, 107"
"05/10/2026";"06:29:34";2026;"04/10/2026";"1º Turno";1;"AP";"06050";"MACAPÁ";2;525;1;"Principal";-1;1147;"ESCOLA MUNICIPAL DE ENSINO FUNDAMENTAL AMAPA";1;"Convencional";"RUA JOVINO DINOA, 3188";"TREM";"68900030";"5596984032652";",0247643";"-51,0628301";1;"ATIVO";-1;"ATIVO";1;"ATIVO";1;"Ativo";"0";"Sem acessibilidade";278;276;276;0;1147;"ESCOLA MUNICIPAL DE ENSINO FUNDAMENTAL AMAPA";"RUA JOVINO DINOA, 3188"
"05/10/2026";"06:29:34";2026;"04/10/2026";"1º Turno";1;"AP";"06076";"MAZAGÃO";5;103;1;"Principal";-1;1252;"ESCOLA MUNICIPAL DOMINGOS VALENTE BARRETO";1;"Convencional";"RUA SANTA RITA, SN";"BOM JESUS";"68940000";"-1";"-,10687113";"-51,2867679";1;"ATIVO";-1;"ATIVO";1;"ATIVO";1;"Ativo";"0";"Sem acessibilidade";319;319;319;0;1252;"ESCOLA MUNICIPAL DOMINGOS VALENTE BARRETO";"RUA SANTA RITA, SN"
"05/10/2026";"06:29:34";2026;"04/10/2026";"1º Turno";1;"AP";"06050";"MACAPÁ";10;392;1;"Principal";-1;1660;"ESCOLA ESTADUAL DE TEMPO INTEGRAL PROFESSOR. DARCY RIBEIRO";1;"Convencional";"AV. JOSÉ FERREIRA CHUCRE, 2420";"NOVO HORIZONTE";"68909826";"-1";",0873907";"-51,0406523";1;"ATIVO";-1;"ATIVO";1;"ATIVO";1;"Ativo";"0";"Sem acessibilidade";369;368;368;0;1660;"ESCOLA ESTADUAL DE TEMPO INTEGRAL PROFESSOR. DARCY RIBEIRO";"AV. JOSÉ FERREIRA CHUCRE, 2420"
"05/10/2026";"06:29:34";2026;"04/10/2026";"1º Turno";1;"AP";"06050";"MACAPÁ";10;66;1;"Principal";-1;1074;"ESCOLA ESTADUAL PROFESSORA RUTH DE ALMEIDA BEZERRA";1;"Convencional";"RUA ADILSON JOSÉ PINTO PEREIRA 109";"SAO LAZARO";"68908571";"991283485";",0670284";"-51,057224";1;"ATIVO";-1;"ATIVO";1;"ATIVO";1;"Ativo";"0";"Sem acessibilidade";354;353;353;0;1074;"ESCOLA ESTADUAL PROFESSORA RUTH DE ALMEIDA BEZERRA";"RUA ADILSON JOSÉ PINTO PEREIRA 109"
"05/10/2026";"06:29:34";2026;"04/10/2026";"1º Turno";1;"AP";"06076";"MAZAGÃO";5;76;1;"Principal";-1;1317;"ESCOLA ESTADUAL PRESIDENTE TANCREDO NEVES";1;"Convencional";"COMUNIDADE DO RIO BANHA GRANDE";"COMUNIDADE DO RIO BANHA";"68940000";"-1";"-1";"-1";1;"ATIVO";-1;"ATIVO";1;"ATIVO";1;"Ativo";"0";"Sem acessibilidade";212;212;212;0;1317;"ESCOLA ESTADUAL PRESIDENTE TANCREDO NEVES";"COMUNIDADE DO RIO BANHA GRANDE"
"05/10/2026";"06:29:34";2026;"04/10/2026";"1º Turno";1;"AP";"06017";"AMAPÁ";1;21;1;"Principal";-1;1104;"ESCOLA ESTADUAL VIDAL DE NEGREIROS";1;"Convencional";"AV. DESIDERIO ANTONIO COELHO, 470, CENTRO";"SETE MANGUEIRAS";"68950000";"-1";"2,0471077";"-50,7919131";1;"ATIVO";-1;"ATIVO";1;"ATIVO";1;"Ativo";"0";"Sem acessibilidade";273;271;271;0;1104;"ESCOLA ESTADUAL VIDAL DE NEGREIROS";"AV. DESIDERIO ANTONIO COELHO, 470, CENTRO"
"05/10/2026";"06:29:34";2026;"04/10/2026";"1º Turno";1;"AP";"06050";"MACAPÁ";14;61;1;"Principal";-1;1104;"EEEF ARACARY CORREA ALVES";1;"Convencional";"RUA RIO JAVARI, N 23";"PERPETUO SOCORRO";"68900000";"-1";",0439533";"-51,0487376";1;"ATIVO";-1;"ATIVO";1;"ATIVO";1;"Ativo";"1";"Com acessibilidade";345;344;344;0;1104;"EEEF ARACARY CORREA ALVES";"RUA RIO JAVARI, N 23"
"05/10/2026";"06:29:34";2026;"04/10/2026";"1º Turno";1;"AP";"06050";"MACAPÁ";2;751;1;"Principal";-1;2330;"ESCOLA ESTADUAL NELITA ROCHA BRITO DIAS";1;"Convencional";"AV. NILO ALMEIDA, 01";"CONGOS";"68904396";"+5596991519421";",0096085";"-51,0919318";1;"ATIVO";-1;"ATIVO";1;"ATIVO";1;"Ativo";"1";"Com acessibilidade";273;274;274;0;2330;"ESCOLA ESTADUAL NELITA ROCHA BRITO DIAS";"AV. NILO ALMEIDA, 01"
"05/10/2026";"06:29:34";2026;"04/10/2026";"1º Turno";1;"AP";"06050";"MACAPÁ";2;843;1;"Principal";-1;2640;"CENTRO DE EDUCAÇÃO DO AMAPÁ - CEPA";1;"Convencional";"AV. MARIA QUITÉRIA,   316";"BURITIZAL";"68901305";"+5596991709091";",0284521";"-51,0756596";1;"ATIVO";-1;"ATIVO";1;"ATIVO";1;"Ativo";"0";"Sem acessibilidade";347;346;346;0;2640;"CENTRO DE EDUCAÇÃO DO AMAPÁ - CEPA";"AV. MARIA QUITÉRIA,   316"
"05/10/2026";"06:29:34";2026;"04/10/2026";"1º Turno";1;"AP";"06050";"MACAPÁ";2;488;1;"Principal";-1;2070;"ESCOLA ESTADUAL PROFª MARGARIDA ROCHA DA COSTA";1;"Convencional";"RODOVIA SALVADOR DINIZ, 1736";"IGARAPE DA FORTALEZA";"68911085";"+5596991658877";"-,0486964";"-51,1375111";1;"ATIVO";-1;"ATIVO";1;"ATIVO";1;"Ativo";"1";"Com acessibilidade";211;211;211;0;2070;"ESCOLA ESTADUAL PROFª MARGARIDA ROCHA DA COSTA";"RODOVIA SALVADOR DINIZ, 1736"
"05/10/2026";"06:29:34";2026;"04/10/2026";"1º Turno";1;"AP";"06050";"MACAPÁ";10;178;1;"Principal";-1;1392;"ESCOLA ESTADUAL RAIMUNDA DOS PASSOS SANTOS";1;"Convencional";"AV. LOURENCO ARAUJO DE SÁ, 2162, NOVO HORIZONTE";"NOVO HORIZONTE";"68909829";"991549564";",0956351";"-51,0497879";1;"ATIVO";-1;"ATIVO";1;"ATIVO";1;"Ativo";"0";"Sem acessibilidade";382;383;383;0;1392;"ESCOLA ESTADUAL RAIMUNDA DOS PASSOS SANTOS";"AV. LOURENCO ARAUJO DE SÁ, 2162, NOVO HORIZONTE"
"05/10/2026";"06:29:34";2026;"04/10/2026";"1º Turno";1;"AP";"06130";"LARANJAL DO JARI";7;29;1;"Principal";-1;1104;"ESCOLA MUNICIPAL TEREZINHA LIMA QUEIROGA DE SOUZA";1;"Convencional";"AVENIDA MAZAGÃO, N. 105";"CASTANHEIRA";"68920000";"96991438894";"-,8342031";"-52,5175861";1;"ATIVO";-1;"ATIVO";1;"ATIVO";1;"Ativo";"0";"Sem acessibilidade";371;370;370;0;1104;"ESCOLA MUNICIPAL TEREZINHA LIMA QUEIROGA DE SOUZA";"AVENIDA MAZAGÃO, N. 105"
"05/10/2026";"06:29:34";2026;"04/10/2026";"1º Turno";1;"AP";"06033";"CALÇOENE";1;61;1;"Principal";-1;1031;"ESCOLA ESTADUAL IVANILDO FORTE SILVA";1;"Convencional";"RUA DAS FLORES, S/N, CENTRO, DISTRITO DO CARNOT";"CARNOT";"68960000";"-1";"2,69450855";"-51,36141634";1;"ATIVO";-1;"ATIVO";1;"ATIVO";1;"Ativo";"0";"Sem acessibilidade";268;267;267;0;1031;"ESCOLA ESTADUAL IVANILDO FORTE SILVA";"RUA DAS FLORES, S/N, CENTRO, DISTRITO DO CARNOT"
"05/10/2026";"06:29:34";2026;"04/10/2026";"1º Turno";1;"AP";"06050";"MACAPÁ";14;223;1;"Principal";-1;1708;"ESCOLA ESTADUAL ANTONIO JOÃO";4;"Temporário";"RUA HILDEMAR MAIA, 674";"SANTA RITA";"68908119";"96991320828";"-1";"-1";1;"ATIVO";-1;"ATIVO";1;"ATIVO";1;"Ativo";"0";"Sem acessibilidade";293;291;291;0;1325;"ESCOLA ESTADUAL  JOSÉ DE ANCHIETA";"AV CORA DE CARVALHO, SN"
"05/10/2026";"06:29:34";2026;"04/10/2026";"1º Turno";1;"AP";"06050";"MACAPÁ";2;106;1;"Principal";-1;1171;"ESCOLA ESTADUAL PROFª SEBASTIANA LENIR DE ALMEIDA";1;"Convencional";"AV DIOGENES SILVA         123        BURITIZAL";"BURITIZAL";"68902891";"+5596991579520";",0258939";"-51,0728225";1;"ATIVO";-1;"ATIVO";1;"ATIVO";1;"Ativo";"0";"Sem acessibilidade";296;295;295;0;1171;"ESCOLA ESTADUAL PROFª SEBASTIANA LENIR DE ALMEIDA";"AV DIOGENES SILVA         123        BURITIZAL"
"05/10/2026";"06:29:34";2026;"04/10/2026";"1º Turno";1;"AP";"06050";"MACAPÁ";2;587;1;"Principal";-1;1155;"ESCOLA ESTADUAL PROFº ZOLITO DE JESUS NUNES";1;"Convencional";"RUA LEOPOLDO MACHADO                            160 - BEIROL";"BEIROL";"68902020";"+5596991150828";",0179869";"-51,0631282";1;"ATIVO";-1;"ATIVO";1;"ATIVO";1;"Ativo";"0";"Sem acessibilidade";365;364;364;0;1155;"ESCOLA ESTADUAL PROFº ZOLITO DE JESUS NUNES";"RUA LEOPOLDO MACHADO                            160 - BEIROL"
"05/10/2026";"06:29:34";2026;"04/10/2026";"1º Turno";1;"AP";"06050";"MACAPÁ";2;714;1;"Principal";-1;2216;"ESCOLA MUNICIPAL DE ENSINO FUNDAMENTAL PARAÍSO DAS ACÁCIAS";1;"Convencional";"RUA SANTOS DUMONT - 3800";"MUCA";"68900000";"32131223";",0112199";"-51,0742907";1;"ATIVO";-1;"ATIVO";1;"ATIVO";1;"Ativo";"0";"Sem acessibilidade";255;255;255;0;2216;"ESCOLA MUNICIPAL DE ENSINO FUNDAMENTAL PARAÍSO DAS ACÁCIAS";"RUA SANTOS DUMONT - 3800"
"05/10/2026";"06:29:34";2026;"04/10/2026";"1º Turno";1;"AP";"06157";"SANTANA";6;105;1;"Principal";-1;1457;"IFAP INSTITUTO FEDERAL DO AMAPA";1;"Convencional";"RODOVIA DUCA SERRA 1133";"FONTE NOVA";"68928084";"-1";"-,02058645";"-51,18061816";1;"ATIVO";-1;"ATIVO";1;"ATIVO";1;"Ativo";"0";"Sem acessibilidade";302;300;300;0;1457;"IFAP INSTITUTO FEDERAL DO AMAPA";"RODOVIA DUCA SERRA 1133"
"05/10/2026";"06:29:34";2026;"04/10/2026";"1º Turno";1;"AP";"06009";"PRACUÚBA";1;41;1;"Principal";-1;1279;"ESCOLA ESTADUAL ERNESTO COLARES";1;"Convencional";"AV SÃO PEDRO, 1158";"CENTRO";"68918000";"-1";"-1";"-1";1;"ATIVO";-1;"ATIVO";1;"ATIVO";1;"Ativo";"0";"Sem acessibilidade";303;303;303;0;1112;"ESCOLA MUNICIPAL AUGUSTO ROCHA DE OLIVEIRA";"AV. VILA SÃO PEDRO, S/N"
"05/10/2026";"06:29:34";2026;"04/10/2026";"1º Turno";1;"AP";"06076";"MAZAGÃO";5;98;1;"Principal";-1;1449;"ESCOLA MUNICIPAL TIA RAIMUNDA PUREZA";1;"Convencional";"RUA VEIGA CABRAL, S/N";"CENTRO";"68940000";"-1";"-1";"-1";1;"ATIVO";-1;"ATIVO";1;"ATIVO";1;"Ativo";"0";"Sem acessibilidade";224;223;223;0;1449;"ESCOLA MUNICIPAL TIA RAIMUNDA PUREZA";"RUA VEIGA CABRAL, S/N"
"05/10/2026";"06:29:34";2026;"04/10/2026";"1º Turno";1;"AP";"06157";"SANTANA";6;268;1;"Principal";-1;1155;"E.E. PROF. FRANCISCO WALCY LOBATO LIMA";1;"Convencional";"AV. MARIA COLARES, 1940";"NOVA BRASÍLIA I";"68927299";"3283 2601";"-,0365765";"-51,1660317";1;"ATIVO";-1;"ATIVO";1;"ATIVO";1;"Ativo";"1";"Com acessibilidade";305;302;302;0;1155;"E.E. PROF. FRANCISCO WALCY LOBATO LIMA";"AV. MARIA COLARES, 1940"
"05/10/2026";"06:29:34";2026;"04/10/2026";"1º Turno";1;"AP";"06050";"MACAPÁ";10;224;2;"Agregada";221;1481;"ESCOLA ESTADUAL BERNADINO SILVA";1;"Convencional";"RUA PONTA GROSSA, 200";"VILA DE PONTA GROSSA DO PIRIRIM";"68912500";"999011516";",7173167";"-50,7957283";1;"ATIVO";-1;"ATIVO";1;"ATIVO";1;"Ativo";"0";"Sem acessibilidade";132;0;0;0;1481;"ESCOLA ESTADUAL BERNADINO SILVA";"RUA PONTA GROSSA, 200"
"05/10/2026";"06:29:34";2026;"04/10/2026";"1º Turno";1;"AP";"06130";"LARANJAL DO JARI";7;88;2;"Agregada";12;1163;"ESCOLA MUNICIPAL JOÃO QUEIROGA DE SOUZA";1;"Convencional";"RUA DA USINA, N. 1118";"MALVINAS";"68920000";"36211913";"-,853397";"-52,5389456";1;"ATIVO";-1;"ATIVO";1;"ATIVO";1;"Ativo";"0";"Sem acessibilidade";167;0;0;0;1163;"ESCOLA MUNICIPAL JOÃO QUEIROGA DE SOUZA";"RUA DA USINA, N. 1118"
"05/10/2026";"06:29:34";2026;"04/10/2026";"1º Turno";1;"AP";"06025";"PORTO GRANDE";12;33;1;"Principal";-1;1120;"ESCOLA MUNICIPAL ADÃO FERREIRA";1;"Convencional";"RUA JOSE DE ARAUJO N. 1712";"AEROPORTO";"68997000";"-1";",7007033";"-51,39604331";1;"ATIVO";-1;"ATIVO";1;"ATIVO";1;"Ativo";"1";"Com acessibilidade";371;378;378;0;1120;"ESCOLA MUNICIPAL ADÃO FERREIRA";"RUA JOSE DE ARAUJO N. 1712"
"05/10/2026";"06:29:34";2026;"04/10/2026";"1º Turno";1;"AP";"06050";"MACAPÁ";14;86;1;"Principal";-1;1139;"EEEF MARIA IVONE DE MENEZES";1;"Convencional";"RUA ANTONIO PELAES DE SOUZA 1320";"PERPETUO SOCORRO";"68900000";"-1";",0526608";"-51,0423583";5;"BLOQUEADO";-1;"ATIVO";1;"ATIVO";1;"Ativo";"1";"Com acessibilidade";384;380;380;0;1139;"EEEF MARIA IVONE DE MENEZES";"RUA ANTONIO PELAES DE SOUZA 1320"
"05/10/2026";"06:29:34";2026;"04/10/2026";"1º Turno";1;"AP";"06050";"MACAPÁ";2;921;1;"Principal";-1;2720;"ESCOLA ESTADUAL DR.ALEXANDRE VAZ TAVARES";1;"Convencional";"AV FELICIANO COELHO                                SN";"TREM";"68900000";"+5596984097424";",0294743";"-51,0595886";1;"ATIVO";-1;"ATIVO";1;"ATIVO";1;"Ativo";"0";"Sem acessibilidade";327;324;324;0;2720;"ESCOLA ESTADUAL DR.ALEXANDRE VAZ TAVARES";"AV FELICIANO COELHO                                SN"
"05/10/2026";"06:29:34";2026;"04/10/2026";"1º Turno";1;"AP";"06050";"MACAPÁ";2;962;1;"Principal";-1;2151;"ESCOLA ESTADUAL RAIMUNDA VIRGOLINO";1;"Convencional";"RUA VILA DOS OLIVEIRAS, 837";"PEDRINHAS";"68903095";"32125268";",00756662";"-51,06437555";1;"ATIVO";-1;"ATIVO";1;"ATIVO";1;"Ativo";"0";"Sem acessibilidade";318;320;320;0;2151;"ESCOLA ESTADUAL RAIMUNDA VIRGOLINO";"RUA VILA DOS OLIVEIRAS, 837"
"05/10/2026";"06:29:34";2026;"04/10/2026";"1º Turno";1;"AP";"06050";"MACAPÁ";2;468;1;"Principal";-1;2437;"ESCOLA MUNICIPAL DE ENSINO FUNDAMENTAL PROFª ANA MARIA DA SILVA RAMOS";1;"Convencional";"AVENIDA INSPETOR AIMORÉ, 480";"ZERAO";"68903290";"+5596988084877";",0013465";"-51,0879621";1;"ATIVO";-1;"ATIVO";1;"ATIVO";1;"Ativo";"1";"Com acessibilidade";256;256;256;0;2437;"ESCOLA MUNICIPAL DE ENSINO FUNDAMENTAL PROFª ANA MARIA DA SILVA RAMOS";"AVENIDA INSPETOR AIMORÉ, 480"
"05/10/2026";"06:29:34";2026;"04/10/2026";"1º Turno";1;"AP";"06157";"SANTANA";6;212;1;"Principal";-1;1368;"ESCOLA ESTADUAL DENISE DE MELO VASCONCELOS";1;"Convencional";"TRAVESSA 24, 145";"PROVEDOR II";"68925000";"-1";"-,044795";"-51,152917";1;"ATIVO";-1;"ATIVO";1;"ATIVO";1;"Ativo";"1";"Com acessibilidade";266;265;265;0;1368;"ESCOLA ESTADUAL DENISE DE MELO VASCONCELOS";"TRAVESSA 24, 145"
"05/10/2026";"06:29:34";2026;"04/10/2026";"1º Turno";1;"AP";"06050";"MACAPÁ";2;608;1;"Principal";-1;2437;"ESCOLA MUNICIPAL DE ENSINO FUNDAMENTAL PROFª ANA MARIA DA SILVA RAMOS";1;"Convencional";"AVENIDA INSPETOR AIMORÉ, 480";"ZERAO";"68903290";"+5596988084877";",0013465";"-51,0879621";1;"ATIVO";-1;"ATIVO";1;"ATIVO";1;"Ativo";"1";"Com acessibilidade";256;256;256;0;2437;"ESCOLA MUNICIPAL DE ENSINO FUNDAMENTAL PROFª ANA MARIA DA SILVA RAMOS";"AVENIDA INSPETOR AIMORÉ, 480"
"05/10/2026";"06:29:34";2026;"04/10/2026";"1º Turno";1;"AP";"06050";"MACAPÁ";2;841;1;"Principal";-1;2640;"CENTRO DE EDUCAÇÃO DO AMAPÁ - CEPA";1;"Convencional";"AV. MARIA QUITÉRIA,   316";"BURITIZAL";"68901305";"+5596991709091";",0284521";"-51,0756596";1;"ATIVO";-1;"ATIVO";1;"ATIVO";1;"Ativo";"0";"Sem acessibilidade";347;338;338;0;2640;"CENTRO DE EDUCAÇÃO DO AMAPÁ - CEPA";"AV. MARIA QUITÉRIA,   316"
"05/10/2026";"06:29:34";2026;"04/10/2026";"1º Turno";1;"AP";"06092";"OIAPOQUE";4;83;1;"Principal";-1;1201;"IFAP - INSTITUTO FEDERAL DO AMAPÁ";1;"Convencional";"RUA JOAQUIM CAETANO DA SILVA";"CENTRO";"68980000";"+559635211386";"-1";"-1";1;"ATIVO";-1;"ATIVO";1;"ATIVO";1;"Ativo";"0";"Sem acessibilidade";226;226;226;0;1201;"IFAP - INSTITUTO FEDERAL DO AMAPÁ";"RUA JOAQUIM CAETANO DA SILVA"
"05/10/2026";"06:29:34";2026;"04/10/2026";"1º Turno";1;"AP";"06050";"MACAPÁ";2;406;1;"Principal";-1;1848;"ESCOLA ESTADUAL PROFº ANTONIO CASTRO MONTEIRO";1;"Convencional";"AV. DOM JOSE MARITANO         700";"ZERAO";"68900000";"+5596984136039";"-,0018708";"-51,097023";1;"ATIVO";-1;"ATIVO";1;"ATIVO";1;"Ativo";"0";"Sem acessibilidade";343;341;341;0;1848;"ESCOLA ESTADUAL PROFº ANTONIO CASTRO MONTEIRO";"AV. DOM JOSE MARITANO         700"
"05/10/2026";"06:29:34";2026;"04/10/2026";"1º Turno";1;"AP";"06050";"MACAPÁ";2;897;1;"Principal";-1;2690;"ESCOLA MUNICIPAL DE ENSINO FUNDAMENTAL HILDEMAR MAIA";1;"Convencional";"AV CONEGO DOMINGOS MALTEZ                            SN";"TREM";"68900000";"5596981166806";",028695";"-51,0593602";1;"ATIVO";-1;"ATIVO";1;"ATIVO";1;"Ativo";"0";"Sem acessibilidade";212;215;215;0;2690;"ESCOLA MUNICIPAL DE ENSINO FUNDAMENTAL HILDEMAR MAIA";"AV CONEGO DOMINGOS MALTEZ                            SN"
"05/10/2026";"06:29:34";2026;"04/10/2026";"1º Turno";1;"AP";"06068";"CUTIAS";10;110;1;"Principal";-1;1015;"ESCOLA ESTADUAL LOURIMAR SIMÕES PAES";1;"Convencional";"RUA LÉO VIRGÍLIO TOLOSA, 624";"CENTRO";"68973000";"-1";",9696012";"-50,7978857";1;"ATIVO";-1;"ATIVO";1;"ATIVO";1;"Ativo";"0";"Sem acessibilidade";301;297;297;0;1015;"ESCOLA ESTADUAL LOURIMAR SIMÕES PAES";"RUA LÉO VIRGÍLIO TOLOSA, 624"
"05/10/2026";"06:29:34";2026;"04/10/2026";"1º Turno";1;"AP";"06050";"MACAPÁ";2;378;1;"Principal";-1;1961;"ESCOLA MUNICIPAL DE ENSINO INFANTIL ANA LUIZA DE SOUZA MORAES";1;"Convencional";"RUA CLAUDOMIRO DE MORAES, 802";"NOVO BURITIZAL";"68904000";"-1";",0183376";"-51,0795418";1;"ATIVO";-1;"ATIVO";1;"ATIVO";1;"Ativo";"1";"Com acessibilidade";191;190;190;0;1961;"ESCOLA MUNICIPAL DE ENSINO INFANTIL ANA LUIZA DE SOUZA MORAES";"RUA CLAUDOMIRO DE MORAES, 802"
"05/10/2026";"06:29:34";2026;"04/10/2026";"1º Turno";1;"AP";"06025";"PORTO GRANDE";12;4;1;"Principal";-1;1015;"ESCOLA ESTADUAL JOSÉ RIBAMAR TEIXEIRA";1;"Convencional";"AVENIDA PEDRO TEIXEIRA, S/N, BAIRRO MALVINAS";"CENTRO";"68997000";"-1";",70812263";"-51,40810814";1;"ATIVO";-1;"ATIVO";1;"ATIVO";1;"Ativo";"1";"Com acessibilidade";358;356;356;0;1015;"ESCOLA ESTADUAL JOSÉ RIBAMAR TEIXEIRA";"AVENIDA PEDRO TEIXEIRA, S/N, BAIRRO MALVINAS"
"05/10/2026";"06:29:34";2026;"04/10/2026";"1º Turno";1;"AP";"06050";"MACAPÁ";14;379;1;"Principal";-1;1546;"UNIVERSIDADE DO ESTADO DO AMAPÁ - UEAP";1;"Convencional";"AV PRESIDENTE VARGAS,650";"CENTRO";"68900070";"+5596991119207";",0383042";"-51,0555888";1;"ATIVO";-1;"ATIVO";1;"ATIVO";1;"Ativo";"0";"Sem acessibilidade";196;197;197;0;1546;"UNIVERSIDADE DO ESTADO DO AMAPÁ - UEAP";"AV PRESIDENTE VARGAS,650"
"05/10/2026";"06:29:34";2026;"04/10/2026";"1º Turno";1;"AP";"06050";"MACAPÁ";10;108;1;"Principal";-1;2070;"ESCOLA ESTADUAL MARIA MERIAN DOS SANTOS CORDEIRO FERNANDES";4;"Temporário";"AV. GLICÉRIO SOUZA FIGUEIREDO, 66";"NOVO HORIZONTE";"68909821";"96 984073412";"-1";"-1";1;"ATIVO";-1;"ATIVO";1;"ATIVO";1;"Ativo";"0";"Sem acessibilidade";386;385;385;0;1325;"ESCOLA ESTADUAL RIVANDA NAZARE DA SILVA GUIMARAES";"RUA CÍCERO MARQUES DE SOUZA, 2874, NOVO HORIZONTE"
"05/10/2026";"06:29:34";2026;"04/10/2026";"1º Turno";1;"AP";"06050";"MACAPÁ";2;647;1;"Principal";-1;1147;"ESCOLA MUNICIPAL DE ENSINO FUNDAMENTAL AMAPA";1;"Convencional";"RUA JOVINO DINOA, 3188";"TREM";"68900030";"5596984032652";",0247643";"-51,0628301";1;"ATIVO";-1;"ATIVO";1;"ATIVO";1;"Ativo";"0";"Sem acessibilidade";280;278;278;0;1147;"ESCOLA MUNICIPAL DE ENSINO FUNDAMENTAL AMAPA";"RUA JOVINO DINOA, 3188"
"05/10/2026";"06:29:34";2026;"04/10/2026";"1º Turno";1;"AP";"06050";"MACAPÁ";2;347;1;"Principal";-1;1600;"ESCOLA ESTADUAL MÁRIO QUIRINO DA SILVA";1;"Convencional";"RUA CLAUDOMIRO DE MORAIS                    SN";"NOVO BURITIZAL";"68900000";"32125283";",0154748";"-51,0823276";1;"ATIVO";-1;"ATIVO";1;"ATIVO";1;"Ativo";"0";"Sem acessibilidade";388;385;385;0;1600;"ESCOLA ESTADUAL MÁRIO QUIRINO DA SILVA";"RUA CLAUDOMIRO DE MORAIS                    SN"
"05/10/2026";"06:29:34";2026;"04/10/2026";"1º Turno";1;"AP";"06050";"MACAPÁ";2;627;1;"Principal";-1;2240;"ESCOLA MUNICIPAL DE ENSINO FUNDAMENTAL ELITA NUNES MELO";1;"Convencional";"AVENIDA 14 DE JULHO - 1050";"NOVO BURITIZAL";"68904730";"+5596981226475";",018097";"-51,0788441";1;"ATIVO";-1;"ATIVO";1;"ATIVO";1;"Ativo";"1";"Com acessibilidade";197;197;197;0;2232;"ESCOLA MUNICIPAL DE ENSINO FUNDAMENTAL RAIMUNDO OLIVEIRA ALENCAR";"RUA VINTE E NOVE DE JULHO - 155"
"05/10/2026";"06:29:34";2026;"04/10/2026";"1º Turno";1;"AP";"06130";"LARANJAL DO JARI";7;23;1;"Principal";-1;1066;"ESCOLA ESTADUAL MINEKO HAYASHIDA";1;"Convencional";"AVENIDA TANCREDO NEVES, 1304";"AGRESTE";"68920000";"991337867";"-,8380233";"-52,517341";1;"ATIVO";-1;"ATIVO";1;"ATIVO";1;"Ativo";"0";"Sem acessibilidade";199;199;199;0;1066;"ESCOLA ESTADUAL MINEKO HAYASHIDA";"AVENIDA TANCREDO NEVES, 1304"
"05/10/2026";"06:29:34";2026;"04/10/2026";"1º Turno";1;"AP";"06092";"OIAPOQUE";4;76;1;"Principal";-1;1201;"IFAP - INSTITUTO FEDERAL DO AMAPÁ";1;"Convencional";"RUA JOAQUIM CAETANO DA SILVA";"CENTRO";"68980000";"+559635211386";"-1";"-1";1;"ATIVO";-1;"ATIVO";1;"ATIVO";1;"Ativo";"0";"Sem acessibilidade";207;209;209;0;1201;"IFAP - INSTITUTO FEDERAL DO AMAPÁ";"RUA JOAQUIM CAETANO DA SILVA"
"05/10/2026";"06:29:34";2026;"04/10/2026";"1º Turno";1;"AP";"06130";"LARANJAL DO JARI";7;10;1;"Principal";-1;1163;"ESCOLA MUNICIPAL JOÃO QUEIROGA DE SOUZA";1;"Convencional";"RUA DA USINA, N. 1118";"MALVINAS";"68920000";"36211913";"-,853397";"-52,5389456";1;"ATIVO";-1;"ATIVO";1;"ATIVO";1;"Ativo";"0";"Sem acessibilidade";164;331;331;0;1163;"ESCOLA MUNICIPAL JOÃO QUEIROGA DE SOUZA";"RUA DA USINA, N. 1118"
"05/10/2026";"06:29:34";2026;"04/10/2026";"1º Turno";1;"AP";"06050";"MACAPÁ";2;953;1;"Principal";-1;2747;"ESCOLA ESTADUAL CECILIA PINTO";1;"Convencional";"RUA PROF TOSTES              122         BURITIZAL";"BURITIZAL";"68902210";"+5596992016136";",0143256";"-51,0700748";1;"ATIVO";-1;"ATIVO";1;"ATIVO";1;"Ativo";"0";"Sem acessibilidade";296;297;297;0;2747;"ESCOLA ESTADUAL CECILIA PINTO";"RUA PROF TOSTES              122         BURITIZAL"
"05/10/2026";"06:29:34";2026;"04/10/2026";"1º Turno";1;"AP";"06050";"MACAPÁ";14;381;1;"Principal";-1;1546;"UNIVERSIDADE DO ESTADO DO AMAPÁ - UEAP";1;"Convencional";"AV PRESIDENTE VARGAS,650";"CENTRO";"68900070";"+5596991119207";",0383042";"-51,0555888";1;"ATIVO";-1;"ATIVO";1;"ATIVO";1;"Ativo";"0";"Sem acessibilidade";198;197;197;0;1546;"UNIVERSIDADE DO ESTADO DO AMAPÁ - UEAP";"AV PRESIDENTE VARGAS,650"
"05/10/2026";"06:29:34";2026;"04/10/2026";"1º Turno";1;"AP";"06050";"MACAPÁ";14;382;1;"Principal";-1;1546;"UNIVERSIDADE DO ESTADO DO AMAPÁ - UEAP";1;"Convencional";"AV PRESIDENTE VARGAS,650";"CENTRO";"68900070";"+5596991119207";",0383042";"-51,0555888";1;"ATIVO";-1;"ATIVO";1;"ATIVO";1;"Ativo";"0";"Sem acessibilidade";198;194;194;0;1546;"UNIVERSIDADE DO ESTADO DO AMAPÁ - UEAP";"AV PRESIDENTE VARGAS,650"
"05/10/2026";"06:29:34";2026;"04/10/2026";"1º Turno";1;"AP";"06050";"MACAPÁ";14;118;1;"Principal";-1;1171;"EMEF RONDONIA";1;"Convencional";"RUA JOVINO DINOA 741";"JESUS DE NAZARE";"68900000";"-1";",0454089";"-51,059362";1;"ATIVO";-1;"ATIVO";1;"ATIVO";1;"Ativo";"0";"Sem acessibilidade";351;350;350;0;1171;"EMEF RONDONIA";"RUA JOVINO DINOA 741"
"05/10/2026";"06:29:34";2026;"04/10/2026";"1º Turno";1;"AP";"06050";"MACAPÁ";2;107;1;"Principal";-1;1171;"ESCOLA ESTADUAL PROFª SEBASTIANA LENIR DE ALMEIDA";1;"Convencional";"AV DIOGENES SILVA         123        BURITIZAL";"BURITIZAL";"68902891";"+5596991579520";",0258939";"-51,0728225";1;"ATIVO";-1;"ATIVO";1;"ATIVO";1;"Ativo";"0";"Sem acessibilidade";295;294;294;0;1171;"ESCOLA ESTADUAL PROFª SEBASTIANA LENIR DE ALMEIDA";"AV DIOGENES SILVA         123        BURITIZAL"
"05/10/2026";"06:29:34";2026;"04/10/2026";"1º Turno";1;"AP";"06050";"MACAPÁ";2;670;1;"Principal";-1;1902;"ESCOLA ESTADUAL REINALDO MAURICIO GOLBERT DAMASCENO";1;"Convencional";"AV 13 DE SETEMBRO      S/N";"CUBA DE ASFALTO";"68900000";"+5596981481320";",023435";"-51,0861323";1;"ATIVO";-1;"ATIVO";1;"ATIVO";1;"Ativo";"1";"Com acessibilidade";381;380;380;0;1902;"ESCOLA ESTADUAL REINALDO MAURICIO GOLBERT DAMASCENO";"AV 13 DE SETEMBRO      S/N"
"05/10/2026";"06:29:34";2026;"04/10/2026";"1º Turno";1;"AP";"06050";"MACAPÁ";10;349;1;"Principal";-1;1422;"ESCOLA MUNICIPAL PROFESSOR JOSAFA AIRES DA COSTA";1;"Convencional";"RUA 1 DE JANEIRO, 974";"INFRAERO I";"68908874";"991143307";",0726402";"-51,0633359";1;"ATIVO";-1;"ATIVO";1;"ATIVO";1;"Ativo";"1";"Com acessibilidade";390;390;390;0;1422;"ESCOLA MUNICIPAL PROFESSOR JOSAFA AIRES DA COSTA";"RUA 1 DE JANEIRO, 974"
"05/10/2026";"06:29:34";2026;"04/10/2026";"1º Turno";1;"AP";"06068";"CUTIAS";10;458;1;"Principal";-1;1104;"ESCOLA MUNICIPAL PRINCIPE DAVI GABRIEL CARVALHO RAMOS";1;"Convencional";"RUA JOSE DANTAS DA COSTA, S/N";"CENTRO";"68973000";"99901 1441";"-1";"-1";1;"ATIVO";-1;"ATIVO";1;"ATIVO";1;"Ativo";"0";"Sem acessibilidade";238;235;235;0;1058;"CRECHE MUNICIPAL PINGO DE GENTE";"RUA PRIMEIRO DE MAIO 765"
"05/10/2026";"06:29:34";2026;"04/10/2026";"1º Turno";1;"AP";"06092";"OIAPOQUE";4;58;1;"Principal";-1;1120;"CAMPUS UNIVERSITÁRIO BINACIONAL - UNIFAP";1;"Convencional";"BR 156 - KM 01";"UNIVERSIDADE";"68980000";"-1";"3,83941796";"-51,81908173";1;"ATIVO";-1;"ATIVO";1;"ATIVO";1;"Ativo";"0";"Sem acessibilidade";278;277;277;0;1120;"CAMPUS UNIVERSITÁRIO BINACIONAL - UNIFAP";"BR 156 - KM 01"
"05/10/2026";"06:29:34";2026;"04/10/2026";"1º Turno";1;"AP";"06130";"LARANJAL DO JARI";7;117;1;"Principal";-1;1066;"ESCOLA ESTADUAL MINEKO HAYASHIDA";1;"Convencional";"AVENIDA TANCREDO NEVES, 1304";"AGRESTE";"68920000";"991337867";"-,8380233";"-52,517341";1;"ATIVO";-1;"ATIVO";1;"ATIVO";1;"Ativo";"0";"Sem acessibilidade";197;197;197;0;1066;"ESCOLA ESTADUAL MINEKO HAYASHIDA";"AVENIDA TANCREDO NEVES, 1304"
"05/10/2026";"06:29:34";2026;"04/10/2026";"1º Turno";1;"AP";"06173";"TARTARUGALZINHO";8;40;1;"Principal";-1;1244;"E.E PROFESSORA MARIA JOSÉ DE NAZARÉ FERREIRA LIMA";1;"Convencional";"RUA MÃE VERÔNICA, 767";"CENTRO";"68990000";"88088926";"1,50622058";"-50,91279023";1;"ATIVO";-1;"ATIVO";1;"ATIVO";1;"Ativo";"0";"Sem acessibilidade";320;317;317;0;1244;"E.E PROFESSORA MARIA JOSÉ DE NAZARÉ FERREIRA LIMA";"RUA MÃE VERÔNICA, 767"
"05/10/2026";"06:29:34";2026;"04/10/2026";"1º Turno";1;"AP";"06050";"MACAPÁ";10;333;1;"Principal";-1;1473;"ESCOLA ESTADUAL PROFESSORA ONEIDE PINTO LIMA";1;"Convencional";"RUA DAS FLORES, 254";"BONÉ AZUL";"68908645";"991072002";",0838682";"-51,0734081";1;"ATIVO";-1;"ATIVO";1;"ATIVO";1;"Ativo";"0";"Sem acessibilidade";374;372;372;0;1473;"ESCOLA ESTADUAL PROFESSORA ONEIDE PINTO LIMA";"RUA DAS FLORES, 254"
"05/10/2026";"06:29:34";2026;"04/10/2026";"1º Turno";1;"AP";"06050";"MACAPÁ";2;668;1;"Principal";-1;2267;"ESCOLA ESTADUAL PROFª MARIA DE NAZARÉ PEREIRA VASCONCELOS";1;"Convencional";"RUA VILA DAS OLIVEIRAS - 372";"PEDRINHAS";"68900000";"+5596981440137";",0080908";"-51,0648757";1;"ATIVO";-1;"ATIVO";1;"ATIVO";1;"Ativo";"0";"Sem acessibilidade";358;356;356;0;2267;"ESCOLA ESTADUAL PROFª MARIA DE NAZARÉ PEREIRA VASCONCELOS";"RUA VILA DAS OLIVEIRAS - 372"
"05/10/2026";"06:29:34";2026;"04/10/2026";"1º Turno";1;"AP";"06157";"SANTANA";6;194;1;"Principal";-1;1015;"E.P.G. ELIZABETH PICANCO ESTEVES";1;"Convencional";"AV. DAS NAÇÕES, 678";"HOSPITALIDADE";"68925000";"3283 2827";"-,0466519";"-51,172363";1;"ATIVO";-1;"ATIVO";1;"ATIVO";1;"Ativo";"0";"Sem acessibilidade";372;370;370;0;1015;"E.P.G. ELIZABETH PICANCO ESTEVES";"AV. DAS NAÇÕES, 678"
"05/10/2026";"06:29:34";2026;"04/10/2026";"1º Turno";1;"AP";"06157";"SANTANA";6;25;1;"Principal";-1;1538;"ANEXO DA PARÓQUIA NOSSA SENHORA DE FÁTIMA";4;"Temporário";"AVENIDA PRINCESA IZABEL";"CENTRO";"68925210";"-1";"-,0421617";"-51,1731822";1;"ATIVO";-1;"ATIVO";1;"ATIVO";1;"Ativo";"0";"Sem acessibilidade";314;314;314;0;1066;"E.P.G. AMAZONAS";"AV. 15 DE NOVEMBRO, 1132"
"05/10/2026";"06:29:34";2026;"04/10/2026";"1º Turno";1;"AP";"06157";"SANTANA";6;272;1;"Principal";-1;1473;"ESCOLA MUNICIPAL DE ENSINO BÁSICO CAFEZAL";1;"Convencional";"CAFEZAL";"CAFEZAL";"68925000";"-1";"-1";"-1";1;"ATIVO";-1;"ATIVO";1;"ATIVO";1;"Ativo";"0";"Sem acessibilidade";87;88;88;0;1473;"ESCOLA MUNICIPAL DE ENSINO BÁSICO CAFEZAL";"CAFEZAL"
"05/10/2026";"06:29:34";2026;"04/10/2026";"1º Turno";1;"AP";"06092";"OIAPOQUE";4;94;2;"Agregada";28;1023;"ESCOLA DE PRIMEIRO GRAU JOAQUIM NABUCO";1;"Convencional";"RUA LELIO SILVA";"CENTRO";"68900000";"-1";"3,84401648";"-51,83412591";1;"ATIVO";-1;"ATIVO";1;"ATIVO";1;"Ativo";"0";"Sem acessibilidade";86;0;0;0;1023;"ESCOLA DE PRIMEIRO GRAU JOAQUIM NABUCO";"RUA LELIO SILVA"
"05/10/2026";"06:29:34";2026;"04/10/2026";"1º Turno";1;"AP";"06050";"MACAPÁ";2;559;1;"Principal";-1;1899;"UNIVERSIDADE FEDERAL DO AMAPA - UNIFAP";1;"Convencional";"ROD. JOSMAR CHAVES PINTO, KM 02   JARDIM MARCO ZERO";"UNIVERSIDADE";"68903419";"+5596981159919";"-,0065359";"-51,0845096";1;"ATIVO";-1;"ATIVO";1;"ATIVO";1;"Ativo";"1";"Com acessibilidade";371;369;368;0;1899;"UNIVERSIDADE FEDERAL DO AMAPA - UNIFAP";"ROD. JOSMAR CHAVES PINTO, KM 02   JARDIM MARCO ZERO"
"05/10/2026";"06:29:34";2026;"04/10/2026";"1º Turno";1;"AP";"06025";"PORTO GRANDE";12;38;1;"Principal";-1;1139;"ESCOLA MUNICIPAL ACRE";1;"Convencional";"AVENIDA OITO DE AGOSTO";"CENTRO";"68997000";"-1";",71233734";"-51,41411779";1;"ATIVO";-1;"ATIVO";1;"ATIVO";1;"Ativo";"1";"Com acessibilidade";355;355;355;0;1139;"ESCOLA MUNICIPAL ACRE";"AVENIDA OITO DE AGOSTO"
"05/10/2026";"06:29:34";2026;"04/10/2026";"1º Turno";1;"AP";"06050";"MACAPÁ";10;282;1;"Principal";-1;1503;"ESCOLA MUNICIPAL PROFESSOR JOSÉ LEOVES DE LIMA TEIXEIRA";1;"Convencional";"RUA RENASCIMENTO, 2041";"RENASCER";"68900000";"981381507";",0729854";"-51,0513328";1;"ATIVO";-1;"ATIVO";1;"ATIVO";1;"Ativo";"0";"Sem acessibilidade";390;386;386;0;1503;"ESCOLA MUNICIPAL PROFESSOR JOSÉ LEOVES DE LIMA TEIXEIRA";"RUA RENASCIMENTO, 2041"
"05/10/2026";"06:29:34";2026;"04/10/2026";"1º Turno";1;"AP";"06050";"MACAPÁ";14;139;1;"Principal";-1;1201;"EPG JESUS DE NAZARÉ";1;"Convencional";"AV PRINCESA IZABEL, 255";"JESUS DE NAZARE";"68900000";"-1";",0452543";"-51,0639409";1;"ATIVO";-1;"ATIVO";1;"ATIVO";1;"Ativo";"0";"Sem acessibilidade";346;343;343;0;1201;"EPG JESUS DE NAZARÉ";"AV PRINCESA IZABEL, 255"
"05/10/2026";"06:29:34";2026;"04/10/2026";"1º Turno";1;"AP";"06050";"MACAPÁ";2;954;1;"Principal";-1;1783;"ESCOLA ESTADUAL LAURO CHAVES";1;"Convencional";"AV TEMBES       SN";"MUCA";"68900000";"32411440";",0130979";"-51,074366";1;"ATIVO";-1;"ATIVO";1;"ATIVO";1;"Ativo";"0";"Sem acessibilidade";300;299;299;0;1783;"ESCOLA ESTADUAL LAURO CHAVES";"AV TEMBES       SN"
"05/10/2026";"06:29:34";2026;"04/10/2026";"1º Turno";1;"AP";"06050";"MACAPÁ";14;100;1;"Principal";-1;1147;"EEEF MARIO DAVID ANDREAZZA";1;"Convencional";"RAIMUNDO RAMOS DOS PASSOS 495";"PERPETUO SOCORRO";"68900000";"32125271";",0483913";"-51,0467397";1;"ATIVO";-1;"ATIVO";1;"ATIVO";1;"Ativo";"1";"Com acessibilidade";389;389;389;0;1147;"EEEF MARIO DAVID ANDREAZZA";"RAIMUNDO RAMOS DOS PASSOS 495"
"05/10/2026";"06:29:34";2026;"04/10/2026";"1º Turno";1;"AP";"06050";"MACAPÁ";14;37;1;"Principal";-1;1074;"E.E JOSE DE ALENCAR";1;"Convencional";"RUA CANDIDO MENDES 269";"CENTRO";"68900000";"32125216";",0436565";"-51,049995";1;"ATIVO";-1;"ATIVO";1;"ATIVO";1;"Ativo";"0";"Sem acessibilidade";324;323;323;0;1074;"E.E JOSE DE ALENCAR";"RUA CANDIDO MENDES 269"
"05/10/2026";"06:29:34";2026;"04/10/2026";"1º Turno";1;"AP";"06050";"MACAPÁ";10;451;1;"Principal";-1;1929;"ESCOLA ESTADUAL OLENDINA FERREIRA DO ROSARIO";1;"Convencional";"COMUNIDADE DO CAROBAL";"TRACAJATUBA I";"68900000";"984351716";"-1";"-1";1;"ATIVO";-1;"ATIVO";1;"ATIVO";1;"Ativo";"1";"Com acessibilidade";59;59;59;0;1929;"ESCOLA ESTADUAL OLENDINA FERREIRA DO ROSARIO";"COMUNIDADE DO CAROBAL"
"05/10/2026";"06:29:34";2026;"04/10/2026";"1º Turno";1;"AP";"06173";"TARTARUGALZINHO";8;8;1;"Principal";-1;1031;"ESC EST REISALINA FERREIRA TOMAZ";1;"Convencional";"AV. N. S. PERPÉTUO SOCORRO, 765";"CENTRO";"68990000";"+559634221199";"1,51009521";"-50,91264494";1;"ATIVO";-1;"ATIVO";1;"ATIVO";1;"Ativo";"0";"Sem acessibilidade";253;250;250;0;1031;"ESC EST REISALINA FERREIRA TOMAZ";"AV. N. S. PERPÉTUO SOCORRO, 765"
"05/10/2026";"06:29:34";2026;"04/10/2026";"1º Turno";1;"AP";"06157";"SANTANA";6;44;1;"Principal";-1;1155;"E.E. PROF. FRANCISCO WALCY LOBATO LIMA";1;"Convencional";"AV. MARIA COLARES, 1940";"NOVA BRASÍLIA I";"68927299";"3283 2601";"-,0365765";"-51,1660317";1;"ATIVO";-1;"ATIVO";1;"ATIVO";1;"Ativo";"0";"Sem acessibilidade";309;309;309;0;1155;"E.E. PROF. FRANCISCO WALCY LOBATO LIMA";"AV. MARIA COLARES, 1940"
"05/10/2026";"06:29:34";2026;"04/10/2026";"1º Turno";1;"AP";"06092";"OIAPOQUE";4;47;1;"Principal";-1;1120;"CAMPUS UNIVERSITÁRIO BINACIONAL - UNIFAP";1;"Convencional";"BR 156 - KM 01";"UNIVERSIDADE";"68980000";"-1";"3,83941796";"-51,81908173";1;"ATIVO";-1;"ATIVO";1;"ATIVO";1;"Ativo";"0";"Sem acessibilidade";277;275;275;0;1120;"CAMPUS UNIVERSITÁRIO BINACIONAL - UNIFAP";"BR 156 - KM 01"
"05/10/2026";"06:29:34";2026;"04/10/2026";"1º Turno";1;"AP";"06050";"MACAPÁ";10;215;1;"Principal";-1;1520;"ESCOLA ESTADUAL PROFESSOR ANTONIO FERREIRA DE LIMA NETO";1;"Convencional";"AV. FRANCISCO FELIPPE DE MIRANDA  NERY - 2336";"LOTEAMENTO BURITIS";"68908805";"+5596991423491";",0713059";"-51,0898494";1;"ATIVO";-1;"ATIVO";1;"ATIVO";1;"Ativo";"0";"Sem acessibilidade";386;385;385;0;1520;"ESCOLA ESTADUAL PROFESSOR ANTONIO FERREIRA DE LIMA NETO";"AV. FRANCISCO FELIPPE DE MIRANDA  NERY - 2336"
"05/10/2026";"06:29:34";2026;"04/10/2026";"1º Turno";1;"AP";"06130";"LARANJAL DO JARI";7;61;1;"Principal";-1;1104;"ESCOLA MUNICIPAL TEREZINHA LIMA QUEIROGA DE SOUZA";1;"Convencional";"AVENIDA MAZAGÃO, N. 105";"CASTANHEIRA";"68920000";"96991438894";"-,8342031";"-52,5175861";1;"ATIVO";-1;"ATIVO";1;"ATIVO";1;"Ativo";"0";"Sem acessibilidade";372;370;370;0;1104;"ESCOLA MUNICIPAL TEREZINHA LIMA QUEIROGA DE SOUZA";"AVENIDA MAZAGÃO, N. 105"
"05/10/2026";"06:29:34";2026;"04/10/2026";"1º Turno";1;"AP";"06050";"MACAPÁ";14;315;1;"Principal";-1;1449;"ESCOLA ESTADUAL TIRADENTES";1;"Convencional";"RUA SANTOS DUMONT         128      SANTA RITA";"SANTA RITA";"68900000";"+5596981117291";",042048";"-51,0727224";1;"ATIVO";-1;"ATIVO";1;"ATIVO";1;"Ativo";"0";"Sem acessibilidade";311;308;308;0;1449;"ESCOLA ESTADUAL TIRADENTES";"RUA SANTOS DUMONT         128      SANTA RITA"
"05/10/2026";"06:29:34";2026;"04/10/2026";"1º Turno";1;"AP";"06157";"SANTANA";6;17;1;"Principal";-1;1058;"E.P.G. JOSE BARROSO TOSTES";1;"Convencional";"AV. 7 DE SETEMBRO, 186";"CENTRO";"68925000";"3281 1542";"-,0415918";"-51,1768394";1;"ATIVO";-1;"ATIVO";1;"ATIVO";1;"Ativo";"0";"Sem acessibilidade";296;296;296;0;1058;"E.P.G. JOSE BARROSO TOSTES";"AV. 7 DE SETEMBRO, 186"
"05/10/2026";"06:29:34";2026;"04/10/2026";"1º Turno";1;"AP";"06130";"LARANJAL DO JARI";7;89;1;"Principal";-1;1155;"ESCOLA MUNICIPAL PROF. TEREZA TELES";1;"Convencional";"RUA FLORIANO PEIXOTO, N. 1024";"AGRESTE";"68920000";"96991318047";"-,8391003";"-52,5207507";1;"ATIVO";-1;"ATIVO";1;"ATIVO";1;"Ativo";"0";"Sem acessibilidade";183;183;183;0;1155;"ESCOLA MUNICIPAL PROF. TEREZA TELES";"RUA FLORIANO PEIXOTO, N. 1024"
"05/10/2026";"06:29:34";2026;"04/10/2026";"1º Turno";1;"AP";"06130";"LARANJAL DO JARI";7;94;1;"Principal";-1;1147;"ESCOLA MUNICIPAL SANTA LÚCIA";1;"Convencional";"AVENIDA TANCREDO NEVES, N. 1544";"LOTEAMENTO SARNEY";"68920000";"36212923";"-,8207521";"-52,5007678";1;"ATIVO";-1;"ATIVO";1;"ATIVO";1;"Ativo";"0";"Sem acessibilidade";294;294;294;0;1147;"ESCOLA MUNICIPAL SANTA LÚCIA";"AVENIDA TANCREDO NEVES, N. 1544"
"05/10/2026";"06:29:34";2026;"04/10/2026";"1º Turno";1;"AP";"06173";"TARTARUGALZINHO";8;2;1;"Principal";-1;1015;"ESC EST NAZARÉ DO APOREMA";1;"Convencional";"COMUNIDADE DE VILA NAZARÉ, 1238";"NAZARE DO APOREMA";"68990000";"+559634229001";"-1";"-1";1;"ATIVO";-1;"ATIVO";1;"ATIVO";1;"Ativo";"0";"Sem acessibilidade";126;127;127;0;1015;"ESC EST NAZARÉ DO APOREMA";"COMUNIDADE DE VILA NAZARÉ, 1238"
"05/10/2026";"06:29:34";2026;"04/10/2026";"1º Turno";1;"AP";"06076";"MAZAGÃO";5;6;1;"Principal";-1;1023;"ESCOLA ESTADUAL PROFESSORA ANTÔNIA SILVA SANTOS";1;"Convencional";"TRAVESSA NOSSA SENHORA DE ASSUNÇÃO, N 0421";"DISTRITO DE MAZAGAO VELHO";"68940000";"-1";"-,2172407";"-51,43415956";1;"ATIVO";-1;"ATIVO";1;"ATIVO";1;"Ativo";"0";"Sem acessibilidade";298;298;298;0;1023;"ESCOLA ESTADUAL PROFESSORA ANTÔNIA SILVA SANTOS";"TRAVESSA NOSSA SENHORA DE ASSUNÇÃO, N 0421"
"05/10/2026";"06:29:34";2026;"04/10/2026";"1º Turno";1;"AP";"06076";"MAZAGÃO";5;49;1;"Principal";-1;1023;"ESCOLA ESTADUAL PROFESSORA ANTÔNIA SILVA SANTOS";1;"Convencional";"TRAVESSA NOSSA SENHORA DE ASSUNÇÃO, N 0421";"DISTRITO DE MAZAGAO VELHO";"68940000";"-1";"-,2172407";"-51,43415956";1;"ATIVO";-1;"ATIVO";1;"ATIVO";1;"Ativo";"0";"Sem acessibilidade";298;297;297;0;1023;"ESCOLA ESTADUAL PROFESSORA ANTÔNIA SILVA SANTOS";"TRAVESSA NOSSA SENHORA DE ASSUNÇÃO, N 0421"
"05/10/2026";"06:29:34";2026;"04/10/2026";"1º Turno";1;"AP";"06122";"VITÓRIA DO JARI";7;163;1;"Principal";-1;1082;"ESCOLA MUNICIPAL ÁLVARO MARQUES GONÇALVES";1;"Convencional";"PAS JOSÉ SIMEÃO DE SOUZA - 1361";"MINA";"68924000";"+5509636221243";"-,9193051";"-52,4146888";1;"ATIVO";-1;"ATIVO";1;"ATIVO";1;"Ativo";"0";"Sem acessibilidade";212;211;211;0;1082;"ESCOLA MUNICIPAL ÁLVARO MARQUES GONÇALVES";"PAS JOSÉ SIMEÃO DE SOUZA - 1361"
"05/10/2026";"06:29:34";2026;"04/10/2026";"1º Turno";1;"AP";"06092";"OIAPOQUE";4;89;1;"Principal";-1;1120;"CAMPUS UNIVERSITÁRIO BINACIONAL - UNIFAP";1;"Convencional";"BR 156 - KM 01";"UNIVERSIDADE";"68980000";"-1";"3,83941796";"-51,81908173";1;"ATIVO";-1;"ATIVO";1;"ATIVO";1;"Ativo";"0";"Sem acessibilidade";282;279;279;0;1120;"CAMPUS UNIVERSITÁRIO BINACIONAL - UNIFAP";"BR 156 - KM 01"
"05/10/2026";"06:29:34";2026;"04/10/2026";"1º Turno";1;"AP";"06050";"MACAPÁ";2;475;1;"Principal";-1;2097;"ESCOLA ESTADUAL IVANHOE GONCALVES MARTINS";1;"Convencional";"RAMAL DO POLO HORTIFRUTIGRANJEIRO";"DISTRITO DE FAZENDINHA";"68900000";"-1";"-,0228234";"-51,1109342";1;"ATIVO";-1;"ATIVO";1;"ATIVO";1;"Ativo";"1";"Com acessibilidade";262;390;390;0;2097;"ESCOLA ESTADUAL IVANHOE GONCALVES MARTINS";"RAMAL DO POLO HORTIFRUTIGRANJEIRO"
"05/10/2026";"06:29:34";2026;"04/10/2026";"1º Turno";1;"AP";"06025";"PORTO GRANDE";12;9;1;"Principal";-1;1015;"ESCOLA ESTADUAL JOSÉ RIBAMAR TEIXEIRA";1;"Convencional";"AVENIDA PEDRO TEIXEIRA, S/N, BAIRRO MALVINAS";"CENTRO";"68997000";"-1";",70812263";"-51,40810814";1;"ATIVO";-1;"ATIVO";1;"ATIVO";1;"Ativo";"1";"Com acessibilidade";363;362;362;0;1015;"ESCOLA ESTADUAL JOSÉ RIBAMAR TEIXEIRA";"AVENIDA PEDRO TEIXEIRA, S/N, BAIRRO MALVINAS"
"05/10/2026";"06:29:34";2026;"04/10/2026";"1º Turno";1;"AP";"06050";"MACAPÁ";2;927;1;"Principal";-1;2720;"ESCOLA ESTADUAL DR.ALEXANDRE VAZ TAVARES";1;"Convencional";"AV FELICIANO COELHO                                SN";"TREM";"68900000";"+5596984097424";",0294743";"-51,0595886";1;"ATIVO";-1;"ATIVO";1;"ATIVO";1;"Ativo";"0";"Sem acessibilidade";327;322;322;0;2720;"ESCOLA ESTADUAL DR.ALEXANDRE VAZ TAVARES";"AV FELICIANO COELHO                                SN"
"05/10/2026";"06:29:34";2026;"04/10/2026";"1º Turno";1;"AP";"06157";"SANTANA";6;160;1;"Principal";-1;1015;"E.P.G. ELIZABETH PICANCO ESTEVES";1;"Convencional";"AV. DAS NAÇÕES, 678";"HOSPITALIDADE";"68925000";"3283 2827";"-,0466519";"-51,172363";1;"ATIVO";-1;"ATIVO";1;"ATIVO";1;"Ativo";"0";"Sem acessibilidade";367;365;365;0;1015;"E.P.G. ELIZABETH PICANCO ESTEVES";"AV. DAS NAÇÕES, 678"
"05/10/2026";"06:29:34";2026;"04/10/2026";"1º Turno";1;"AP";"06114";"FERREIRA GOMES";12;43;1;"Principal";-1;1015;"ESCOLA ESTADUAL PROFA. MARIA IRACI TAVARES";1;"Convencional";"RUA DUQUE DE CAXIAS, N. 521";"CENTRO";"68915000";"-1";",85830092";"-51,18378177";1;"ATIVO";-1;"ATIVO";1;"ATIVO";1;"Ativo";"1";"Com acessibilidade";369;368;368;0;1015;"ESCOLA ESTADUAL PROFA. MARIA IRACI TAVARES";"RUA DUQUE DE CAXIAS, N. 521"
"05/10/2026";"06:29:34";2026;"04/10/2026";"1º Turno";1;"AP";"06050";"MACAPÁ";2;845;1;"Principal";-1;2658;"ESCOLA ESTADUAL IRMA SANTINA RIOLI";1;"Convencional";"RUA JOVINO DINOA, 2732";"TREM";"68900160";"-1";",027631";"-51,0607761";1;"ATIVO";-1;"ATIVO";1;"ATIVO";1;"Ativo";"1";"Com acessibilidade";348;350;350;0;2658;"ESCOLA ESTADUAL IRMA SANTINA RIOLI";"RUA JOVINO DINOA, 2732"
"05/10/2026";"06:29:34";2026;"04/10/2026";"1º Turno";1;"AP";"06130";"LARANJAL DO JARI";7;38;1;"Principal";-1;1058;"ESCOLA ESTADUAL PROF. MARIA DE NAZARÉ RODRIGUES DA SILVA";1;"Convencional";"RUA CULTURA, N 277";"AGRESTE";"68920000";"991894068";"-,8443316";"-52,5159137";1;"ATIVO";-1;"ATIVO";1;"ATIVO";1;"Ativo";"0";"Sem acessibilidade";268;266;266;0;1058;"ESCOLA ESTADUAL PROF. MARIA DE NAZARÉ RODRIGUES DA SILVA";"RUA CULTURA, N 277"
"05/10/2026";"06:29:34";2026;"04/10/2026";"1º Turno";1;"AP";"06092";"OIAPOQUE";4;81;1;"Principal";-1;1180;"ESCOLA MUNICIPAL PROFESSOR RUI MARQUES LOBO";1;"Convencional";"AVENIDA BARÃO DO RIO BRANCO, 960";"PLANALTO";"68980000";"-1";"3,83855395";"-51,83210956";1;"ATIVO";-1;"ATIVO";1;"ATIVO";1;"Ativo";"0";"Sem acessibilidade";279;279;279;0;1180;"ESCOLA MUNICIPAL PROFESSOR RUI MARQUES LOBO";"AVENIDA BARÃO DO RIO BRANCO, 960"
"05/10/2026";"06:29:34";2026;"04/10/2026";"1º Turno";1;"AP";"06050";"MACAPÁ";2;901;1;"Principal";-1;1090;"ESCOLA ESTADUAL DR.COARACY NUNES";1;"Convencional";"AV MENDONCA JUNIOR          1651         CENTRO";"CENTRO";"68900000";"+5596981025968";",0338216";"-51,0647025";1;"ATIVO";-1;"ATIVO";1;"ATIVO";1;"Ativo";"0";"Sem acessibilidade";284;283;283;0;1090;"ESCOLA ESTADUAL DR.COARACY NUNES";"AV MENDONCA JUNIOR          1651         CENTRO"
"05/10/2026";"06:29:34";2026;"04/10/2026";"1º Turno";1;"AP";"06076";"MAZAGÃO";5;35;1;"Principal";-1;1228;"ESCOLA ESTADUAL DOM PEDRO I";1;"Convencional";"AV INTENDENTE ALFREDO PINTO, 1205";"CENTRO";"68930000";"-1";"-,11608132";"-51,28560926";1;"ATIVO";-1;"ATIVO";1;"ATIVO";1;"Ativo";"1";"Com acessibilidade";245;243;243;0;1228;"ESCOLA ESTADUAL DOM PEDRO I";"AV INTENDENTE ALFREDO PINTO, 1205"
"05/10/2026";"06:29:34";2026;"04/10/2026";"1º Turno";1;"AP";"06050";"MACAPÁ";10;322;1;"Principal";-1;1511;"ESCOLA MUNICIPAL PROFESSORA RAIMUNDA DA SILVA VIRGOLINO";1;"Convencional";"RUA FERNANDO ALVES DE OLIVEIRA, 3091";"NOVO HORIZONTE";"68909806";"991169657";",0989525";"-51,0463256";1;"ATIVO";-1;"ATIVO";1;"ATIVO";1;"Ativo";"0";"Sem acessibilidade";335;335;335;0;1511;"ESCOLA MUNICIPAL PROFESSORA RAIMUNDA DA SILVA VIRGOLINO";"RUA FERNANDO ALVES DE OLIVEIRA, 3091"
"05/10/2026";"06:29:34";2026;"04/10/2026";"1º Turno";1;"AP";"06050";"MACAPÁ";2;829;1;"Principal";-1;2518;"ESCOLA ESTADUAL PROFª JACINTA MARIA RODRIGUES DE CARVALHO";1;"Convencional";"RUA DA MARINHA, S/N";"DISTRITO DE FAZENDINHA";"68911432";"+5596991294660";"-,0470989";"-51,1047903";1;"ATIVO";-1;"ATIVO";1;"ATIVO";1;"Ativo";"0";"Sem acessibilidade";390;389;389;0;2518;"ESCOLA ESTADUAL PROFª JACINTA MARIA RODRIGUES DE CARVALHO";"RUA DA MARINHA, S/N"
"05/10/2026";"06:29:34";2026;"04/10/2026";"1º Turno";1;"AP";"06050";"MACAPÁ";2;625;1;"Principal";-1;2216;"ESCOLA MUNICIPAL DE ENSINO FUNDAMENTAL PARAÍSO DAS ACÁCIAS";1;"Convencional";"RUA SANTOS DUMONT - 3800";"MUCA";"68900000";"32131223";",0112199";"-51,0742907";1;"ATIVO";-1;"ATIVO";1;"ATIVO";1;"Ativo";"1";"Com acessibilidade";261;261;261;0;2216;"ESCOLA MUNICIPAL DE ENSINO FUNDAMENTAL PARAÍSO DAS ACÁCIAS";"RUA SANTOS DUMONT - 3800"
"05/10/2026";"06:29:34";2026;"04/10/2026";"1º Turno";1;"AP";"06033";"CALÇOENE";1;87;1;"Principal";-1;1090;"ESCOLA MUNICIPAL RAIMUNDA VIANA DA SILVA";1;"Convencional";"MARGEM DIREITA DA BR 156, KM 570";"ILHA GRANDE";"68960000";"-1";"-1";"-1";1;"ATIVO";-1;"ATIVO";1;"ATIVO";1;"Ativo";"0";"Sem acessibilidade";78;77;77;0;1090;"ESCOLA MUNICIPAL RAIMUNDA VIANA DA SILVA";"MARGEM DIREITA DA BR 156, KM 570"
"05/10/2026";"06:29:34";2026;"04/10/2026";"1º Turno";1;"AP";"06122";"VITÓRIA DO JARI";7;156;1;"Principal";-1;1066;"ESCOLA MUNICIPAL FRANCISCA DE FREITAS ARAUJO";1;"Convencional";"RUA PEDRO LADISLAU, S/N";"CIDADE LIVRE";"68920000";"36221448";"-,9205129";"-52,4051767";1;"ATIVO";-1;"ATIVO";1;"ATIVO";1;"Ativo";"0";"Sem acessibilidade";217;217;217;0;1066;"ESCOLA MUNICIPAL FRANCISCA DE FREITAS ARAUJO";"RUA PEDRO LADISLAU, S/N"
"05/10/2026";"06:29:34";2026;"04/10/2026";"1º Turno";1;"AP";"06050";"MACAPÁ";14;13;1;"Principal";-1;1031;"CENTRO DE EDUCAÇÃO PROFISSIONAL GRAZIELA REIS";1;"Convencional";"AV DUQUE DE CAXIAS - 60";"CENTRO";"68900071";"+5596991535908";",0386917";"-51,0568429";1;"ATIVO";-1;"ATIVO";1;"ATIVO";1;"Ativo";"1";"Com acessibilidade";225;223;223;0;1031;"CENTRO DE EDUCAÇÃO PROFISSIONAL GRAZIELA REIS";"AV DUQUE DE CAXIAS - 60"
"05/10/2026";"06:29:34";2026;"04/10/2026";"1º Turno";1;"AP";"06050";"MACAPÁ";10;228;1;"Principal";-1;1368;"ESCOLA ESTADUAL SERAFINI COSTAPERARIA";1;"Convencional";"RUA JOSEFA PELAES DE SILVA, 2694";"JARDIM FELICIDADE II";"68909008";"999032287";",0933949";"-51,0591372";1;"ATIVO";-1;"ATIVO";1;"ATIVO";1;"Ativo";"0";"Sem acessibilidade";390;388;388;0;1368;"ESCOLA ESTADUAL SERAFINI COSTAPERARIA";"RUA JOSEFA PELAES DE SILVA, 2694"
"05/10/2026";"06:29:34";2026;"04/10/2026";"1º Turno";1;"AP";"06050";"MACAPÁ";2;931;1;"Principal";-1;2720;"ESCOLA ESTADUAL DR.ALEXANDRE VAZ TAVARES";1;"Convencional";"AV FELICIANO COELHO                                SN";"TREM";"68900000";"+5596984097424";",0294743";"-51,0595886";1;"ATIVO";-1;"ATIVO";1;"ATIVO";1;"Ativo";"0";"Sem acessibilidade";324;325;325;0;2720;"ESCOLA ESTADUAL DR.ALEXANDRE VAZ TAVARES";"AV FELICIANO COELHO                                SN"
"05/10/2026";"06:29:34";2026;"04/10/2026";"1º Turno";1;"AP";"06050";"MACAPÁ";2;575;1;"Principal";-1;2437;"ESCOLA MUNICIPAL DE ENSINO FUNDAMENTAL PROFª ANA MARIA DA SILVA RAMOS";1;"Convencional";"AVENIDA INSPETOR AIMORÉ, 480";"ZERAO";"68903290";"+5596988084877";",0013465";"-51,0879621";1;"ATIVO";-1;"ATIVO";1;"ATIVO";1;"Ativo";"1";"Com acessibilidade";260;260;260;0;2437;"ESCOLA MUNICIPAL DE ENSINO FUNDAMENTAL PROFª ANA MARIA DA SILVA RAMOS";"AVENIDA INSPETOR AIMORÉ, 480"
"05/10/2026";"06:29:34";2026;"04/10/2026";"1º Turno";1;"AP";"06157";"SANTANA";6;34;1;"Principal";-1;1147;"E.P.G. JOSE DE RIBAMAR PESTANA";1;"Convencional";"TV. PALMIRA MIRANDA DE ANDRADE, 540";"NOVA BRASÍLIA I";"68925000";"3283 2837";"-,0464025";"-51,1602663";1;"ATIVO";-1;"ATIVO";1;"ATIVO";1;"Ativo";"0";"Sem acessibilidade";341;341;341;0;1147;"E.P.G. JOSE DE RIBAMAR PESTANA";"TV. PALMIRA MIRANDA DE ANDRADE, 540"
"05/10/2026";"06:29:34";2026;"04/10/2026";"1º Turno";1;"AP";"06050";"MACAPÁ";14;65;1;"Principal";-1;1104;"EEEF ARACARY CORREA ALVES";1;"Convencional";"RUA RIO JAVARI, N 23";"PERPETUO SOCORRO";"68900000";"-1";",0439533";"-51,0487376";1;"ATIVO";-1;"ATIVO";1;"ATIVO";1;"Ativo";"0";"Sem acessibilidade";335;333;333;0;1104;"EEEF ARACARY CORREA ALVES";"RUA RIO JAVARI, N 23"
"05/10/2026";"06:29:34";2026;"04/10/2026";"1º Turno";1;"AP";"06050";"MACAPÁ";2;527;1;"Principal";-1;1899;"UNIVERSIDADE FEDERAL DO AMAPA - UNIFAP";1;"Convencional";"ROD. JOSMAR CHAVES PINTO, KM 02   JARDIM MARCO ZERO";"UNIVERSIDADE";"68903419";"+5596981159919";"-,0065359";"-51,0845096";1;"ATIVO";-1;"ATIVO";1;"ATIVO";1;"Ativo";"1";"Com acessibilidade";400;400;400;0;2062;"ESCOLA MUNICIPAL DE ENSINO FUNDAMENTAL PROFESSORA NEUZONA";"RUA AMADEU GAMA, 1742"
"05/10/2026";"06:29:34";2026;"04/10/2026";"1º Turno";1;"AP";"06050";"MACAPÁ";14;251;1;"Principal";-1;1350;"ESCOLA ESTADUAL PREDICANDA CARNEIRO AMORIM LOPES";1;"Convencional";"RUA RIO GRANDE DO SUL                     131";"SANTA RITA";"68900000";"+5596991555522";",0384932";"-51,0808658";1;"ATIVO";-1;"ATIVO";1;"ATIVO";1;"Ativo";"0";"Sem acessibilidade";364;359;359;0;1350;"ESCOLA ESTADUAL PREDICANDA CARNEIRO AMORIM LOPES";"RUA RIO GRANDE DO SUL                     131"
"05/10/2026";"06:29:34";2026;"04/10/2026";"1º Turno";1;"AP";"06173";"TARTARUGALZINHO";8;14;1;"Principal";-1;1031;"ESC EST REISALINA FERREIRA TOMAZ";1;"Convencional";"AV. N. S. PERPÉTUO SOCORRO, 765";"CENTRO";"68990000";"+559634221199";"1,51009521";"-50,91264494";1;"ATIVO";-1;"ATIVO";1;"ATIVO";1;"Ativo";"0";"Sem acessibilidade";257;256;256;0;1031;"ESC EST REISALINA FERREIRA TOMAZ";"AV. N. S. PERPÉTUO SOCORRO, 765"
"05/10/2026";"06:29:34";2026;"04/10/2026";"1º Turno";1;"AP";"06050";"MACAPÁ";2;916;1;"Principal";-1;2712;"ESCOLA ESTADUAL DOM ARISTIDES PIRÓVANO";1;"Convencional";"AV HENRIQUE GALUCIO           1840       SANTA RITA";"SANTA RITA";"68900115";"-1";",0319754";"-51,0668908";1;"ATIVO";-1;"ATIVO";1;"ATIVO";1;"Ativo";"0";"Sem acessibilidade";333;332;332;0;2712;"ESCOLA ESTADUAL DOM ARISTIDES PIRÓVANO";"AV HENRIQUE GALUCIO           1840       SANTA RITA"
"05/10/2026";"06:29:34";2026;"04/10/2026";"1º Turno";1;"AP";"06050";"MACAPÁ";2;960;1;"Principal";-1;2747;"ESCOLA ESTADUAL CECILIA PINTO";1;"Convencional";"RUA PROF TOSTES              122         BURITIZAL";"BURITIZAL";"68902210";"+5596992016136";",0143256";"-51,0700748";1;"ATIVO";-1;"ATIVO";1;"ATIVO";1;"Ativo";"0";"Sem acessibilidade";295;292;292;0;2747;"ESCOLA ESTADUAL CECILIA PINTO";"RUA PROF TOSTES              122         BURITIZAL"
"05/10/2026";"06:29:34";2026;"04/10/2026";"1º Turno";1;"AP";"06050";"MACAPÁ";2;523;1;"Principal";-1;1848;"ESCOLA ESTADUAL PROFº ANTONIO CASTRO MONTEIRO";1;"Convencional";"AV. DOM JOSE MARITANO         700";"ZERAO";"68900000";"+5596984136039";"-,0018708";"-51,097023";1;"ATIVO";-1;"ATIVO";1;"ATIVO";1;"Ativo";"0";"Sem acessibilidade";339;340;340;0;1848;"ESCOLA ESTADUAL PROFº ANTONIO CASTRO MONTEIRO";"AV. DOM JOSE MARITANO         700"
"05/10/2026";"06:29:34";2026;"04/10/2026";"1º Turno";1;"AP";"06050";"MACAPÁ";2;860;1;"Principal";-1;2666;"ESCOLA ESTADUAL JOSEFA JUCILEIDE AMORAS COLARES";1;"Convencional";"AV.RAIMUNDO TEQUILO GOES DE ALMEIDA    000147";"NOVA ESPERANCA";"68901610";"+5596991990317";",0317616";"-51,0825624";1;"ATIVO";-1;"ATIVO";1;"ATIVO";1;"Ativo";"0";"Sem acessibilidade";368;368;368;0;2666;"ESCOLA ESTADUAL JOSEFA JUCILEIDE AMORAS COLARES";"AV.RAIMUNDO TEQUILO GOES DE ALMEIDA    000147"
"05/10/2026";"06:29:34";2026;"04/10/2026";"1º Turno";1;"AP";"06130";"LARANJAL DO JARI";7;16;1;"Principal";-1;1112;"ESCOLA MUNICIPAL PAULO FREIRE";1;"Convencional";"RUA RIO BRANCO C/ AV. JOSÉ CEZÁRIO, N. 2001";"SAGRADO CORACAO DE JESUS";"68920000";"36212942";"-,8559813";"-52,5248382";1;"ATIVO";-1;"ATIVO";1;"ATIVO";1;"Ativo";"0";"Sem acessibilidade";251;251;251;0;1112;"ESCOLA MUNICIPAL PAULO FREIRE";"RUA RIO BRANCO C/ AV. JOSÉ CEZÁRIO, N. 2001"
"05/10/2026";"06:29:34";2026;"04/10/2026";"1º Turno";1;"AP";"06173";"TARTARUGALZINHO";8;39;1;"Principal";-1;1244;"E.E PROFESSORA MARIA JOSÉ DE NAZARÉ FERREIRA LIMA";1;"Convencional";"RUA MÃE VERÔNICA, 767";"CENTRO";"68990000";"88088926";"1,50622058";"-50,91279023";1;"ATIVO";-1;"ATIVO";1;"ATIVO";1;"Ativo";"0";"Sem acessibilidade";325;322;322;0;1244;"E.E PROFESSORA MARIA JOSÉ DE NAZARÉ FERREIRA LIMA";"RUA MÃE VERÔNICA, 767"
"05/10/2026";"06:29:34";2026;"04/10/2026";"1º Turno";1;"AP";"06076";"MAZAGÃO";5;118;1;"Principal";-1;1023;"ESCOLA ESTADUAL PROFESSORA ANTÔNIA SILVA SANTOS";1;"Convencional";"TRAVESSA NOSSA SENHORA DE ASSUNÇÃO, N 0421";"DISTRITO DE MAZAGAO VELHO";"68940000";"-1";"-,2172407";"-51,43415956";1;"ATIVO";-1;"ATIVO";1;"ATIVO";1;"Ativo";"0";"Sem acessibilidade";287;284;284;0;1023;"ESCOLA ESTADUAL PROFESSORA ANTÔNIA SILVA SANTOS";"TRAVESSA NOSSA SENHORA DE ASSUNÇÃO, N 0421"
"05/10/2026";"06:29:34";2026;"04/10/2026";"1º Turno";1;"AP";"06050";"MACAPÁ";2;827;1;"Principal";-1;1600;"ESCOLA ESTADUAL MÁRIO QUIRINO DA SILVA";1;"Convencional";"RUA CLAUDOMIRO DE MORAIS                    SN";"NOVO BURITIZAL";"68900000";"32125283";",0154748";"-51,0823276";1;"ATIVO";-1;"ATIVO";1;"ATIVO";1;"Ativo";"0";"Sem acessibilidade";390;386;386;0;1600;"ESCOLA ESTADUAL MÁRIO QUIRINO DA SILVA";"RUA CLAUDOMIRO DE MORAIS                    SN"
"05/10/2026";"06:29:34";2026;"04/10/2026";"1º Turno";1;"AP";"06157";"SANTANA";6;62;1;"Principal";-1;1163;"E.E. AFONSO ARINOS";1;"Convencional";"AV. AMAPA, 825";"ÁREA PORTUARIA";"68925055";"3283 1639";"-,05528917";"-51,17832245";1;"ATIVO";-1;"ATIVO";1;"ATIVO";1;"Ativo";"0";"Sem acessibilidade";344;344;344;0;1163;"E.E. AFONSO ARINOS";"AV. AMAPA, 825"
"05/10/2026";"06:29:34";2026;"04/10/2026";"1º Turno";1;"AP";"06050";"MACAPÁ";10;151;1;"Principal";-1;1422;"ESCOLA MUNICIPAL PROFESSOR JOSAFA AIRES DA COSTA";1;"Convencional";"RUA 1 DE JANEIRO, 974";"INFRAERO I";"68908874";"991143307";",0726402";"-51,0633359";1;"ATIVO";-1;"ATIVO";1;"ATIVO";1;"Ativo";"0";"Sem acessibilidade";377;377;377;0;1422;"ESCOLA MUNICIPAL PROFESSOR JOSAFA AIRES DA COSTA";"RUA 1 DE JANEIRO, 974"
"05/10/2026";"06:29:34";2026;"04/10/2026";"1º Turno";1;"AP";"06050";"MACAPÁ";2;656;1;"Principal";-1;1171;"ESCOLA ESTADUAL PROFª SEBASTIANA LENIR DE ALMEIDA";1;"Convencional";"AV DIOGENES SILVA         123        BURITIZAL";"BURITIZAL";"68902891";"+5596991579520";",0258939";"-51,0728225";1;"ATIVO";-1;"ATIVO";1;"ATIVO";1;"Ativo";"0";"Sem acessibilidade";285;283;283;0;1171;"ESCOLA ESTADUAL PROFª SEBASTIANA LENIR DE ALMEIDA";"AV DIOGENES SILVA         123        BURITIZAL"
"05/10/2026";"06:29:34";2026;"04/10/2026";"1º Turno";1;"AP";"06050";"MACAPÁ";10;226;1;"Principal";-1;1422;"ESCOLA MUNICIPAL PROFESSOR JOSAFA AIRES DA COSTA";1;"Convencional";"RUA 1 DE JANEIRO, 974";"INFRAERO I";"68908874";"991143307";",0726402";"-51,0633359";1;"ATIVO";-1;"ATIVO";1;"ATIVO";1;"Ativo";"0";"Sem acessibilidade";387;386;386;0;1422;"ESCOLA MUNICIPAL PROFESSOR JOSAFA AIRES DA COSTA";"RUA 1 DE JANEIRO, 974"
"05/10/2026";"06:29:34";2026;"04/10/2026";"1º Turno";1;"AP";"06157";"SANTANA";6;11;1;"Principal";-1;1058;"E.P.G. JOSE BARROSO TOSTES";1;"Convencional";"AV. 7 DE SETEMBRO, 186";"CENTRO";"68925000";"3281 1542";"-,0415918";"-51,1768394";1;"ATIVO";-1;"ATIVO";1;"ATIVO";1;"Ativo";"0";"Sem acessibilidade";293;290;290;0;1058;"E.P.G. JOSE BARROSO TOSTES";"AV. 7 DE SETEMBRO, 186"
"05/10/2026";"06:29:34";2026;"04/10/2026";"1º Turno";1;"AP";"06076";"MAZAGÃO";5;77;1;"Principal";-1;1325;"ESCOLA MUNICIPAL SÃO JOSÉ DO MARACÁ";1;"Convencional";"COMUNIDADE DE SÃO JOSÉ DO MARACÁ";"COMUNIDADE DE SÃO JOSÉ DO MARACÁ";"68900000";"-1";"-,4462172";"-51,4879897";1;"ATIVO";-1;"ATIVO";1;"ATIVO";1;"Ativo";"0";"Sem acessibilidade";125;125;125;0;1325;"ESCOLA MUNICIPAL SÃO JOSÉ DO MARACÁ";"COMUNIDADE DE SÃO JOSÉ DO MARACÁ"
"05/10/2026";"06:29:34";2026;"04/10/2026";"1º Turno";1;"AP";"06050";"MACAPÁ";10;75;1;"Principal";-1;1155;"ESCOLA ESTADUAL SAO TOME DO PACUI";1;"Convencional";"RUA JOÃO FREITAS, 195";"VILA DE SAO TOME ";"68900000";"-1";",8269993";"-50,6282704";1;"ATIVO";-1;"ATIVO";1;"ATIVO";1;"Ativo";"1";"Com acessibilidade";292;292;292;0;1155;"ESCOLA ESTADUAL SAO TOME DO PACUI";"RUA JOÃO FREITAS, 195"
"05/10/2026";"06:29:34";2026;"04/10/2026";"1º Turno";1;"AP";"06050";"MACAPÁ";2;360;1;"Principal";-1;1996;"ESCOLA ESTADUAL PROFº ROBERTO JOSE MORAIS DE CASTRO";1;"Convencional";"RUA JOVINO DINOA, 152";"BEIROL";"68908110";"-1";",0181997";"-51,0612885";1;"ATIVO";-1;"ATIVO";1;"ATIVO";1;"Ativo";"1";"Com acessibilidade";321;322;322;0;1996;"ESCOLA ESTADUAL PROFº ROBERTO JOSE MORAIS DE CASTRO";"RUA JOVINO DINOA, 152"
"05/10/2026";"06:29:34";2026;"04/10/2026";"1º Turno";1;"AP";"06050";"MACAPÁ";14;148;1;"Principal";-1;1210;"EPG PROF DEUSOLINA SALES FARIAS";1;"Convencional";"RUA GOIAS, 107";"PACOVAL";"68908340";"981331502";",0554256";"-51,0582209";1;"ATIVO";-1;"ATIVO";1;"ATIVO";1;"Ativo";"0";"Sem acessibilidade";336;335;335;0;1210;"EPG PROF DEUSOLINA SALES FARIAS";"RUA GOIAS, 107"
"05/10/2026";"06:29:34";2026;"04/10/2026";"1º Turno";1;"AP";"06041";"ITAUBAL";10;190;1;"Principal";-1;1074;"ESCOLA ESTADUAL ADELANO NUNES LACERDA";1;"Convencional";"COMUNIDADE DO URUA";"URUÁ";"68900000";"-1";",6162946";"-50,4933263";1;"ATIVO";-1;"ATIVO";1;"ATIVO";1;"Ativo";"0";"Sem acessibilidade";210;210;210;0;1074;"ESCOLA ESTADUAL ADELANO NUNES LACERDA";"COMUNIDADE DO URUA"
"05/10/2026";"06:29:34";2026;"04/10/2026";"1º Turno";1;"AP";"06050";"MACAPÁ";10;266;1;"Principal";-1;1414;"ESCOLA MUNICIPAL PROFESSORA VERA LUCIA PINON NERY";1;"Convencional";"AV. CARLOS LINS CORTES, 1405";"INFRAERO II";"68900000";"32511330";",0708299";"-51,0829593";1;"ATIVO";-1;"ATIVO";1;"ATIVO";1;"Ativo";"0";"Sem acessibilidade";389;387;387;0;1414;"ESCOLA MUNICIPAL PROFESSORA VERA LUCIA PINON NERY";"AV. CARLOS LINS CORTES, 1405"
"05/10/2026";"06:29:34";2026;"04/10/2026";"1º Turno";1;"AP";"06157";"SANTANA";6;31;1;"Principal";-1;1147;"E.P.G. JOSE DE RIBAMAR PESTANA";1;"Convencional";"TV. PALMIRA MIRANDA DE ANDRADE, 540";"NOVA BRASÍLIA I";"68925000";"3283 2837";"-,0464025";"-51,1602663";1;"ATIVO";-1;"ATIVO";1;"ATIVO";1;"Ativo";"0";"Sem acessibilidade";341;346;346;0;1147;"E.P.G. JOSE DE RIBAMAR PESTANA";"TV. PALMIRA MIRANDA DE ANDRADE, 540"
"05/10/2026";"06:29:34";2026;"04/10/2026";"1º Turno";1;"AP";"06157";"SANTANA";6;119;1;"Principal";-1;1198;"E.E. FONTE NOVA";1;"Convencional";"AV. DOM PEDRO I, 4286";"FONTE NOVA";"68928163";"3281 3288";"-,01910818";"-51,16939163";1;"ATIVO";-1;"ATIVO";1;"ATIVO";1;"Ativo";"0";"Sem acessibilidade";299;300;300;0;1198;"E.E. FONTE NOVA";"AV. DOM PEDRO I, 4286"
"05/10/2026";"06:29:34";2026;"04/10/2026";"1º Turno";1;"AP";"06050";"MACAPÁ";2;558;1;"Principal";-1;1899;"UNIVERSIDADE FEDERAL DO AMAPA - UNIFAP";1;"Convencional";"ROD. JOSMAR CHAVES PINTO, KM 02   JARDIM MARCO ZERO";"UNIVERSIDADE";"68903419";"+5596981159919";"-,0065359";"-51,0845096";1;"ATIVO";-1;"ATIVO";1;"ATIVO";1;"Ativo";"0";"Sem acessibilidade";406;406;406;0;2062;"ESCOLA MUNICIPAL DE ENSINO FUNDAMENTAL PROFESSORA NEUZONA";"RUA AMADEU GAMA, 1742"
"05/10/2026";"06:29:34";2026;"04/10/2026";"1º Turno";1;"AP";"06130";"LARANJAL DO JARI";7;92;1;"Principal";-1;1180;"ESCOLA MUNICIPAL SÃO FRANCISCO DO IRATAPURU";1;"Convencional";"COMUNIDADE IRATAPURU";"IRATAPURU";"68920000";"-1";"-,5640634";"-52,5808186";1;"ATIVO";-1;"ATIVO";1;"ATIVO";1;"Ativo";"0";"Sem acessibilidade";200;202;202;0;1180;"ESCOLA MUNICIPAL SÃO FRANCISCO DO IRATAPURU";"COMUNIDADE IRATAPURU"
"05/10/2026";"06:29:34";2026;"04/10/2026";"1º Turno";1;"AP";"06092";"OIAPOQUE";4;90;1;"Principal";-1;1201;"IFAP - INSTITUTO FEDERAL DO AMAPÁ";1;"Convencional";"RUA JOAQUIM CAETANO DA SILVA";"CENTRO";"68980000";"+559635211386";"-1";"-1";1;"ATIVO";-1;"ATIVO";1;"ATIVO";1;"Ativo";"0";"Sem acessibilidade";225;350;350;0;1201;"IFAP - INSTITUTO FEDERAL DO AMAPÁ";"RUA JOAQUIM CAETANO DA SILVA"
"05/10/2026";"06:29:34";2026;"04/10/2026";"1º Turno";1;"AP";"06084";"PEDRA BRANCA DO AMAPARI";11;20;1;"Principal";-1;1015;"ESCOLA ESTADUAL MARIA HELENA CORDEIRO";1;"Convencional";"RUA DA PAZ, 527 - CENTRAL - PEDRA BRANCA DO AMAPARI";"CENTRO";"68945000";"-1";"-1";"-1";1;"ATIVO";-1;"ATIVO";1;"ATIVO";1;"Ativo";"0";"Sem acessibilidade";342;341;341;0;1015;"ESCOLA ESTADUAL MARIA HELENA CORDEIRO";"RUA DA PAZ, 527 - CENTRAL - PEDRA BRANCA DO AMAPARI"
"05/10/2026";"06:29:34";2026;"04/10/2026";"1º Turno";1;"AP";"06157";"SANTANA";6;55;1;"Principal";-1;1210;"E.E. IGARAPE DA FORTALEZA";1;"Convencional";"RUA RIO MATAPI, 121";"IGARAPÉ DA FORTALEZA";"68925000";"3283 2250";"-,0473052";"-51,1450026";1;"ATIVO";-1;"ATIVO";1;"ATIVO";1;"Ativo";"0";"Sem acessibilidade";297;298;298;0;1104;"E.P.G. PIAUI";"RUA CRISTO REI, 01"
"05/10/2026";"06:29:34";2026;"04/10/2026";"1º Turno";1;"AP";"06017";"AMAPÁ";1;91;1;"Principal";-1;1295;"ESCOLA ESTADUAL MARIA DO CÉU GONÇALVES DIAS";1;"Convencional";"AV GUARANY, S/N";"NOVA ESPERANCA";"68950000";"-1";"2,037045";"-50,7925807";1;"ATIVO";-1;"ATIVO";1;"ATIVO";1;"Ativo";"0";"Sem acessibilidade";204;202;202;0;1295;"ESCOLA ESTADUAL MARIA DO CÉU GONÇALVES DIAS";"AV GUARANY, S/N"
"05/10/2026";"06:29:34";2026;"04/10/2026";"1º Turno";1;"AP";"06157";"SANTANA";6;87;1;"Principal";-1;1112;"E.E. ALMIRANTE BARROSO";1;"Convencional";"AV. 7 DE SETEMBRO, 533";"COMERCIAL";"68925108";"3281 3018";"-,04850279";"-51,17737876";1;"ATIVO";-1;"ATIVO";1;"ATIVO";1;"Ativo";"0";"Sem acessibilidade";302;301;301;0;1112;"E.E. ALMIRANTE BARROSO";"AV. 7 DE SETEMBRO, 533"
"05/10/2026";"06:29:34";2026;"04/10/2026";"1º Turno";1;"AP";"06092";"OIAPOQUE";4;63;1;"Principal";-1;1180;"ESCOLA MUNICIPAL PROFESSOR RUI MARQUES LOBO";1;"Convencional";"AVENIDA BARÃO DO RIO BRANCO, 960";"PLANALTO";"68980000";"-1";"3,83855395";"-51,83210956";1;"ATIVO";-1;"ATIVO";1;"ATIVO";1;"Ativo";"0";"Sem acessibilidade";282;278;278;0;1180;"ESCOLA MUNICIPAL PROFESSOR RUI MARQUES LOBO";"AVENIDA BARÃO DO RIO BRANCO, 960"
"05/10/2026";"06:29:34";2026;"04/10/2026";"1º Turno";1;"AP";"06050";"MACAPÁ";14;323;1;"Principal";-1;1465;"ESCOLA MUNICIPAL DE ENSINO FUNDAMENTAL ARACY NASCIMENTO";1;"Convencional";"RUA MARCELO CANDIA                  615";"SANTA RITA";"68901341";"+5596981077738";",0396117";"-51,0740881";1;"ATIVO";-1;"ATIVO";1;"ATIVO";1;"Ativo";"0";"Sem acessibilidade";214;213;213;0;1465;"ESCOLA MUNICIPAL DE ENSINO FUNDAMENTAL ARACY NASCIMENTO";"RUA MARCELO CANDIA                  615"
"05/10/2026";"06:29:34";2026;"04/10/2026";"1º Turno";1;"AP";"06114";"FERREIRA GOMES";12;61;1;"Principal";-1;1040;"ESCOLA MUNICIPAL PASTOR JACI TORQUATO";1;"Convencional";"AV COSTA E SILVA, 1002";"CENTRO";"68915000";"-1";",8526622";"-51,18396644";1;"ATIVO";-1;"ATIVO";1;"ATIVO";1;"Ativo";"1";"Com acessibilidade";248;246;246;0;1040;"ESCOLA MUNICIPAL PASTOR JACI TORQUATO";"AV COSTA E SILVA, 1002"
"05/10/2026";"06:29:34";2026;"04/10/2026";"1º Turno";1;"AP";"06050";"MACAPÁ";10;122;1;"Principal";-1;1554;"ESCOLA MUNICIPAL PROFESSORA MARIA JOSÉ SOUZA E SILVA";1;"Convencional";"AV. FRANCISCO ALVES CORREA, 2356";"JARDIM FELICIDADE II";"68900000";"-1";",0959246";"-51,0551102";1;"ATIVO";-1;"ATIVO";1;"ATIVO";1;"Ativo";"1";"Com acessibilidade";341;338;338;0;1554;"ESCOLA MUNICIPAL PROFESSORA MARIA JOSÉ SOUZA E SILVA";"AV. FRANCISCO ALVES CORREA, 2356"
"05/10/2026";"06:29:34";2026;"04/10/2026";"1º Turno";1;"AP";"06050";"MACAPÁ";10;390;1;"Principal";-1;1279;"ESCOLA ESTADUAL MARIA DO CARMO VIANA DOS ANJOS";1;"Convencional";"RUA FRANCISCO ALVES CORRÊA, 30, JARDIM FELICIDADE II";"JARDIM FELICIDADE II";"68900000";"991296548";",0968478";"-51,056575";1;"ATIVO";-1;"ATIVO";1;"ATIVO";1;"Ativo";"0";"Sem acessibilidade";355;354;354;0;1279;"ESCOLA ESTADUAL MARIA DO CARMO VIANA DOS ANJOS";"RUA FRANCISCO ALVES CORRÊA, 30, JARDIM FELICIDADE II"
"05/10/2026";"06:29:34";2026;"04/10/2026";"1º Turno";1;"AP";"06050";"MACAPÁ";2;891;1;"Principal";-1;2690;"ESCOLA MUNICIPAL DE ENSINO FUNDAMENTAL HILDEMAR MAIA";1;"Convencional";"AV CONEGO DOMINGOS MALTEZ                            SN";"TREM";"68900000";"5596981166806";",028695";"-51,0593602";1;"ATIVO";-1;"ATIVO";1;"ATIVO";1;"Ativo";"1";"Com acessibilidade";216;217;217;0;2690;"ESCOLA MUNICIPAL DE ENSINO FUNDAMENTAL HILDEMAR MAIA";"AV CONEGO DOMINGOS MALTEZ                            SN"
"05/10/2026";"06:29:34";2026;"04/10/2026";"1º Turno";1;"AP";"06050";"MACAPÁ";10;378;1;"Principal";-1;1724;"ESCOLA ESTADUAL PROFESSOR ANTONIO MUNHOZ LOPES";1;"Convencional";"CONJUNTO HABITACIONAL MACAPABA";"MACAPABA";"68900000";"-1";",086194";"-51,0949749";1;"ATIVO";-1;"ATIVO";1;"ATIVO";1;"Ativo";"0";"Sem acessibilidade";378;377;377;0;1724;"ESCOLA ESTADUAL PROFESSOR ANTONIO MUNHOZ LOPES";"CONJUNTO HABITACIONAL MACAPABA"
"05/10/2026";"06:29:34";2026;"04/10/2026";"1º Turno";1;"AP";"06050";"MACAPÁ";2;706;1;"Principal";-1;1902;"ESCOLA ESTADUAL REINALDO MAURICIO GOLBERT DAMASCENO";1;"Convencional";"AV 13 DE SETEMBRO      S/N";"CUBA DE ASFALTO";"68900000";"+5596981481320";",023435";"-51,0861323";1;"ATIVO";-1;"ATIVO";1;"ATIVO";1;"Ativo";"0";"Sem acessibilidade";384;380;380;0;1902;"ESCOLA ESTADUAL REINALDO MAURICIO GOLBERT DAMASCENO";"AV 13 DE SETEMBRO      S/N"
"05/10/2026";"06:29:34";2026;"04/10/2026";"1º Turno";1;"AP";"06050";"MACAPÁ";14;401;1;"Principal";-1;1619;"ESCOLA ESTADUAL MARIA JOSE CAMPELO DA SILVA";1;"Convencional";"LOCALIDADE LIMAO DO CURUA";"DISTRITO DE BAILIQUE";"68900000";"-1";",7619467";"-50,1695833";1;"ATIVO";-1;"ATIVO";1;"ATIVO";1;"Ativo";"1";"Com acessibilidade";220;222;222;0;1619;"ESCOLA ESTADUAL MARIA JOSE CAMPELO DA SILVA";"LOCALIDADE LIMAO DO CURUA"
"05/10/2026";"06:29:34";2026;"04/10/2026";"1º Turno";1;"AP";"06050";"MACAPÁ";2;769;1;"Principal";-1;1600;"ESCOLA ESTADUAL MÁRIO QUIRINO DA SILVA";1;"Convencional";"RUA CLAUDOMIRO DE MORAIS                    SN";"NOVO BURITIZAL";"68900000";"32125283";",0154748";"-51,0823276";1;"ATIVO";-1;"ATIVO";1;"ATIVO";1;"Ativo";"0";"Sem acessibilidade";373;372;372;0;1600;"ESCOLA ESTADUAL MÁRIO QUIRINO DA SILVA";"RUA CLAUDOMIRO DE MORAIS                    SN"
"05/10/2026";"06:29:34";2026;"04/10/2026";"1º Turno";1;"AP";"06076";"MAZAGÃO";5;92;1;"Principal";-1;1228;"ESCOLA ESTADUAL DOM PEDRO I";1;"Convencional";"AV INTENDENTE ALFREDO PINTO, 1205";"CENTRO";"68930000";"-1";"-,11608132";"-51,28560926";1;"ATIVO";-1;"ATIVO";1;"ATIVO";1;"Ativo";"0";"Sem acessibilidade";229;228;228;0;1228;"ESCOLA ESTADUAL DOM PEDRO I";"AV INTENDENTE ALFREDO PINTO, 1205"
"05/10/2026";"06:29:34";2026;"04/10/2026";"1º Turno";1;"AP";"06050";"MACAPÁ";10;69;1;"Principal";-1;1104;"ESCOLA ESTADUAL SAO JOAQUIM DO PACUI";1;"Convencional";"RUA MARCOS BOTAS, 719";"VILA SAO JOAQUIM DO PACUI";"68912500";"999129255";",8075247";"-50,7528024";1;"ATIVO";-1;"ATIVO";1;"ATIVO";1;"Ativo";"0";"Sem acessibilidade";313;313;313;0;1104;"ESCOLA ESTADUAL SAO JOAQUIM DO PACUI";"RUA MARCOS BOTAS, 719"
"05/10/2026";"06:29:34";2026;"04/10/2026";"1º Turno";1;"AP";"06050";"MACAPÁ";10;248;1;"Principal";-1;1422;"ESCOLA MUNICIPAL PROFESSOR JOSAFA AIRES DA COSTA";1;"Convencional";"RUA 1 DE JANEIRO, 974";"INFRAERO I";"68908874";"991143307";",0726402";"-51,0633359";1;"ATIVO";-1;"ATIVO";1;"ATIVO";1;"Ativo";"0";"Sem acessibilidade";376;373;373;0;1422;"ESCOLA MUNICIPAL PROFESSOR JOSAFA AIRES DA COSTA";"RUA 1 DE JANEIRO, 974"
"05/10/2026";"06:29:34";2026;"04/10/2026";"1º Turno";1;"AP";"06033";"CALÇOENE";1;75;1;"Principal";-1;1074;"ESCOLA ESTADUAL AMARO BRASILINO  DE FARIAS FILHO";1;"Convencional";"AVENIDA EULÁLIO MODESTO, N 2408";"BEIRA RIO";"68960000";"34231417";"2,49220243";"-50,9470054";1;"ATIVO";-1;"ATIVO";1;"ATIVO";1;"Ativo";"0";"Sem acessibilidade";271;271;271;0;1074;"ESCOLA ESTADUAL AMARO BRASILINO  DE FARIAS FILHO";"AVENIDA EULÁLIO MODESTO, N 2408"
"05/10/2026";"06:29:34";2026;"04/10/2026";"1º Turno";1;"AP";"06050";"MACAPÁ";14;277;1;"Principal";-1;1384;"ESCOLA ESTADUAL PROF.GABRIEL ALMEIDA CAFÉ";1;"Convencional";"AV FAB, 091";"CENTRO";"68900000";"+5596991622848";",040525";"-51,0610346";1;"ATIVO";-1;"ATIVO";1;"ATIVO";1;"Ativo";"0";"Sem acessibilidade";241;238;238;0;1384;"ESCOLA ESTADUAL PROF.GABRIEL ALMEIDA CAFÉ";"AV FAB, 091"
"05/10/2026";"06:29:34";2026;"04/10/2026";"1º Turno";1;"AP";"06050";"MACAPÁ";14;10;1;"Principal";-1;1031;"CENTRO DE EDUCAÇÃO PROFISSIONAL GRAZIELA REIS";1;"Convencional";"AV DUQUE DE CAXIAS - 60";"CENTRO";"68900071";"+5596991535908";",0386917";"-51,0568429";1;"ATIVO";-1;"ATIVO";1;"ATIVO";1;"Ativo";"1";"Com acessibilidade";228;227;227;0;1031;"CENTRO DE EDUCAÇÃO PROFISSIONAL GRAZIELA REIS";"AV DUQUE DE CAXIAS - 60"
"05/10/2026";"06:29:34";2026;"04/10/2026";"1º Turno";1;"AP";"06157";"SANTANA";6;271;1;"Principal";-1;1465;"ANEXO DA ESCOLA MUNICIPAL DE ENSINO BÁSICO SÃO JOSÉ";1;"Convencional";"ASSENTAMENTO DO MATÃO II";"MATÃO II";"68925000";"96991131955";",2566896";"-51,5150434";1;"ATIVO";-1;"ATIVO";1;"ATIVO";1;"Ativo";"0";"Sem acessibilidade";111;115;115;0;1465;"ANEXO DA ESCOLA MUNICIPAL DE ENSINO BÁSICO SÃO JOSÉ";"ASSENTAMENTO DO MATÃO II"
"05/10/2026";"06:29:34";2026;"04/10/2026";"1º Turno";1;"AP";"06050";"MACAPÁ";10;472;2;"Agregada";471;2003;"ESC.QUILOMBOLA ESTADUAL JOSEFA DOS SANTOS DO NASCIMENTO(GEN.CARROMBERT";1;"Convencional";"BR - 156 - KM 12, ILHA REDONDA";"ilha redonda";"68909788";"9699182998";",1418617";"-51,1476611";1;"ATIVO";-1;"ATIVO";1;"ATIVO";1;"Ativo";"0";"Sem acessibilidade";183;0;0;0;2003;"ESC.QUILOMBOLA ESTADUAL JOSEFA DOS SANTOS DO NASCIMENTO(GEN.CARROMBERT";"BR - 156 - KM 12, ILHA REDONDA"
"05/10/2026";"06:29:34";2026;"04/10/2026";"1º Turno";1;"AP";"06050";"MACAPÁ";10;218;1;"Principal";-1;1414;"ESCOLA MUNICIPAL PROFESSORA VERA LUCIA PINON NERY";1;"Convencional";"AV. CARLOS LINS CORTES, 1405";"INFRAERO II";"68900000";"32511330";",0708299";"-51,0829593";1;"ATIVO";-1;"ATIVO";1;"ATIVO";1;"Ativo";"0";"Sem acessibilidade";380;381;381;0;1414;"ESCOLA MUNICIPAL PROFESSORA VERA LUCIA PINON NERY";"AV. CARLOS LINS CORTES, 1405"
"05/10/2026";"06:29:34";2026;"04/10/2026";"1º Turno";1;"AP";"06173";"TARTARUGALZINHO";8;36;1;"Principal";-1;1236;"E.E. SÃO TOMÉ DO APOREMA";1;"Convencional";"SÃO TOMÉ DO APOREMA";"SÃO TOMÉ DO APOREMA";"68990000";"-1";"1,11058271";"-50,83355343";1;"ATIVO";-1;"ATIVO";1;"ATIVO";1;"Ativo";"0";"Sem acessibilidade";89;91;91;0;1236;"E.E. SÃO TOMÉ DO APOREMA";"SÃO TOMÉ DO APOREMA"
"05/10/2026";"06:29:34";2026;"04/10/2026";"1º Turno";1;"AP";"06130";"LARANJAL DO JARI";7;175;1;"Principal";-1;1287;"ESCOLA ESTADUAL BOM AMIGO MANOEL MANDI";1;"Convencional";"AV. VIOLETA S/N";"LOTEAMENTO SARNEY";"68920000";"+5596991210208";"-,8224539";"-52,5053175";1;"ATIVO";-1;"ATIVO";1;"ATIVO";1;"Ativo";"0";"Sem acessibilidade";365;365;365;0;1287;"ESCOLA ESTADUAL BOM AMIGO MANOEL MANDI";"AV. VIOLETA S/N"
"05/10/2026";"06:29:34";2026;"04/10/2026";"1º Turno";1;"AP";"06157";"SANTANA";6;259;1;"Principal";-1;1163;"E.E. AFONSO ARINOS";1;"Convencional";"AV. AMAPA, 825";"ÁREA PORTUARIA";"68925055";"3283 1639";"-,05528917";"-51,17832245";1;"ATIVO";-1;"ATIVO";1;"ATIVO";1;"Ativo";"0";"Sem acessibilidade";347;348;348;0;1163;"E.E. AFONSO ARINOS";"AV. AMAPA, 825"
"05/10/2026";"06:29:34";2026;"04/10/2026";"1º Turno";1;"AP";"06157";"SANTANA";6;142;1;"Principal";-1;1279;"E.M. PROF. IRANILDE";1;"Convencional";"RUA D-6, 12";"VILA AMAZONAS";"68925000";"3283 5606";"-,0549999";"-51,1590609";1;"ATIVO";-1;"ATIVO";1;"ATIVO";1;"Ativo";"0";"Sem acessibilidade";347;346;346;0;1279;"E.M. PROF. IRANILDE";"RUA D-6, 12"
"05/10/2026";"06:29:34";2026;"04/10/2026";"1º Turno";1;"AP";"06050";"MACAPÁ";14;199;1;"Principal";-1;1309;"ESCOLA ESTADUAL GUANABARA";1;"Convencional";"RUA ELIEZER LEVI, 1601";"CENTRO";"68900000";"+5596999339417";",0375666";"-51,0561729";1;"ATIVO";-1;"ATIVO";1;"ATIVO";1;"Ativo";"0";"Sem acessibilidade";217;217;217;0;1309;"ESCOLA ESTADUAL GUANABARA";"RUA ELIEZER LEVI, 1601"
"05/10/2026";"06:29:34";2026;"04/10/2026";"1º Turno";1;"AP";"06050";"MACAPÁ";2;449;1;"Principal";-1;2020;"ESCOLA ESTADUAL PROFº ANTONIO MESSIAS GONÇALVES DA SILVA";1;"Convencional";"AV. DOM JOSÉ MARITANO, 622";"ZERAO";"68900000";"+5596991046541";"-,0022242";"-51,1001204";1;"ATIVO";-1;"ATIVO";1;"ATIVO";1;"Ativo";"1";"Com acessibilidade";344;344;344;0;2020;"ESCOLA ESTADUAL PROFº ANTONIO MESSIAS GONÇALVES DA SILVA";"AV. DOM JOSÉ MARITANO, 622"
"05/10/2026";"06:29:34";2026;"04/10/2026";"1º Turno";1;"AP";"06050";"MACAPÁ";14;350;1;"Principal";-1;1490;"ESCOLA MUNICIPAL DE ENSINO FUNDAMENTAL RAIMUNDA DE LIMA GUEDES";1;"Convencional";"RUA 07 - N 194";"MARABAIXO I";"68900000";"+5596981389898";",0372505";"-51,1265339";1;"ATIVO";-1;"ATIVO";1;"ATIVO";1;"Ativo";"0";"Sem acessibilidade";288;285;285;0;1490;"ESCOLA MUNICIPAL DE ENSINO FUNDAMENTAL RAIMUNDA DE LIMA GUEDES";"RUA 07 - N 194"
"05/10/2026";"06:29:34";2026;"04/10/2026";"1º Turno";1;"AP";"06050";"MACAPÁ";10;285;1;"Principal";-1;1546;"ESCOLA ESTADUAL PROFESSORA MARIA CAVALCANTE DE AZEVEDO PICANÇO";1;"Convencional";"RUA CAJUEIRO, 543, BRASIL NOVO";"BRASIL NOVO";"68909312";"991495422";",0920931";"-51,0860936";1;"ATIVO";-1;"ATIVO";1;"ATIVO";1;"Ativo";"0";"Sem acessibilidade";384;381;381;0;1546;"ESCOLA ESTADUAL PROFESSORA MARIA CAVALCANTE DE AZEVEDO PICANÇO";"RUA CAJUEIRO, 543, BRASIL NOVO"
"05/10/2026";"06:29:34";2026;"04/10/2026";"1º Turno";1;"AP";"06076";"MAZAGÃO";5;62;1;"Principal";-1;1210;"ESCOLA ESTADUAL EVILÁSIO PEDRO DE LIMA FERREIRA";1;"Convencional";"RODOVIA MACAPA JARI BR 156 KM 132, S/N";"DISTRITO DE MARACA";"68930000";"-1";"-,17971223";"-51,73465291";1;"ATIVO";-1;"ATIVO";1;"ATIVO";1;"Ativo";"0";"Sem acessibilidade";295;293;293;0;1210;"ESCOLA ESTADUAL EVILÁSIO PEDRO DE LIMA FERREIRA";"RODOVIA MACAPA JARI BR 156 KM 132, S/N"
"05/10/2026";"06:29:34";2026;"04/10/2026";"1º Turno";1;"AP";"06050";"MACAPÁ";10;174;1;"Principal";-1;1317;"ESCOLA ESTADUAL PROFESSORA ESTHER DA SILVA VIRGOLINO";1;"Convencional";"RUA JOSE AURINO BORGES, 924";"SAO LAZARO";"68909806";"00000";",0989435";"-51,0463416";1;"ATIVO";-1;"ATIVO";1;"ATIVO";1;"Ativo";"0";"Sem acessibilidade";325;322;322;0;1317;"ESCOLA ESTADUAL PROFESSORA ESTHER DA SILVA VIRGOLINO";"RUA JOSE AURINO BORGES, 924"
"05/10/2026";"06:29:34";2026;"04/10/2026";"1º Turno";1;"AP";"06114";"FERREIRA GOMES";12;62;1;"Principal";-1;1040;"ESCOLA MUNICIPAL PASTOR JACI TORQUATO";1;"Convencional";"AV COSTA E SILVA, 1002";"CENTRO";"68915000";"-1";",8526622";"-51,18396644";1;"ATIVO";-1;"ATIVO";1;"ATIVO";1;"Ativo";"1";"Com acessibilidade";244;240;240;0;1040;"ESCOLA MUNICIPAL PASTOR JACI TORQUATO";"AV COSTA E SILVA, 1002"
"05/10/2026";"06:29:34";2026;"04/10/2026";"1º Turno";1;"AP";"06157";"SANTANA";6;77;1;"Principal";-1;1082;"E.P.G. JOANIRA DEL CASTILO";1;"Convencional";"TV. PEDRO TEIXEIRA, 194";"NOVA BRASÍLIA I";"68927251";"3283 2659";"-,0407868";"-51,1662145";1;"ATIVO";-1;"ATIVO";1;"ATIVO";1;"Ativo";"0";"Sem acessibilidade";266;267;267;0;1082;"E.P.G. JOANIRA DEL CASTILO";"TV. PEDRO TEIXEIRA, 194"
"05/10/2026";"06:29:34";2026;"04/10/2026";"1º Turno";1;"AP";"06106";"SERRA DO NAVIO";11;10;1;"Principal";-1;1015;"ESCOLA ESTADUAL DOUTOR HERMELINO HERBSTER GUSMAO";1;"Convencional";"BC7, 589, SERRA DO NAVIO";"CENTRO";"68900000";"-1";"-1";"-1";1;"ATIVO";-1;"ATIVO";1;"ATIVO";1;"Ativo";"1";"Com acessibilidade";322;321;321;0;1015;"ESCOLA ESTADUAL DOUTOR HERMELINO HERBSTER GUSMAO";"BC7, 589, SERRA DO NAVIO"
"05/10/2026";"06:29:34";2026;"04/10/2026";"1º Turno";1;"AP";"06050";"MACAPÁ";10;331;1;"Principal";-1;1660;"ESCOLA ESTADUAL DE TEMPO INTEGRAL PROFESSOR. DARCY RIBEIRO";1;"Convencional";"AV. JOSÉ FERREIRA CHUCRE, 2420";"NOVO HORIZONTE";"68909826";"-1";",0873907";"-51,0406523";1;"ATIVO";-1;"ATIVO";1;"ATIVO";1;"Ativo";"0";"Sem acessibilidade";366;363;363;0;1660;"ESCOLA ESTADUAL DE TEMPO INTEGRAL PROFESSOR. DARCY RIBEIRO";"AV. JOSÉ FERREIRA CHUCRE, 2420"
"05/10/2026";"06:29:34";2026;"04/10/2026";"1º Turno";1;"AP";"06092";"OIAPOQUE";4;70;1;"Principal";-1;1180;"ESCOLA MUNICIPAL PROFESSOR RUI MARQUES LOBO";1;"Convencional";"AVENIDA BARÃO DO RIO BRANCO, 960";"PLANALTO";"68980000";"-1";"3,83855395";"-51,83210956";1;"ATIVO";-1;"ATIVO";1;"ATIVO";1;"Ativo";"0";"Sem acessibilidade";275;275;275;0;1180;"ESCOLA MUNICIPAL PROFESSOR RUI MARQUES LOBO";"AVENIDA BARÃO DO RIO BRANCO, 960"
"05/10/2026";"06:29:34";2026;"04/10/2026";"1º Turno";1;"AP";"06050";"MACAPÁ";14;25;1;"Principal";-1;1058;"E. E. PROFª DEUZUITE CAVALCANTE";1;"Convencional";"AV. JOSÉ TUPINAMBÁ, 556, PERPÉTUO SOCORRO";"PERPETUO SOCORRO";"68900000";"991416677";",0457954";"-51,0448561";1;"ATIVO";-1;"ATIVO";1;"ATIVO";1;"Ativo";"0";"Sem acessibilidade";392;393;393;0;1058;"E. E. PROFª DEUZUITE CAVALCANTE";"AV. JOSÉ TUPINAMBÁ, 556, PERPÉTUO SOCORRO"
"05/10/2026";"06:29:34";2026;"04/10/2026";"1º Turno";1;"AP";"06050";"MACAPÁ";14;239;1;"Principal";-1;1341;"ESCOLA ESTADUAL MARIA DO SOCORRO ANDRADE SMITH";1;"Convencional";"CONJUNTO CABRALZINHO                  CABRALZINHO        SN";"CABRALZINHO";"68900000";"32611826";",0317255";"-51,1158339";1;"ATIVO";-1;"ATIVO";1;"ATIVO";1;"Ativo";"0";"Sem acessibilidade";348;345;345;0;1341;"ESCOLA ESTADUAL MARIA DO SOCORRO ANDRADE SMITH";"CONJUNTO CABRALZINHO                  CABRALZINHO        SN"
"05/10/2026";"06:29:34";2026;"04/10/2026";"1º Turno";1;"AP";"06130";"LARANJAL DO JARI";7;98;1;"Principal";-1;1155;"ESCOLA MUNICIPAL PROF. TEREZA TELES";1;"Convencional";"RUA FLORIANO PEIXOTO, N. 1024";"AGRESTE";"68920000";"96991318047";"-,8391003";"-52,5207507";1;"ATIVO";-1;"ATIVO";1;"ATIVO";1;"Ativo";"0";"Sem acessibilidade";174;172;172;0;1155;"ESCOLA MUNICIPAL PROF. TEREZA TELES";"RUA FLORIANO PEIXOTO, N. 1024"
"05/10/2026";"06:29:34";2026;"04/10/2026";"1º Turno";1;"AP";"06130";"LARANJAL DO JARI";7;110;1;"Principal";-1;1112;"ESCOLA MUNICIPAL PAULO FREIRE";1;"Convencional";"RUA RIO BRANCO C/ AV. JOSÉ CEZÁRIO, N. 2001";"SAGRADO CORACAO DE JESUS";"68920000";"36212942";"-,8559813";"-52,5248382";1;"ATIVO";-1;"ATIVO";1;"ATIVO";1;"Ativo";"0";"Sem acessibilidade";253;253;253;0;1112;"ESCOLA MUNICIPAL PAULO FREIRE";"RUA RIO BRANCO C/ AV. JOSÉ CEZÁRIO, N. 2001"
"05/10/2026";"06:29:34";2026;"04/10/2026";"1º Turno";1;"AP";"06050";"MACAPÁ";10;83;1;"Principal";-1;2089;"IGREJA SANTA CRUZ - ANEXO I";4;"Temporário";"RUA VEREADOR JÚLIO MARIA PINTO PEREIRA, 629";"JARDIM FELICIDADE I";"68909000";"991634333";"-1";"-1";1;"ATIVO";-1;"ATIVO";1;"ATIVO";1;"Ativo";"1";"Com acessibilidade";339;337;337;0;1198;"ESCOLA MUNICIPAL JARDIM FELICIDADE";"RUA VEREADOR JULIO MARIA PINTO PEREIRA 629"
"05/10/2026";"06:29:34";2026;"04/10/2026";"1º Turno";1;"AP";"06157";"SANTANA";6;58;1;"Principal";-1;1163;"E.E. AFONSO ARINOS";1;"Convencional";"AV. AMAPA, 825";"ÁREA PORTUARIA";"68925055";"3283 1639";"-,05528917";"-51,17832245";1;"ATIVO";-1;"ATIVO";1;"ATIVO";1;"Ativo";"1";"Com acessibilidade";348;348;348;0;1163;"E.E. AFONSO ARINOS";"AV. AMAPA, 825"
"05/10/2026";"06:29:34";2026;"04/10/2026";"1º Turno";1;"AP";"06130";"LARANJAL DO JARI";7;170;1;"Principal";-1;1309;"ESCOLA MUNICIPAL MUNDO ENCANTADO";1;"Convencional";"AV. SÃO JOSÉ 933";"AGRESTE";"68920000";"+5596991996240";"-,8400581";"-52,5211135";1;"ATIVO";-1;"ATIVO";1;"ATIVO";1;"Ativo";"0";"Sem acessibilidade";324;320;320;0;1309;"ESCOLA MUNICIPAL MUNDO ENCANTADO";"AV. SÃO JOSÉ 933"
"05/10/2026";"06:29:34";2026;"04/10/2026";"1º Turno";1;"AP";"06050";"MACAPÁ";2;219;1;"Principal";-1;1970;"ESCOLA ESTADUAL PROFª ARACY MIRANDA DE MONT ALVERNE";1;"Convencional";"AV. CARAMURU, 351";"BURITIZAL";"68900000";"+5596991390611";",0206229";"-51,0752537";1;"ATIVO";-1;"ATIVO";1;"ATIVO";1;"Ativo";"0";"Sem acessibilidade";308;307;307;0;1970;"ESCOLA ESTADUAL PROFª ARACY MIRANDA DE MONT ALVERNE";"AV. CARAMURU, 351"
"05/10/2026";"06:29:34";2026;"04/10/2026";"1º Turno";1;"AP";"06009";"PRACUÚBA";1;13;1;"Principal";-1;1112;"ESCOLA MUNICIPAL AUGUSTO ROCHA DE OLIVEIRA";1;"Convencional";"AV. VILA SÃO PEDRO, S/N";"CENTRO";"68918000";"-1";"-1";"-1";1;"ATIVO";-1;"ATIVO";1;"ATIVO";1;"Ativo";"0";"Sem acessibilidade";300;300;300;0;1112;"ESCOLA MUNICIPAL AUGUSTO ROCHA DE OLIVEIRA";"AV. VILA SÃO PEDRO, S/N"
"05/10/2026";"06:29:34";2026;"04/10/2026";"1º Turno";1;"AP";"06050";"MACAPÁ";2;504;1;"Principal";-1;1600;"ESCOLA ESTADUAL MÁRIO QUIRINO DA SILVA";1;"Convencional";"RUA CLAUDOMIRO DE MORAIS                    SN";"NOVO BURITIZAL";"68900000";"32125283";",0154748";"-51,0823276";1;"ATIVO";-1;"ATIVO";1;"ATIVO";1;"Ativo";"0";"Sem acessibilidade";251;250;250;0;2046;"ESCOLA ESTADUAL PROFª BENIGNA MOREIRA DE SOUZA";"RUA RAUL MONTEIRO VALDEZ - 1500"
"05/10/2026";"06:29:34";2026;"04/10/2026";"1º Turno";1;"AP";"06050";"MACAPÁ";10;471;1;"Principal";-1;2003;"ESC.QUILOMBOLA ESTADUAL JOSEFA DOS SANTOS DO NASCIMENTO(GEN.CARROMBERT";1;"Convencional";"BR - 156 - KM 12, ILHA REDONDA";"ilha redonda";"68909788";"9699182998";",1418617";"-51,1476611";1;"ATIVO";-1;"ATIVO";1;"ATIVO";1;"Ativo";"1";"Com acessibilidade";181;361;361;0;2003;"ESC.QUILOMBOLA ESTADUAL JOSEFA DOS SANTOS DO NASCIMENTO(GEN.CARROMBERT";"BR - 156 - KM 12, ILHA REDONDA"
"05/10/2026";"06:29:34";2026;"04/10/2026";"1º Turno";1;"AP";"06050";"MACAPÁ";10;72;1;"Principal";-1;1120;"ESCOLA ESTADUAL JOÃO MACIEL AMANAJÁS";1;"Convencional";"RIO IPIXUNA SN";"POVOADO DE IPIXUNA";"68900000";"-1";",2458013";"-50,7538686";1;"ATIVO";-1;"ATIVO";1;"ATIVO";1;"Ativo";"1";"Com acessibilidade";228;229;229;0;1120;"ESCOLA ESTADUAL JOÃO MACIEL AMANAJÁS";"RIO IPIXUNA SN"
"05/10/2026";"06:29:34";2026;"04/10/2026";"1º Turno";1;"AP";"06050";"MACAPÁ";2;418;1;"Principal";-1;2313;"ESCOLA MUNICIPAL DE ENSINO FUNDAMENTAL ANTONIO BARBOSA";1;"Convencional";"RUA NOVO HORIZONTE, 153";"SANTA INES";"68900000";"+5596988052658";",01499";"-51,0577573";1;"ATIVO";-1;"ATIVO";1;"ATIVO";1;"Ativo";"0";"Sem acessibilidade";158;158;158;0;2313;"ESCOLA MUNICIPAL DE ENSINO FUNDAMENTAL ANTONIO BARBOSA";"RUA NOVO HORIZONTE, 153"
"05/10/2026";"06:29:34";2026;"04/10/2026";"1º Turno";1;"AP";"06050";"MACAPÁ";14;403;1;"Principal";-1;1651;"ESCOLA ESTADUAL ROSA DOS SANTOS SARGES";1;"Convencional";"COMUNIDADE DO ARRAIOL";"DISTRITO DE BAILIQUE";"68909398";"-1";"-1";"-1";1;"ATIVO";-1;"ATIVO";1;"ATIVO";1;"Ativo";"1";"Com acessibilidade";93;276;276;0;1651;"ESCOLA ESTADUAL ROSA DOS SANTOS SARGES";"COMUNIDADE DO ARRAIOL"
"05/10/2026";"06:29:34";2026;"04/10/2026";"1º Turno";1;"AP";"06050";"MACAPÁ";2;410;1;"Principal";-1;1139;"ESCOLA ESTADUAL PROFº JOSÉ FIRMO DO NASCIMENTO";1;"Convencional";"AV CLODOVIO COELHO  - 145  - TREM";"BEIROL";"68900000";"+5596981010886";",0232182";"-51,0625066";1;"ATIVO";-1;"ATIVO";1;"ATIVO";1;"Ativo";"0";"Sem acessibilidade";230;229;229;0;1139;"ESCOLA ESTADUAL PROFº JOSÉ FIRMO DO NASCIMENTO";"AV CLODOVIO COELHO  - 145  - TREM"
"05/10/2026";"06:29:34";2026;"04/10/2026";"1º Turno";1;"AP";"06076";"MAZAGÃO";5;79;1;"Principal";-1;1120;"ESCOLA ESTADUAL PROFª MARIA DA SILVA MENDES";1;"Convencional";"VILA SÃO PEDRO, LAGO DO AJURUXI";"VILA MACEDONIA";"68940000";"-1";"-,5081858";"-51,7818016";1;"ATIVO";-1;"ATIVO";1;"ATIVO";1;"Ativo";"0";"Sem acessibilidade";228;228;228;0;1120;"ESCOLA ESTADUAL PROFª MARIA DA SILVA MENDES";"VILA SÃO PEDRO, LAGO DO AJURUXI"
"05/10/2026";"06:29:34";2026;"04/10/2026";"1º Turno";1;"AP";"06050";"MACAPÁ";10;265;1;"Principal";-1;1520;"ESCOLA ESTADUAL PROFESSOR ANTONIO FERREIRA DE LIMA NETO";1;"Convencional";"AV. FRANCISCO FELIPPE DE MIRANDA  NERY - 2336";"LOTEAMENTO BURITIS";"68908805";"+5596991423491";",0713059";"-51,0898494";1;"ATIVO";-1;"ATIVO";1;"ATIVO";1;"Ativo";"0";"Sem acessibilidade";384;383;383;0;1520;"ESCOLA ESTADUAL PROFESSOR ANTONIO FERREIRA DE LIMA NETO";"AV. FRANCISCO FELIPPE DE MIRANDA  NERY - 2336"
"05/10/2026";"06:29:34";2026;"04/10/2026";"1º Turno";1;"AP";"06050";"MACAPÁ";2;654;1;"Principal";-1;2453;"ESCOLA MUNICIPAL DE ENSINO FUNDAMENTAL CAETANO DIAS TOMAZ";1;"Convencional";"RUA DO MATADOURO, 112";"DISTRITO DE FAZENDINHA";"68911012";"+5596999083324";"-,0463079";"-51,1164641";1;"ATIVO";-1;"ATIVO";1;"ATIVO";1;"Ativo";"1";"Com acessibilidade";250;250;250;0;2453;"ESCOLA MUNICIPAL DE ENSINO FUNDAMENTAL CAETANO DIAS TOMAZ";"RUA DO MATADOURO, 112"
"05/10/2026";"06:29:34";2026;"04/10/2026";"1º Turno";1;"AP";"06050";"MACAPÁ";14;316;1;"Principal";-1;1449;"ESCOLA ESTADUAL TIRADENTES";1;"Convencional";"RUA SANTOS DUMONT         128      SANTA RITA";"SANTA RITA";"68900000";"+5596981117291";",042048";"-51,0727224";1;"ATIVO";-1;"ATIVO";1;"ATIVO";1;"Ativo";"1";"Com acessibilidade";311;309;309;0;1449;"ESCOLA ESTADUAL TIRADENTES";"RUA SANTOS DUMONT         128      SANTA RITA"
"05/10/2026";"06:29:34";2026;"04/10/2026";"1º Turno";1;"AP";"06130";"LARANJAL DO JARI";7;71;1;"Principal";-1;1066;"ESCOLA ESTADUAL MINEKO HAYASHIDA";1;"Convencional";"AVENIDA TANCREDO NEVES, 1304";"AGRESTE";"68920000";"991337867";"-,8380233";"-52,517341";1;"ATIVO";-1;"ATIVO";1;"ATIVO";1;"Ativo";"0";"Sem acessibilidade";191;189;189;0;1066;"ESCOLA ESTADUAL MINEKO HAYASHIDA";"AVENIDA TANCREDO NEVES, 1304"
"05/10/2026";"06:29:34";2026;"04/10/2026";"1º Turno";1;"AP";"06050";"MACAPÁ";10;334;1;"Principal";-1;1694;"ESCOLA MUNICIPAL LÚCIA NEVES DENIUR";1;"Convencional";"ALAMEDA CIRIGUELA, N 1088";"BRASIL NOVO";"68909333";"-1";",0986836";"-51,0849266";1;"ATIVO";-1;"ATIVO";1;"ATIVO";1;"Ativo";"0";"Sem acessibilidade";380;378;378;0;1694;"ESCOLA MUNICIPAL LÚCIA NEVES DENIUR";"ALAMEDA CIRIGUELA, N 1088"
"05/10/2026";"06:29:34";2026;"04/10/2026";"1º Turno";1;"AP";"06050";"MACAPÁ";14;138;1;"Principal";-1;1201;"EPG JESUS DE NAZARÉ";1;"Convencional";"AV PRINCESA IZABEL, 255";"JESUS DE NAZARE";"68900000";"-1";",0452543";"-51,0639409";1;"ATIVO";-1;"ATIVO";1;"ATIVO";1;"Ativo";"0";"Sem acessibilidade";346;345;345;0;1201;"EPG JESUS DE NAZARÉ";"AV PRINCESA IZABEL, 255"
"05/10/2026";"06:29:34";2026;"04/10/2026";"1º Turno";1;"AP";"06130";"LARANJAL DO JARI";7;186;1;"Principal";-1;1325;"ESCOLA ESTADUAL SANTA CLARA DO CAJARI";1;"Convencional";"COMUNIDADE SÃO PEDRO";"area rural";"68920000";"-1";"-,4566726";"-52,0787819";1;"ATIVO";-1;"ATIVO";1;"ATIVO";1;"Ativo";"0";"Sem acessibilidade";112;112;112;0;1325;"ESCOLA ESTADUAL SANTA CLARA DO CAJARI";"COMUNIDADE SÃO PEDRO"
"05/10/2026";"06:29:34";2026;"04/10/2026";"1º Turno";1;"AP";"06025";"PORTO GRANDE";12;66;1;"Principal";-1;1147;"ESCOLA MUNICIPAL JOANA MARIA DA SILVA";1;"Convencional";"BR 210 KM 142";"COMUNIDADE KM 142";"68997000";"-1";",61853638";"-51,70088743";1;"ATIVO";-1;"ATIVO";1;"ATIVO";1;"Ativo";"1";"Com acessibilidade";231;231;231;0;1147;"ESCOLA MUNICIPAL JOANA MARIA DA SILVA";"BR 210 KM 142"
"05/10/2026";"06:29:34";2026;"04/10/2026";"1º Turno";1;"AP";"06173";"TARTARUGALZINHO";8;31;1;"Principal";-1;1082;"ESC EST JUVENAL FARIAS DA COSTA";1;"Convencional";"VILA BOM JESUS DOS FERNANDES";"BOM JESUS DOS FERNANDES";"00000000";"-1";"-1";"-1";1;"ATIVO";-1;"ATIVO";1;"ATIVO";1;"Ativo";"0";"Sem acessibilidade";311;311;311;0;1082;"ESC EST JUVENAL FARIAS DA COSTA";"VILA BOM JESUS DOS FERNANDES"
"05/10/2026";"06:29:34";2026;"04/10/2026";"1º Turno";1;"AP";"06050";"MACAPÁ";10;313;1;"Principal";-1;1678;"ESCOLA ESTADUAL RISALVA FREITAS DO AMARAL";1;"Convencional";"AV CECILIA VICENTE DA PAIXÃO, S/N";"PANTANAL";"68907311";"-1";",0710676";"-51,046337";1;"ATIVO";-1;"ATIVO";1;"ATIVO";1;"Ativo";"0";"Sem acessibilidade";385;383;383;0;1678;"ESCOLA ESTADUAL RISALVA FREITAS DO AMARAL";"AV CECILIA VICENTE DA PAIXÃO, S/N"
"05/10/2026";"06:29:34";2026;"04/10/2026";"1º Turno";1;"AP";"06050";"MACAPÁ";2;698;1;"Principal";-1;2216;"ESCOLA MUNICIPAL DE ENSINO FUNDAMENTAL PARAÍSO DAS ACÁCIAS";1;"Convencional";"RUA SANTOS DUMONT - 3800";"MUCA";"68900000";"32131223";",0112199";"-51,0742907";1;"ATIVO";-1;"ATIVO";1;"ATIVO";1;"Ativo";"0";"Sem acessibilidade";262;262;262;0;2216;"ESCOLA MUNICIPAL DE ENSINO FUNDAMENTAL PARAÍSO DAS ACÁCIAS";"RUA SANTOS DUMONT - 3800"
"05/10/2026";"06:29:34";2026;"04/10/2026";"1º Turno";1;"AP";"06157";"SANTANA";6;263;1;"Principal";-1;1210;"E.E. IGARAPE DA FORTALEZA";1;"Convencional";"RUA RIO MATAPI, 121";"IGARAPÉ DA FORTALEZA";"68925000";"3283 2250";"-,0473052";"-51,1450026";1;"ATIVO";-1;"ATIVO";1;"ATIVO";1;"Ativo";"1";"Com acessibilidade";259;258;258;0;1104;"E.P.G. PIAUI";"RUA CRISTO REI, 01"
"05/10/2026";"06:29:34";2026;"04/10/2026";"1º Turno";1;"AP";"06050";"MACAPÁ";2;622;1;"Principal";-1;2151;"ESCOLA ESTADUAL RAIMUNDA VIRGOLINO";1;"Convencional";"RUA VILA DOS OLIVEIRAS, 837";"PEDRINHAS";"68903095";"32125268";",00756662";"-51,06437555";1;"ATIVO";-1;"ATIVO";1;"ATIVO";1;"Ativo";"0";"Sem acessibilidade";218;216;216;0;2151;"ESCOLA ESTADUAL RAIMUNDA VIRGOLINO";"RUA VILA DOS OLIVEIRAS, 837"
"05/10/2026";"06:29:34";2026;"04/10/2026";"1º Turno";1;"AP";"06041";"ITAUBAL";10;3;1;"Principal";-1;1023;"ESCOLA ESTADUAL WILSON HILL DE ARAUJO";1;"Convencional";"VILA DO ITAUBAL";"CENTRO";"68900000";"-1";",6019829";"-50,6995791";1;"ATIVO";-1;"ATIVO";1;"ATIVO";1;"Ativo";"0";"Sem acessibilidade";329;325;325;0;1023;"ESCOLA ESTADUAL WILSON HILL DE ARAUJO";"VILA DO ITAUBAL"
"05/10/2026";"06:29:34";2026;"04/10/2026";"1º Turno";1;"AP";"06157";"SANTANA";6;60;1;"Principal";-1;1163;"E.E. AFONSO ARINOS";1;"Convencional";"AV. AMAPA, 825";"ÁREA PORTUARIA";"68925055";"3283 1639";"-,05528917";"-51,17832245";1;"ATIVO";-1;"ATIVO";1;"ATIVO";1;"Ativo";"0";"Sem acessibilidade";346;347;347;0;1163;"E.E. AFONSO ARINOS";"AV. AMAPA, 825"
"05/10/2026";"06:29:34";2026;"04/10/2026";"1º Turno";1;"AP";"06033";"CALÇOENE";1;63;1;"Principal";-1;1040;"ESCOLA ESTADUAL JUVENAL GUIMARÃES TEIXEIRA";1;"Convencional";"AVENIDA JOSE LOURENÇO";"LOURENÇO";"68970000";"34261125";"2,31124626";"-51,6322036";1;"ATIVO";-1;"ATIVO";1;"ATIVO";1;"Ativo";"0";"Sem acessibilidade";368;368;368;0;1040;"ESCOLA ESTADUAL JUVENAL GUIMARÃES TEIXEIRA";"AVENIDA JOSE LOURENÇO"
"05/10/2026";"06:29:34";2026;"04/10/2026";"1º Turno";1;"AP";"06050";"MACAPÁ";10;76;1;"Principal";-1;1163;"ESCOLA QUILOMBOLA ESTADUAL JOSÉ BONIFÁCIO";1;"Convencional";"RUA SANTO ANTÔNIO, 129";"VILA DO CURIAU";"68900000";"-1";",13441";"-51,05296";1;"ATIVO";-1;"ATIVO";1;"ATIVO";1;"Ativo";"0";"Sem acessibilidade";335;335;335;0;1163;"ESCOLA QUILOMBOLA ESTADUAL JOSÉ BONIFÁCIO";"RUA SANTO ANTÔNIO, 129"
"05/10/2026";"06:29:34";2026;"04/10/2026";"1º Turno";1;"AP";"06050";"MACAPÁ";10;217;1;"Principal";-1;1503;"ESCOLA MUNICIPAL PROFESSOR JOSÉ LEOVES DE LIMA TEIXEIRA";1;"Convencional";"RUA RENASCIMENTO, 2041";"RENASCER";"68900000";"981381507";",0729854";"-51,0513328";1;"ATIVO";-1;"ATIVO";1;"ATIVO";1;"Ativo";"0";"Sem acessibilidade";399;396;396;0;1503;"ESCOLA MUNICIPAL PROFESSOR JOSÉ LEOVES DE LIMA TEIXEIRA";"RUA RENASCIMENTO, 2041"
"05/10/2026";"06:29:34";2026;"04/10/2026";"1º Turno";1;"AP";"06050";"MACAPÁ";10;280;1;"Principal";-1;1422;"ESCOLA MUNICIPAL PROFESSOR JOSAFA AIRES DA COSTA";1;"Convencional";"RUA 1 DE JANEIRO, 974";"INFRAERO I";"68908874";"991143307";",0726402";"-51,0633359";1;"ATIVO";-1;"ATIVO";1;"ATIVO";1;"Ativo";"0";"Sem acessibilidade";380;380;380;0;1422;"ESCOLA MUNICIPAL PROFESSOR JOSAFA AIRES DA COSTA";"RUA 1 DE JANEIRO, 974"
"05/10/2026";"06:29:34";2026;"04/10/2026";"1º Turno";1;"AP";"06076";"MAZAGÃO";5;112;1;"Principal";-1;1244;"ESCOLA ESTADUAL MANOEL QUEIROZ BENJAMIM";1;"Convencional";"RUA PRESIDENTE VARGAS, SN";"OLARIA";"68940000";"-1";"-,12342933";"-51,28345931";1;"ATIVO";-1;"ATIVO";1;"ATIVO";1;"Ativo";"0";"Sem acessibilidade";239;238;238;0;1244;"ESCOLA ESTADUAL MANOEL QUEIROZ BENJAMIM";"RUA PRESIDENTE VARGAS, SN"
"05/10/2026";"06:29:34";2026;"04/10/2026";"1º Turno";1;"AP";"06050";"MACAPÁ";10;80;1;"Principal";-1;2089;"IGREJA SANTA CRUZ - ANEXO I";4;"Temporário";"RUA VEREADOR JÚLIO MARIA PINTO PEREIRA, 629";"JARDIM FELICIDADE I";"68909000";"991634333";"-1";"-1";1;"ATIVO";-1;"ATIVO";1;"ATIVO";1;"Ativo";"0";"Sem acessibilidade";343;344;344;0;1198;"ESCOLA MUNICIPAL JARDIM FELICIDADE";"RUA VEREADOR JULIO MARIA PINTO PEREIRA 629"
"05/10/2026";"06:29:34";2026;"04/10/2026";"1º Turno";1;"AP";"06050";"MACAPÁ";2;661;1;"Principal";-1;2267;"ESCOLA ESTADUAL PROFª MARIA DE NAZARÉ PEREIRA VASCONCELOS";1;"Convencional";"RUA VILA DAS OLIVEIRAS - 372";"PEDRINHAS";"68900000";"+5596981440137";",0080908";"-51,0648757";1;"ATIVO";-1;"ATIVO";1;"ATIVO";1;"Ativo";"0";"Sem acessibilidade";355;353;353;0;2267;"ESCOLA ESTADUAL PROFª MARIA DE NAZARÉ PEREIRA VASCONCELOS";"RUA VILA DAS OLIVEIRAS - 372"
"05/10/2026";"06:29:34";2026;"04/10/2026";"1º Turno";1;"AP";"06050";"MACAPÁ";2;855;1;"Principal";-1;2658;"ESCOLA ESTADUAL IRMA SANTINA RIOLI";1;"Convencional";"RUA JOVINO DINOA, 2732";"TREM";"68900160";"-1";",027631";"-51,0607761";1;"ATIVO";-1;"ATIVO";1;"ATIVO";1;"Ativo";"0";"Sem acessibilidade";347;343;343;0;2658;"ESCOLA ESTADUAL IRMA SANTINA RIOLI";"RUA JOVINO DINOA, 2732"
"05/10/2026";"06:29:34";2026;"04/10/2026";"1º Turno";1;"AP";"06050";"MACAPÁ";14;326;1;"Principal";-1;1465;"ESCOLA MUNICIPAL DE ENSINO FUNDAMENTAL ARACY NASCIMENTO";1;"Convencional";"RUA MARCELO CANDIA                  615";"SANTA RITA";"68901341";"+5596981077738";",0396117";"-51,0740881";1;"ATIVO";-1;"ATIVO";1;"ATIVO";1;"Ativo";"0";"Sem acessibilidade";217;216;216;0;1465;"ESCOLA MUNICIPAL DE ENSINO FUNDAMENTAL ARACY NASCIMENTO";"RUA MARCELO CANDIA                  615"
"05/10/2026";"06:29:34";2026;"04/10/2026";"1º Turno";1;"AP";"06122";"VITÓRIA DO JARI";7;136;1;"Principal";-1;1015;"ESCOLA ESTADUAL MUNGUBA DO JARI";1;"Convencional";"PASSARELA PRINCIPAL JOSÉ SEMEÃO DE SOUZA, N. 473";"PRAINHA";"68920000";"36221244";"-,9292493";"-52,4277488";5;"BLOQUEADO";-1;"ATIVO";1;"ATIVO";1;"Ativo";"0";"Sem acessibilidade";194;390;390;0;1015;"ESCOLA ESTADUAL MUNGUBA DO JARI";"PASSARELA PRINCIPAL JOSÉ SEMEÃO DE SOUZA, N. 473"
"05/10/2026";"06:29:34";2026;"04/10/2026";"1º Turno";1;"AP";"06050";"MACAPÁ";14;260;1;"Principal";-1;1368;"ESCOLA ESTADUAL PROF. NILTON BALIEIRO MACHADO";1;"Convencional";"DECIMA QUINTA AVENIDA, S/N (ESQUINA COM A QUINTA RUA)";"MARABAIXO III";"68900000";"+5596991539690";",0441313";"-51,127965";1;"ATIVO";-1;"ATIVO";1;"ATIVO";1;"Ativo";"0";"Sem acessibilidade";390;390;390;0;1368;"ESCOLA ESTADUAL PROF. NILTON BALIEIRO MACHADO";"DECIMA QUINTA AVENIDA, S/N (ESQUINA COM A QUINTA RUA)"
"05/10/2026";"06:29:34";2026;"04/10/2026";"1º Turno";1;"AP";"06050";"MACAPÁ";14;126;1;"Principal";-1;1180;"EPG CASTRO ALVES";1;"Convencional";"AV. PEDRO AMERICO, 114";"JESUS DE NAZARE";"68908220";"981011638";",0519541";"-51,0593394";1;"ATIVO";-1;"ATIVO";1;"ATIVO";1;"Ativo";"0";"Sem acessibilidade";346;347;347;0;1180;"EPG CASTRO ALVES";"AV. PEDRO AMERICO, 114"
"05/10/2026";"06:29:34";2026;"04/10/2026";"1º Turno";1;"AP";"06050";"MACAPÁ";14;409;1;"Principal";-1;1635;"ESCOLA MUNICIPAL DE ENSINO FUNDMENTAL ROSA DE SHARON";1;"Convencional";"ILHA DO BRIGUE - MACEDONIA                     SN";"DISTRITO DE BAILIQUE";"68900000";"-1";",877587";"-50,048224";1;"ATIVO";-1;"ATIVO";1;"ATIVO";1;"Ativo";"0";"Sem acessibilidade";203;204;204;0;1635;"ESCOLA MUNICIPAL DE ENSINO FUNDMENTAL ROSA DE SHARON";"ILHA DO BRIGUE - MACEDONIA                     SN"
"05/10/2026";"06:29:34";2026;"04/10/2026";"1º Turno";1;"AP";"06050";"MACAPÁ";14;324;1;"Principal";-1;1465;"ESCOLA MUNICIPAL DE ENSINO FUNDAMENTAL ARACY NASCIMENTO";1;"Convencional";"RUA MARCELO CANDIA                  615";"SANTA RITA";"68901341";"+5596981077738";",0396117";"-51,0740881";1;"ATIVO";-1;"ATIVO";1;"ATIVO";1;"Ativo";"0";"Sem acessibilidade";217;217;217;0;1465;"ESCOLA MUNICIPAL DE ENSINO FUNDAMENTAL ARACY NASCIMENTO";"RUA MARCELO CANDIA                  615"
"05/10/2026";"06:29:34";2026;"04/10/2026";"1º Turno";1;"AP";"06076";"MAZAGÃO";5;108;1;"Principal";-1;1015;"ESCOLA ESTADUAL DR. MURILO BRAGA";1;"Convencional";"AV PREFEITO OSMUNDO COSTA, 439";"CENTRO";"68940000";"-1";"-,11486296";"-51,28541108";1;"ATIVO";-1;"ATIVO";1;"ATIVO";1;"Ativo";"0";"Sem acessibilidade";235;235;235;0;1015;"ESCOLA ESTADUAL DR. MURILO BRAGA";"AV PREFEITO OSMUNDO COSTA, 439"
"05/10/2026";"06:29:34";2026;"04/10/2026";"1º Turno";1;"AP";"06050";"MACAPÁ";10;193;1;"Principal";-1;1392;"ESCOLA ESTADUAL RAIMUNDA DOS PASSOS SANTOS";1;"Convencional";"AV. LOURENCO ARAUJO DE SÁ, 2162, NOVO HORIZONTE";"NOVO HORIZONTE";"68909829";"991549564";",0956351";"-51,0497879";1;"ATIVO";-1;"ATIVO";1;"ATIVO";1;"Ativo";"0";"Sem acessibilidade";382;379;379;0;1392;"ESCOLA ESTADUAL RAIMUNDA DOS PASSOS SANTOS";"AV. LOURENCO ARAUJO DE SÁ, 2162, NOVO HORIZONTE"
"05/10/2026";"06:29:34";2026;"04/10/2026";"1º Turno";1;"AP";"06157";"SANTANA";6;184;1;"Principal";-1;1260;"ESCOLA ESTADUAL SÃO JOÃO APÓSTOLO";1;"Convencional";"AV. MARIA COLARES, 1905";"NOVA BRASÍLIA I";"68927229";"32831015";"-,0369626";"-51,1661291";1;"ATIVO";-1;"ATIVO";1;"ATIVO";1;"Ativo";"0";"Sem acessibilidade";213;212;212;0;1260;"ESCOLA ESTADUAL SÃO JOÃO APÓSTOLO";"AV. MARIA COLARES, 1905"
"05/10/2026";"06:29:34";2026;"04/10/2026";"1º Turno";1;"AP";"06092";"OIAPOQUE";4;16;1;"Principal";-1;1171;"ESCOLA ESTADUAL MÁRCIA DO SOCORRO LIMA DE FRANÇA";1;"Convencional";"RUA NORBERTO PENNAFORT, N 713, CENTRO";"CENTRO";"68980000";"-1";"3,84417641";"-51,83236672";1;"ATIVO";-1;"ATIVO";1;"ATIVO";1;"Ativo";"0";"Sem acessibilidade";263;259;259;0;1171;"ESCOLA ESTADUAL MÁRCIA DO SOCORRO LIMA DE FRANÇA";"RUA NORBERTO PENNAFORT, N 713, CENTRO"
"05/10/2026";"06:29:34";2026;"04/10/2026";"1º Turno";1;"AP";"06122";"VITÓRIA DO JARI";7;134;1;"Principal";-1;1015;"ESCOLA ESTADUAL MUNGUBA DO JARI";1;"Convencional";"PASSARELA PRINCIPAL JOSÉ SEMEÃO DE SOUZA, N. 473";"PRAINHA";"68920000";"36221244";"-,9292493";"-52,4277488";5;"BLOQUEADO";-1;"ATIVO";1;"ATIVO";1;"Ativo";"0";"Sem acessibilidade";197;392;392;0;1015;"ESCOLA ESTADUAL MUNGUBA DO JARI";"PASSARELA PRINCIPAL JOSÉ SEMEÃO DE SOUZA, N. 473"
"05/10/2026";"06:29:34";2026;"04/10/2026";"1º Turno";1;"AP";"06050";"MACAPÁ";14;85;1;"Principal";-1;1139;"EEEF MARIA IVONE DE MENEZES";1;"Convencional";"RUA ANTONIO PELAES DE SOUZA 1320";"PERPETUO SOCORRO";"68900000";"-1";",0526608";"-51,0423583";5;"BLOQUEADO";-1;"ATIVO";1;"ATIVO";1;"Ativo";"0";"Sem acessibilidade";384;384;384;0;1139;"EEEF MARIA IVONE DE MENEZES";"RUA ANTONIO PELAES DE SOUZA 1320"
"05/10/2026";"06:29:34";2026;"04/10/2026";"1º Turno";1;"AP";"06050";"MACAPÁ";2;69;1;"Principal";-1;2313;"ESCOLA MUNICIPAL DE ENSINO FUNDAMENTAL ANTONIO BARBOSA";1;"Convencional";"RUA NOVO HORIZONTE, 153";"SANTA INES";"68900000";"+5596988052658";",01499";"-51,0577573";1;"ATIVO";-1;"ATIVO";1;"ATIVO";1;"Ativo";"1";"Com acessibilidade";160;159;159;0;2313;"ESCOLA MUNICIPAL DE ENSINO FUNDAMENTAL ANTONIO BARBOSA";"RUA NOVO HORIZONTE, 153"
"05/10/2026";"06:29:34";2026;"04/10/2026";"1º Turno";1;"AP";"06050";"MACAPÁ";14;43;1;"Principal";-1;1694;"ESCOLA APAE";4;"Temporário";"AV. PARAÍBA, 168";"PACOVAL";"68908280";"96991999118";"-1";"-1";1;"ATIVO";-1;"ATIVO";1;"ATIVO";1;"Ativo";"0";"Sem acessibilidade";350;352;352;0;1082;"E.M.E.F. JOSE DUARTE DE AZEVEDO";"RUA SAO PAULO, 670"
"05/10/2026";"06:29:34";2026;"04/10/2026";"1º Turno";1;"AP";"06050";"MACAPÁ";2;327;1;"Principal";-1;1600;"ESCOLA ESTADUAL MÁRIO QUIRINO DA SILVA";1;"Convencional";"RUA CLAUDOMIRO DE MORAIS                    SN";"NOVO BURITIZAL";"68900000";"32125283";",0154748";"-51,0823276";1;"ATIVO";-1;"ATIVO";1;"ATIVO";1;"Ativo";"0";"Sem acessibilidade";386;384;384;0;1600;"ESCOLA ESTADUAL MÁRIO QUIRINO DA SILVA";"RUA CLAUDOMIRO DE MORAIS                    SN"
"05/10/2026";"06:29:34";2026;"04/10/2026";"1º Turno";1;"AP";"06050";"MACAPÁ";2;80;1;"Principal";-1;1139;"ESCOLA ESTADUAL PROFº JOSÉ FIRMO DO NASCIMENTO";1;"Convencional";"AV CLODOVIO COELHO  - 145  - TREM";"BEIROL";"68900000";"+5596981010886";",0232182";"-51,0625066";1;"ATIVO";-1;"ATIVO";1;"ATIVO";1;"Ativo";"0";"Sem acessibilidade";234;235;235;0;1139;"ESCOLA ESTADUAL PROFº JOSÉ FIRMO DO NASCIMENTO";"AV CLODOVIO COELHO  - 145  - TREM"
"05/10/2026";"06:29:34";2026;"04/10/2026";"1º Turno";1;"AP";"06068";"CUTIAS";10;439;1;"Principal";-1;1040;"ESCOLA ESTADUAL MÁRIO ALVES MEIRA";1;"Convencional";"AV PRINCIPAL DO LIVRAMENTO, 832, LIVRAMENTO";"livramento";"68973000";"991724176";",8841779";"-50,7001387";1;"ATIVO";-1;"ATIVO";1;"ATIVO";1;"Ativo";"0";"Sem acessibilidade";257;254;254;0;1040;"ESCOLA ESTADUAL MÁRIO ALVES MEIRA";"AV PRINCIPAL DO LIVRAMENTO, 832, LIVRAMENTO"
"05/10/2026";"06:29:34";2026;"04/10/2026";"1º Turno";1;"AP";"06092";"OIAPOQUE";4;19;1;"Principal";-1;1015;"ESCOLA DE PRIMEIRO GRAU JOAQUIM CAETANO DA SILVA";1;"Convencional";"AVENIDA JOAQUIM CAETANO DA SILVA";"CENTRO";"00000000";"-1";"3,84761965";"-51,83541966";1;"ATIVO";-1;"ATIVO";1;"ATIVO";1;"Ativo";"0";"Sem acessibilidade";270;270;270;0;1015;"ESCOLA DE PRIMEIRO GRAU JOAQUIM CAETANO DA SILVA";"AVENIDA JOAQUIM CAETANO DA SILVA"
"05/10/2026";"06:29:34";2026;"04/10/2026";"1º Turno";1;"AP";"06050";"MACAPÁ";2;782;2;"Agregada";475;2097;"ESCOLA ESTADUAL IVANHOE GONCALVES MARTINS";1;"Convencional";"RAMAL DO POLO HORTIFRUTIGRANJEIRO";"DISTRITO DE FAZENDINHA";"68900000";"-1";"-,0228234";"-51,1109342";1;"ATIVO";-1;"ATIVO";1;"ATIVO";1;"Ativo";"0";"Sem acessibilidade";128;0;0;0;2097;"ESCOLA ESTADUAL IVANHOE GONCALVES MARTINS";"RAMAL DO POLO HORTIFRUTIGRANJEIRO"
"05/10/2026";"06:29:34";2026;"04/10/2026";"1º Turno";1;"AP";"06173";"TARTARUGALZINHO";8;42;1;"Principal";-1;1252;"ESCOLA ESTADUAL CHICO MENDES";1;"Convencional";"ASSENTAMENTO GOVERNADOR JANARY II";"ASSENTAMENTO JANARY II";"68990000";"-1";"-1";"-1";1;"ATIVO";-1;"ATIVO";1;"ATIVO";1;"Ativo";"0";"Sem acessibilidade";211;210;210;0;1252;"ESCOLA ESTADUAL CHICO MENDES";"ASSENTAMENTO GOVERNADOR JANARY II"
"05/10/2026";"06:29:34";2026;"04/10/2026";"1º Turno";1;"AP";"06025";"PORTO GRANDE";12;3;1;"Principal";-1;1015;"ESCOLA ESTADUAL JOSÉ RIBAMAR TEIXEIRA";1;"Convencional";"AVENIDA PEDRO TEIXEIRA, S/N, BAIRRO MALVINAS";"CENTRO";"68997000";"-1";",70812263";"-51,40810814";1;"ATIVO";-1;"ATIVO";1;"ATIVO";1;"Ativo";"1";"Com acessibilidade";358;358;358;0;1015;"ESCOLA ESTADUAL JOSÉ RIBAMAR TEIXEIRA";"AVENIDA PEDRO TEIXEIRA, S/N, BAIRRO MALVINAS"
"05/10/2026";"06:29:34";2026;"04/10/2026";"1º Turno";1;"AP";"06050";"MACAPÁ";2;700;1;"Principal";-1;2453;"ESCOLA MUNICIPAL DE ENSINO FUNDAMENTAL CAETANO DIAS TOMAZ";1;"Convencional";"RUA DO MATADOURO, 112";"DISTRITO DE FAZENDINHA";"68911012";"+5596999083324";"-,0463079";"-51,1164641";1;"ATIVO";-1;"ATIVO";1;"ATIVO";1;"Ativo";"0";"Sem acessibilidade";302;303;303;0;2143;"ESCOLA MUNICIPAL CACILDA FERREIRA VASCONCELOS";"ROD. SALVADOR DINI, 192"
"05/10/2026";"06:29:34";2026;"04/10/2026";"1º Turno";1;"AP";"06050";"MACAPÁ";10;264;1;"Principal";-1;1546;"ESCOLA ESTADUAL PROFESSORA MARIA CAVALCANTE DE AZEVEDO PICANÇO";1;"Convencional";"RUA CAJUEIRO, 543, BRASIL NOVO";"BRASIL NOVO";"68909312";"991495422";",0920931";"-51,0860936";1;"ATIVO";-1;"ATIVO";1;"ATIVO";1;"Ativo";"0";"Sem acessibilidade";386;383;383;0;1546;"ESCOLA ESTADUAL PROFESSORA MARIA CAVALCANTE DE AZEVEDO PICANÇO";"RUA CAJUEIRO, 543, BRASIL NOVO"
"05/10/2026";"06:29:34";2026;"04/10/2026";"1º Turno";1;"AP";"06050";"MACAPÁ";10;483;1;"Principal";-1;1880;"ESCOLA ESTADUAL MARIA MÃE DE DEUS";1;"Convencional";"RUA LARANJEIRAS, 458";"BRASIL NOVO";"68909177";"-1";",0939701";"-51,0839184";1;"ATIVO";-1;"ATIVO";1;"ATIVO";1;"Ativo";"1";"Com acessibilidade";197;199;199;0;1880;"ESCOLA ESTADUAL MARIA MÃE DE DEUS";"RUA LARANJEIRAS, 458"
"05/10/2026";"06:29:34";2026;"04/10/2026";"1º Turno";1;"AP";"06130";"LARANJAL DO JARI";7;37;1;"Principal";-1;1058;"ESCOLA ESTADUAL PROF. MARIA DE NAZARÉ RODRIGUES DA SILVA";1;"Convencional";"RUA CULTURA, N 277";"AGRESTE";"68920000";"991894068";"-,8443316";"-52,5159137";1;"ATIVO";-1;"ATIVO";1;"ATIVO";1;"Ativo";"0";"Sem acessibilidade";269;269;269;0;1058;"ESCOLA ESTADUAL PROF. MARIA DE NAZARÉ RODRIGUES DA SILVA";"RUA CULTURA, N 277"
"05/10/2026";"06:29:34";2026;"04/10/2026";"1º Turno";1;"AP";"06050";"MACAPÁ";10;444;1;"Principal";-1;1880;"ESCOLA ESTADUAL MARIA MÃE DE DEUS";1;"Convencional";"RUA LARANJEIRAS, 458";"BRASIL NOVO";"68909177";"-1";",0939701";"-51,0839184";1;"ATIVO";-1;"ATIVO";1;"ATIVO";1;"Ativo";"0";"Sem acessibilidade";391;391;391;0;1880;"ESCOLA ESTADUAL MARIA MÃE DE DEUS";"RUA LARANJEIRAS, 458"
"05/10/2026";"06:29:34";2026;"04/10/2026";"1º Turno";1;"AP";"06157";"SANTANA";6;269;1;"Principal";-1;1341;"ESCOLA ESTADUAL SAO PAULO APOSTOLO";1;"Convencional";"AVENIDA SAO PAULO APOSTOLO, 2384";"PARAÍSO";"68925000";"-1";"-,0356414";"-51,1799226";1;"ATIVO";-1;"ATIVO";1;"ATIVO";1;"Ativo";"0";"Sem acessibilidade";234;235;235;0;1341;"ESCOLA ESTADUAL SAO PAULO APOSTOLO";"AVENIDA SAO PAULO APOSTOLO, 2384"
"05/10/2026";"06:29:34";2026;"04/10/2026";"1º Turno";1;"AP";"06050";"MACAPÁ";2;848;1;"Principal";-1;2658;"ESCOLA ESTADUAL IRMA SANTINA RIOLI";1;"Convencional";"RUA JOVINO DINOA, 2732";"TREM";"68900160";"-1";",027631";"-51,0607761";1;"ATIVO";-1;"ATIVO";1;"ATIVO";1;"Ativo";"1";"Com acessibilidade";352;348;348;0;2658;"ESCOLA ESTADUAL IRMA SANTINA RIOLI";"RUA JOVINO DINOA, 2732"
"05/10/2026";"06:29:34";2026;"04/10/2026";"1º Turno";1;"AP";"06157";"SANTANA";6;90;1;"Principal";-1;1120;"E.P.G. PADRE ANGELO BIRACHI";1;"Convencional";"RUA GENERAL EMILIO GARRASTAZU MEDICI, 796";"PARAÍSO";"68925000";"3281 4963";"-,03016454";"-51,17457792";1;"ATIVO";-1;"ATIVO";1;"ATIVO";1;"Ativo";"0";"Sem acessibilidade";374;373;373;0;1120;"E.P.G. PADRE ANGELO BIRACHI";"RUA GENERAL EMILIO GARRASTAZU MEDICI, 796"
"05/10/2026";"06:29:34";2026;"04/10/2026";"1º Turno";1;"AP";"06050";"MACAPÁ";14;111;1;"Principal";-1;1163;"EMEF MAESTRO MIGUEL ALVES DA SILVA";1;"Convencional";"RUA QUINTINO JUSTO DE ALMEIDA, 120";"PERPETUO SOCORRO";"68908629";"988037090";",0510239";"-51,0471448";1;"ATIVO";-1;"ATIVO";1;"ATIVO";1;"Ativo";"0";"Sem acessibilidade";346;347;347;0;1163;"EMEF MAESTRO MIGUEL ALVES DA SILVA";"RUA QUINTINO JUSTO DE ALMEIDA, 120"
"05/10/2026";"06:29:34";2026;"04/10/2026";"1º Turno";1;"AP";"06157";"SANTANA";6;206;1;"Principal";-1;1120;"E.P.G. PADRE ANGELO BIRACHI";1;"Convencional";"RUA GENERAL EMILIO GARRASTAZU MEDICI, 796";"PARAÍSO";"68925000";"3281 4963";"-,03016454";"-51,17457792";1;"ATIVO";-1;"ATIVO";1;"ATIVO";1;"Ativo";"0";"Sem acessibilidade";374;374;374;0;1120;"E.P.G. PADRE ANGELO BIRACHI";"RUA GENERAL EMILIO GARRASTAZU MEDICI, 796"
"05/10/2026";"06:29:34";2026;"04/10/2026";"1º Turno";1;"AP";"06050";"MACAPÁ";2;565;1;"Principal";-1;2453;"ESCOLA MUNICIPAL DE ENSINO FUNDAMENTAL CAETANO DIAS TOMAZ";1;"Convencional";"RUA DO MATADOURO, 112";"DISTRITO DE FAZENDINHA";"68911012";"+5596999083324";"-,0463079";"-51,1164641";1;"ATIVO";-1;"ATIVO";1;"ATIVO";1;"Ativo";"1";"Com acessibilidade";248;248;248;0;2453;"ESCOLA MUNICIPAL DE ENSINO FUNDAMENTAL CAETANO DIAS TOMAZ";"RUA DO MATADOURO, 112"
"05/10/2026";"06:29:34";2026;"04/10/2026";"1º Turno";1;"AP";"06076";"MAZAGÃO";5;110;1;"Principal";-1;1317;"ESCOLA ESTADUAL PRESIDENTE TANCREDO NEVES";1;"Convencional";"COMUNIDADE DO RIO BANHA GRANDE";"COMUNIDADE DO RIO BANHA";"68940000";"-1";"-1";"-1";1;"ATIVO";-1;"ATIVO";1;"ATIVO";1;"Ativo";"0";"Sem acessibilidade";195;194;194;0;1317;"ESCOLA ESTADUAL PRESIDENTE TANCREDO NEVES";"COMUNIDADE DO RIO BANHA GRANDE"
"05/10/2026";"06:29:34";2026;"04/10/2026";"1º Turno";1;"AP";"06050";"MACAPÁ";2;946;1;"Principal";-1;2747;"ESCOLA ESTADUAL CECILIA PINTO";1;"Convencional";"RUA PROF TOSTES              122         BURITIZAL";"BURITIZAL";"68902210";"+5596992016136";",0143256";"-51,0700748";1;"ATIVO";-1;"ATIVO";1;"ATIVO";1;"Ativo";"1";"Com acessibilidade";298;297;297;0;2747;"ESCOLA ESTADUAL CECILIA PINTO";"RUA PROF TOSTES              122         BURITIZAL"
"05/10/2026";"06:29:34";2026;"04/10/2026";"1º Turno";1;"AP";"06050";"MACAPÁ";14;89;1;"Principal";-1;1139;"EEEF MARIA IVONE DE MENEZES";1;"Convencional";"RUA ANTONIO PELAES DE SOUZA 1320";"PERPETUO SOCORRO";"68900000";"-1";",0526608";"-51,0423583";5;"BLOQUEADO";-1;"ATIVO";1;"ATIVO";1;"Ativo";"0";"Sem acessibilidade";380;379;379;0;1139;"EEEF MARIA IVONE DE MENEZES";"RUA ANTONIO PELAES DE SOUZA 1320"
"05/10/2026";"06:29:34";2026;"04/10/2026";"1º Turno";1;"AP";"06050";"MACAPÁ";14;244;1;"Principal";-1;1341;"ESCOLA ESTADUAL MARIA DO SOCORRO ANDRADE SMITH";1;"Convencional";"CONJUNTO CABRALZINHO                  CABRALZINHO        SN";"CABRALZINHO";"68900000";"32611826";",0317255";"-51,1158339";1;"ATIVO";-1;"ATIVO";1;"ATIVO";1;"Ativo";"0";"Sem acessibilidade";351;350;350;0;1341;"ESCOLA ESTADUAL MARIA DO SOCORRO ANDRADE SMITH";"CONJUNTO CABRALZINHO                  CABRALZINHO        SN"
"05/10/2026";"06:29:34";2026;"04/10/2026";"1º Turno";1;"AP";"06157";"SANTANA";6;199;1;"Principal";-1;1201;"E.E. PROF. IZANETE VICTOR DOS SANTOS";1;"Convencional";"AV. COELHO NETO, 828";"PARAÍSO";"68925000";"3283 2783";"-,0294157";"-51,1673923";1;"ATIVO";-1;"ATIVO";1;"ATIVO";1;"Ativo";"0";"Sem acessibilidade";373;372;372;0;1201;"E.E. PROF. IZANETE VICTOR DOS SANTOS";"AV. COELHO NETO, 828"
"05/10/2026";"06:29:34";2026;"04/10/2026";"1º Turno";1;"AP";"06050";"MACAPÁ";14;325;1;"Principal";-1;1465;"ESCOLA MUNICIPAL DE ENSINO FUNDAMENTAL ARACY NASCIMENTO";1;"Convencional";"RUA MARCELO CANDIA                  615";"SANTA RITA";"68901341";"+5596981077738";",0396117";"-51,0740881";1;"ATIVO";-1;"ATIVO";1;"ATIVO";1;"Ativo";"0";"Sem acessibilidade";213;213;213;0;1465;"ESCOLA MUNICIPAL DE ENSINO FUNDAMENTAL ARACY NASCIMENTO";"RUA MARCELO CANDIA                  615"
"05/10/2026";"06:29:34";2026;"04/10/2026";"1º Turno";1;"AP";"06050";"MACAPÁ";14;272;1;"Principal";-1;1384;"ESCOLA ESTADUAL PROF.GABRIEL ALMEIDA CAFÉ";1;"Convencional";"AV FAB, 091";"CENTRO";"68900000";"+5596991622848";",040525";"-51,0610346";1;"ATIVO";-1;"ATIVO";1;"ATIVO";1;"Ativo";"0";"Sem acessibilidade";244;244;244;0;1384;"ESCOLA ESTADUAL PROF.GABRIEL ALMEIDA CAFÉ";"AV FAB, 091"
"05/10/2026";"06:29:34";2026;"04/10/2026";"1º Turno";1;"AP";"06130";"LARANJAL DO JARI";7;91;1;"Principal";-1;1198;"ESCOLA MUNICIPAL WALDEMAR BORGES DUARTE";1;"Convencional";"COMUNIDADE BOCA DO BRAÇO";"COMUNIDADE BOCA DO BRAÇO";"68920000";"-1";"-,609023";"-52,0604016";1;"ATIVO";-1;"ATIVO";1;"ATIVO";1;"Ativo";"0";"Sem acessibilidade";260;260;260;0;1198;"ESCOLA MUNICIPAL WALDEMAR BORGES DUARTE";"COMUNIDADE BOCA DO BRAÇO"
"05/10/2026";"06:29:34";2026;"04/10/2026";"1º Turno";1;"AP";"06050";"MACAPÁ";2;892;1;"Principal";-1;2690;"ESCOLA MUNICIPAL DE ENSINO FUNDAMENTAL HILDEMAR MAIA";1;"Convencional";"AV CONEGO DOMINGOS MALTEZ                            SN";"TREM";"68900000";"5596981166806";",028695";"-51,0593602";1;"ATIVO";-1;"ATIVO";1;"ATIVO";1;"Ativo";"0";"Sem acessibilidade";215;215;215;0;2690;"ESCOLA MUNICIPAL DE ENSINO FUNDAMENTAL HILDEMAR MAIA";"AV CONEGO DOMINGOS MALTEZ                            SN"
"05/10/2026";"06:29:34";2026;"04/10/2026";"1º Turno";1;"AP";"06130";"LARANJAL DO JARI";7;125;1;"Principal";-1;1040;"ESCOLA ESTADUAL SONIA HENRIQUES BARRETO";1;"Convencional";"AVENIDA TANCREDO NEVES, N. 1174";"CENTRO";"68920000";"36211459";"-,8538408";"-52,5388352";1;"ATIVO";-1;"ATIVO";1;"ATIVO";1;"Ativo";"0";"Sem acessibilidade";266;265;265;0;1040;"ESCOLA ESTADUAL SONIA HENRIQUES BARRETO";"AVENIDA TANCREDO NEVES, N. 1174"
"05/10/2026";"06:29:34";2026;"04/10/2026";"1º Turno";1;"AP";"06025";"PORTO GRANDE";12;19;1;"Principal";-1;1040;"ESCOLA MUNICIPAL CUPIXI";1;"Convencional";"VILA DO CUPIXI";"CUPIXI";"68997000";"-1";",6098031";"-51,768331";1;"ATIVO";-1;"ATIVO";1;"ATIVO";1;"Ativo";"1";"Com acessibilidade";294;293;293;0;1040;"ESCOLA MUNICIPAL CUPIXI";"VILA DO CUPIXI"
"05/10/2026";"06:29:34";2026;"04/10/2026";"1º Turno";1;"AP";"06092";"OIAPOQUE";4;84;1;"Principal";-1;1120;"CAMPUS UNIVERSITÁRIO BINACIONAL - UNIFAP";1;"Convencional";"BR 156 - KM 01";"UNIVERSIDADE";"68980000";"-1";"3,83941796";"-51,81908173";1;"ATIVO";-1;"ATIVO";1;"ATIVO";1;"Ativo";"0";"Sem acessibilidade";281;280;280;0;1120;"CAMPUS UNIVERSITÁRIO BINACIONAL - UNIFAP";"BR 156 - KM 01"
"05/10/2026";"06:29:34";2026;"04/10/2026";"1º Turno";1;"AP";"06050";"MACAPÁ";2;105;1;"Principal";-1;1171;"ESCOLA ESTADUAL PROFª SEBASTIANA LENIR DE ALMEIDA";1;"Convencional";"AV DIOGENES SILVA         123        BURITIZAL";"BURITIZAL";"68902891";"+5596991579520";",0258939";"-51,0728225";1;"ATIVO";-1;"ATIVO";1;"ATIVO";1;"Ativo";"0";"Sem acessibilidade";291;291;291;0;1171;"ESCOLA ESTADUAL PROFª SEBASTIANA LENIR DE ALMEIDA";"AV DIOGENES SILVA         123        BURITIZAL"
"05/10/2026";"06:29:34";2026;"04/10/2026";"1º Turno";1;"AP";"06050";"MACAPÁ";2;571;1;"Principal";-1;1791;"ESCOLA ESTADUAL IRINEU DA GAMA PAES";1;"Convencional";"AV RAIMUNDO CAXIAS DE SOUZA                      SN";"CONGOS";"68900000";"+5596981151638";",0090684";"-51,0934478";1;"ATIVO";-1;"ATIVO";1;"ATIVO";1;"Ativo";"0";"Sem acessibilidade";361;359;359;0;1791;"ESCOLA ESTADUAL IRINEU DA GAMA PAES";"AV RAIMUNDO CAXIAS DE SOUZA                      SN"
"05/10/2026";"06:29:34";2026;"04/10/2026";"1º Turno";1;"AP";"06114";"FERREIRA GOMES";12;57;1;"Principal";-1;1040;"ESCOLA MUNICIPAL PASTOR JACI TORQUATO";1;"Convencional";"AV COSTA E SILVA, 1002";"CENTRO";"68915000";"-1";",8526622";"-51,18396644";1;"ATIVO";-1;"ATIVO";1;"ATIVO";1;"Ativo";"1";"Com acessibilidade";245;246;246;0;1040;"ESCOLA MUNICIPAL PASTOR JACI TORQUATO";"AV COSTA E SILVA, 1002"
"05/10/2026";"06:29:34";2026;"04/10/2026";"1º Turno";1;"AP";"06050";"MACAPÁ";2;114;1;"Principal";-1;2356;"ESCOLA ESTADUAL GONÇALVES DIAS";1;"Convencional";"RUA SANTOS DUMONT     BURITIZAL      N° 121";"BURITIZAL";"68902880";"+5596991451429";",0203216";"-51,073305";1;"ATIVO";-1;"ATIVO";1;"ATIVO";1;"Ativo";"0";"Sem acessibilidade";313;310;310;0;2356;"ESCOLA ESTADUAL GONÇALVES DIAS";"RUA SANTOS DUMONT     BURITIZAL      N° 121"
"05/10/2026";"06:29:34";2026;"04/10/2026";"1º Turno";1;"AP";"06050";"MACAPÁ";10;412;1;"Principal";-1;1090;"ESCOLA ESTADUAL JULIO GONCALVES DA COSTA";1;"Convencional";"AV. CABRALZINHO, 1092";"VILA SANTA LUZIA DO PACUI";"68912500";"984035257";",8479588";"-50,6618399";1;"ATIVO";-1;"ATIVO";1;"ATIVO";1;"Ativo";"0";"Sem acessibilidade";231;229;229;0;1090;"ESCOLA ESTADUAL JULIO GONCALVES DA COSTA";"AV. CABRALZINHO, 1092"
"05/10/2026";"06:29:34";2026;"04/10/2026";"1º Turno";1;"AP";"06050";"MACAPÁ";2;888;1;"Principal";-1;2682;"ESCOLA ESTADUAL SANTA INÊS";1;"Convencional";"RUA BEIRA RIO                         SANTA INES";"SANTA INES";"68900000";"+5596991537535";",0259971";"-51,0541281";1;"ATIVO";-1;"ATIVO";1;"ATIVO";1;"Ativo";"0";"Sem acessibilidade";316;313;313;0;2682;"ESCOLA ESTADUAL SANTA INÊS";"RUA BEIRA RIO                         SANTA INES"
"05/10/2026";"06:29:34";2026;"04/10/2026";"1º Turno";1;"AP";"06157";"SANTANA";6;141;1;"Principal";-1;1163;"E.E. AFONSO ARINOS";1;"Convencional";"AV. AMAPA, 825";"ÁREA PORTUARIA";"68925055";"3283 1639";"-,05528917";"-51,17832245";1;"ATIVO";-1;"ATIVO";1;"ATIVO";1;"Ativo";"0";"Sem acessibilidade";343;343;343;0;1163;"E.E. AFONSO ARINOS";"AV. AMAPA, 825"
"05/10/2026";"06:29:34";2026;"04/10/2026";"1º Turno";1;"AP";"06050";"MACAPÁ";14;399;1;"Principal";-1;1600;"ESCOLA ESTADUAL MANOEL PEREIRA HERCULANO-JABURUZINHO";1;"Convencional";"COMUNIDADE DE JABURUZINHO";"DISTRITO DE BAILIQUE";"68900000";"-1";",8544875";"-50,2423683";1;"ATIVO";-1;"ATIVO";1;"ATIVO";1;"Ativo";"1";"Com acessibilidade";99;196;196;0;1600;"ESCOLA ESTADUAL MANOEL PEREIRA HERCULANO-JABURUZINHO";"COMUNIDADE DE JABURUZINHO"
"05/10/2026";"06:29:34";2026;"04/10/2026";"1º Turno";1;"AP";"06114";"FERREIRA GOMES";12;45;1;"Principal";-1;1015;"ESCOLA ESTADUAL PROFA. MARIA IRACI TAVARES";1;"Convencional";"RUA DUQUE DE CAXIAS, N. 521";"CENTRO";"68915000";"-1";",85830092";"-51,18378177";1;"ATIVO";-1;"ATIVO";1;"ATIVO";1;"Ativo";"1";"Com acessibilidade";377;373;373;0;1015;"ESCOLA ESTADUAL PROFA. MARIA IRACI TAVARES";"RUA DUQUE DE CAXIAS, N. 521"
"05/10/2026";"06:29:34";2026;"04/10/2026";"1º Turno";1;"AP";"06157";"SANTANA";6;245;1;"Principal";-1;1368;"ESCOLA ESTADUAL DENISE DE MELO VASCONCELOS";1;"Convencional";"TRAVESSA 24, 145";"PROVEDOR II";"68925000";"-1";"-,044795";"-51,152917";1;"ATIVO";-1;"ATIVO";1;"ATIVO";1;"Ativo";"0";"Sem acessibilidade";270;268;268;0;1368;"ESCOLA ESTADUAL DENISE DE MELO VASCONCELOS";"TRAVESSA 24, 145"
"05/10/2026";"06:29:34";2026;"04/10/2026";"1º Turno";1;"AP";"06050";"MACAPÁ";14;149;1;"Principal";-1;1210;"EPG PROF DEUSOLINA SALES FARIAS";1;"Convencional";"RUA GOIAS, 107";"PACOVAL";"68908340";"981331502";",0554256";"-51,0582209";1;"ATIVO";-1;"ATIVO";1;"ATIVO";1;"Ativo";"0";"Sem acessibilidade";334;334;334;0;1210;"EPG PROF DEUSOLINA SALES FARIAS";"RUA GOIAS, 107"
"05/10/2026";"06:29:34";2026;"04/10/2026";"1º Turno";1;"AP";"06050";"MACAPÁ";10;384;1;"Principal";-1;1635;"ESCOLA ESTADUAL NOSSA SENHORA DE NAZARÉ";1;"Convencional";"AV. AMAZONAS, N 432";"AMAZONAS";"68909695";"96981155986";",0904541";"-51,1174797";1;"ATIVO";-1;"ATIVO";1;"ATIVO";1;"Ativo";"0";"Sem acessibilidade";357;357;357;0;1635;"ESCOLA ESTADUAL NOSSA SENHORA DE NAZARÉ";"AV. AMAZONAS, N 432"
"05/10/2026";"06:29:34";2026;"04/10/2026";"1º Turno";1;"AP";"06009";"PRACUÚBA";1;78;1;"Principal";-1;1252;"ESCOLA MUNICIPAL MARIA ENILZA COSTA ALVES";1;"Convencional";"RAMAL DA AGROVILA, 4881";"AGROVILA CUJUBIM";"68900000";"988075903";"1,6569298";"-50,9624004";1;"ATIVO";-1;"ATIVO";1;"ATIVO";1;"Ativo";"0";"Sem acessibilidade";146;146;146;0;1252;"ESCOLA MUNICIPAL MARIA ENILZA COSTA ALVES";"RAMAL DA AGROVILA, 4881"
"05/10/2026";"06:29:34";2026;"04/10/2026";"1º Turno";1;"AP";"06033";"CALÇOENE";1;54;1;"Principal";-1;1015;"ESCOLA ESTADUAL PROFº. SILVIO ELITO DE LIMA SANTOS";1;"Convencional";"AV MANOEL SARMENTO, N. 0266";"CENTRO";"68960000";"34231500";"2,4976326";"-50,9572776";1;"ATIVO";-1;"ATIVO";1;"ATIVO";1;"Ativo";"0";"Sem acessibilidade";323;322;322;0;1015;"ESCOLA ESTADUAL PROFº. SILVIO ELITO DE LIMA SANTOS";"AV MANOEL SARMENTO, N. 0266"
"05/10/2026";"06:29:34";2026;"04/10/2026";"1º Turno";1;"AP";"06050";"MACAPÁ";14;280;1;"Principal";-1;1384;"ESCOLA ESTADUAL PROF.GABRIEL ALMEIDA CAFÉ";1;"Convencional";"AV FAB, 091";"CENTRO";"68900000";"+5596991622848";",040525";"-51,0610346";1;"ATIVO";-1;"ATIVO";1;"ATIVO";1;"Ativo";"0";"Sem acessibilidade";244;240;240;0;1384;"ESCOLA ESTADUAL PROF.GABRIEL ALMEIDA CAFÉ";"AV FAB, 091"
"05/10/2026";"06:29:34";2026;"04/10/2026";"1º Turno";1;"AP";"06050";"MACAPÁ";14;52;1;"Principal";-1;1694;"ESCOLA APAE";4;"Temporário";"AV. PARAÍBA, 168";"PACOVAL";"68908280";"96991999118";"-1";"-1";1;"ATIVO";-1;"ATIVO";1;"ATIVO";1;"Ativo";"0";"Sem acessibilidade";354;354;354;0;1082;"E.M.E.F. JOSE DUARTE DE AZEVEDO";"RUA SAO PAULO, 670"
"05/10/2026";"06:29:34";2026;"04/10/2026";"1º Turno";1;"AP";"06050";"MACAPÁ";2;371;1;"Principal";-1;1783;"ESCOLA ESTADUAL LAURO CHAVES";1;"Convencional";"AV TEMBES       SN";"MUCA";"68900000";"32411440";",0130979";"-51,074366";1;"ATIVO";-1;"ATIVO";1;"ATIVO";1;"Ativo";"0";"Sem acessibilidade";262;261;261;0;1783;"ESCOLA ESTADUAL LAURO CHAVES";"AV TEMBES       SN"
"05/10/2026";"06:29:34";2026;"04/10/2026";"1º Turno";1;"AP";"06050";"MACAPÁ";14;119;1;"Principal";-1;1171;"EMEF RONDONIA";1;"Convencional";"RUA JOVINO DINOA 741";"JESUS DE NAZARE";"68900000";"-1";",0454089";"-51,059362";1;"ATIVO";-1;"ATIVO";1;"ATIVO";1;"Ativo";"0";"Sem acessibilidade";350;352;351;0;1171;"EMEF RONDONIA";"RUA JOVINO DINOA 741"
"05/10/2026";"06:29:34";2026;"04/10/2026";"1º Turno";1;"AP";"06050";"MACAPÁ";2;659;1;"Principal";-1;1163;"ESCOLA MUNICIPAL DE ENSINO FUNDAMENTAL RORAIMA";1;"Convencional";"RUA HILDEMAR MAIA ,   2549";"BURITIZAL";"68902870";"000000000";",0239286";"-51,0709472";1;"ATIVO";-1;"ATIVO";1;"ATIVO";1;"Ativo";"1";"Com acessibilidade";214;217;217;0;2224;"ESCOLA MUNICIPAL DE ENSINO FUNDAMENTAL EUNICE PICANÇO";"RUA CLAUDOMIRO DE MORAES - 3015"
"05/10/2026";"06:29:34";2026;"04/10/2026";"1º Turno";1;"AP";"06157";"SANTANA";6;50;1;"Principal";-1;1082;"E.P.G. JOANIRA DEL CASTILO";1;"Convencional";"TV. PEDRO TEIXEIRA, 194";"NOVA BRASÍLIA I";"68927251";"3283 2659";"-,0407868";"-51,1662145";1;"ATIVO";-1;"ATIVO";1;"ATIVO";1;"Ativo";"0";"Sem acessibilidade";267;265;265;0;1082;"E.P.G. JOANIRA DEL CASTILO";"TV. PEDRO TEIXEIRA, 194"
"05/10/2026";"06:29:34";2026;"04/10/2026";"1º Turno";1;"AP";"06050";"MACAPÁ";10;255;1;"Principal";-1;1546;"ESCOLA ESTADUAL PROFESSORA MARIA CAVALCANTE DE AZEVEDO PICANÇO";1;"Convencional";"RUA CAJUEIRO, 543, BRASIL NOVO";"BRASIL NOVO";"68909312";"991495422";",0920931";"-51,0860936";1;"ATIVO";-1;"ATIVO";1;"ATIVO";1;"Ativo";"0";"Sem acessibilidade";387;387;387;0;1546;"ESCOLA ESTADUAL PROFESSORA MARIA CAVALCANTE DE AZEVEDO PICANÇO";"RUA CAJUEIRO, 543, BRASIL NOVO"
"05/10/2026";"06:29:34";2026;"04/10/2026";"1º Turno";1;"AP";"06050";"MACAPÁ";2;849;1;"Principal";-1;2658;"ESCOLA ESTADUAL IRMA SANTINA RIOLI";1;"Convencional";"RUA JOVINO DINOA, 2732";"TREM";"68900160";"-1";",027631";"-51,0607761";1;"ATIVO";-1;"ATIVO";1;"ATIVO";1;"Ativo";"0";"Sem acessibilidade";351;348;348;0;2658;"ESCOLA ESTADUAL IRMA SANTINA RIOLI";"RUA JOVINO DINOA, 2732"
"05/10/2026";"06:29:34";2026;"04/10/2026";"1º Turno";1;"AP";"06050";"MACAPÁ";2;949;1;"Principal";-1;2747;"ESCOLA ESTADUAL CECILIA PINTO";1;"Convencional";"RUA PROF TOSTES              122         BURITIZAL";"BURITIZAL";"68902210";"+5596992016136";",0143256";"-51,0700748";1;"ATIVO";-1;"ATIVO";1;"ATIVO";1;"Ativo";"0";"Sem acessibilidade";297;297;297;0;2747;"ESCOLA ESTADUAL CECILIA PINTO";"RUA PROF TOSTES              122         BURITIZAL"
"05/10/2026";"06:29:34";2026;"04/10/2026";"1º Turno";1;"AP";"06050";"MACAPÁ";2;932;1;"Principal";-1;2720;"ESCOLA ESTADUAL DR.ALEXANDRE VAZ TAVARES";1;"Convencional";"AV FELICIANO COELHO                                SN";"TREM";"68900000";"+5596984097424";",0294743";"-51,0595886";1;"ATIVO";-1;"ATIVO";1;"ATIVO";1;"Ativo";"0";"Sem acessibilidade";330;328;328;0;2720;"ESCOLA ESTADUAL DR.ALEXANDRE VAZ TAVARES";"AV FELICIANO COELHO                                SN"
"05/10/2026";"06:29:34";2026;"04/10/2026";"1º Turno";1;"AP";"06050";"MACAPÁ";10;482;1;"Principal";-1;1864;"ESCOLA MUNICIPAL SANDRA DO SOCORRO TOLOSA DA SILVA";1;"Convencional";"AV. CID BROGES DE SANTANA, 2237";"INFRAERO II";"68908052";"-1";",06782";"-51,0905476";1;"ATIVO";-1;"ATIVO";1;"ATIVO";1;"Ativo";"1";"Com acessibilidade";66;68;68;0;1864;"ESCOLA MUNICIPAL SANDRA DO SOCORRO TOLOSA DA SILVA";"AV. CID BROGES DE SANTANA, 2237"
"05/10/2026";"06:29:34";2026;"04/10/2026";"1º Turno";1;"AP";"06050";"MACAPÁ";10;134;1;"Principal";-1;1317;"ESCOLA ESTADUAL PROFESSORA ESTHER DA SILVA VIRGOLINO";1;"Convencional";"RUA JOSE AURINO BORGES, 924";"SAO LAZARO";"68909806";"00000";",0989435";"-51,0463416";1;"ATIVO";-1;"ATIVO";1;"ATIVO";1;"Ativo";"0";"Sem acessibilidade";334;334;334;0;1317;"ESCOLA ESTADUAL PROFESSORA ESTHER DA SILVA VIRGOLINO";"RUA JOSE AURINO BORGES, 924"
"05/10/2026";"06:29:34";2026;"04/10/2026";"1º Turno";1;"AP";"06050";"MACAPÁ";2;415;1;"Principal";-1;1295;"ESCOLA ESTADUAL JOSÉ DO PATROCINIO";1;"Convencional";"RUA DO ESTALEIRO, 203, FAZENDINHA ";"DISTRITO DE FAZENDINHA";"68911465";"00000000";"-,0541101";"-51,1131405";1;"ATIVO";-1;"ATIVO";1;"ATIVO";1;"Ativo";"0";"Sem acessibilidade";258;259;259;0;1295;"ESCOLA ESTADUAL JOSÉ DO PATROCINIO";"RUA DO ESTALEIRO, 203, FAZENDINHA "
"05/10/2026";"06:29:34";2026;"04/10/2026";"1º Turno";1;"AP";"06157";"SANTANA";6;137;1;"Principal";-1;1147;"E.P.G. JOSE DE RIBAMAR PESTANA";1;"Convencional";"TV. PALMIRA MIRANDA DE ANDRADE, 540";"NOVA BRASÍLIA I";"68925000";"3283 2837";"-,0464025";"-51,1602663";1;"ATIVO";-1;"ATIVO";1;"ATIVO";1;"Ativo";"0";"Sem acessibilidade";341;342;342;0;1147;"E.P.G. JOSE DE RIBAMAR PESTANA";"TV. PALMIRA MIRANDA DE ANDRADE, 540"
"05/10/2026";"06:29:34";2026;"04/10/2026";"1º Turno";1;"AP";"06050";"MACAPÁ";10;289;1;"Principal";-1;1546;"ESCOLA ESTADUAL PROFESSORA MARIA CAVALCANTE DE AZEVEDO PICANÇO";1;"Convencional";"RUA CAJUEIRO, 543, BRASIL NOVO";"BRASIL NOVO";"68909312";"991495422";",0920931";"-51,0860936";1;"ATIVO";-1;"ATIVO";1;"ATIVO";1;"Ativo";"0";"Sem acessibilidade";386;386;386;0;1546;"ESCOLA ESTADUAL PROFESSORA MARIA CAVALCANTE DE AZEVEDO PICANÇO";"RUA CAJUEIRO, 543, BRASIL NOVO"
"05/10/2026";"06:29:34";2026;"04/10/2026";"1º Turno";1;"AP";"06050";"MACAPÁ";2;458;1;"Principal";-1;2151;"ESCOLA ESTADUAL RAIMUNDA VIRGOLINO";1;"Convencional";"RUA VILA DOS OLIVEIRAS, 837";"PEDRINHAS";"68903095";"32125268";",00756662";"-51,06437555";1;"ATIVO";-1;"ATIVO";1;"ATIVO";1;"Ativo";"0";"Sem acessibilidade";220;221;221;0;2151;"ESCOLA ESTADUAL RAIMUNDA VIRGOLINO";"RUA VILA DOS OLIVEIRAS, 837"
"05/10/2026";"06:29:34";2026;"04/10/2026";"1º Turno";1;"AP";"06122";"VITÓRIA DO JARI";7;181;1;"Principal";-1;1023;"ESCOLA ESTADUAL JARILÂNDIA";1;"Convencional";"VILA DE JARILÂNDIA, N. 1222";"VILA DE SAO JOAO DO CAJARI";"68920000";"36229000";"-1,1240376";"-51,9947213";1;"ATIVO";-1;"ATIVO";1;"ATIVO";1;"Ativo";"0";"Sem acessibilidade";261;262;262;0;1023;"ESCOLA ESTADUAL JARILÂNDIA";"VILA DE JARILÂNDIA, N. 1222"
"05/10/2026";"06:29:34";2026;"04/10/2026";"1º Turno";1;"AP";"06050";"MACAPÁ";2;621;1;"Principal";-1;1899;"UNIVERSIDADE FEDERAL DO AMAPA - UNIFAP";1;"Convencional";"ROD. JOSMAR CHAVES PINTO, KM 02   JARDIM MARCO ZERO";"UNIVERSIDADE";"68903419";"+5596981159919";"-,0065359";"-51,0845096";1;"ATIVO";-1;"ATIVO";1;"ATIVO";1;"Ativo";"0";"Sem acessibilidade";381;370;370;0;1899;"UNIVERSIDADE FEDERAL DO AMAPA - UNIFAP";"ROD. JOSMAR CHAVES PINTO, KM 02   JARDIM MARCO ZERO"
"05/10/2026";"06:29:34";2026;"04/10/2026";"1º Turno";1;"AP";"06157";"SANTANA";6;254;2;"Agregada";118;1228;"E.P.G MATAO I";1;"Convencional";"COMUNIDADE DO RAMAL I DO PIACACA";"MATÃO I";"68925000";"96984283889";",2933376";"-51,494461";1;"ATIVO";-1;"ATIVO";1;"ATIVO";1;"Ativo";"0";"Sem acessibilidade";81;0;0;0;1228;"E.P.G MATAO I";"COMUNIDADE DO RAMAL I DO PIACACA"
"05/10/2026";"06:29:34";2026;"04/10/2026";"1º Turno";1;"AP";"06017";"AMAPÁ";1;12;1;"Principal";-1;1104;"ESCOLA ESTADUAL VIDAL DE NEGREIROS";1;"Convencional";"AV. DESIDERIO ANTONIO COELHO, 470, CENTRO";"SETE MANGUEIRAS";"68950000";"-1";"2,0471077";"-50,7919131";1;"ATIVO";-1;"ATIVO";1;"ATIVO";1;"Ativo";"0";"Sem acessibilidade";268;268;268;0;1104;"ESCOLA ESTADUAL VIDAL DE NEGREIROS";"AV. DESIDERIO ANTONIO COELHO, 470, CENTRO"
"05/10/2026";"06:29:34";2026;"04/10/2026";"1º Turno";1;"AP";"06050";"MACAPÁ";2;913;1;"Principal";-1;2712;"ESCOLA ESTADUAL DOM ARISTIDES PIRÓVANO";1;"Convencional";"AV HENRIQUE GALUCIO           1840       SANTA RITA";"SANTA RITA";"68900115";"-1";",0319754";"-51,0668908";1;"ATIVO";-1;"ATIVO";1;"ATIVO";1;"Ativo";"0";"Sem acessibilidade";341;341;341;0;2712;"ESCOLA ESTADUAL DOM ARISTIDES PIRÓVANO";"AV HENRIQUE GALUCIO           1840       SANTA RITA"
"05/10/2026";"06:29:34";2026;"04/10/2026";"1º Turno";1;"AP";"06050";"MACAPÁ";2;796;1;"Principal";-1;2240;"ESCOLA MUNICIPAL DE ENSINO FUNDAMENTAL ELITA NUNES MELO";1;"Convencional";"AVENIDA 14 DE JULHO - 1050";"NOVO BURITIZAL";"68904730";"+5596981226475";",018097";"-51,0788441";1;"ATIVO";-1;"ATIVO";1;"ATIVO";1;"Ativo";"0";"Sem acessibilidade";182;183;183;0;2240;"ESCOLA MUNICIPAL DE ENSINO FUNDAMENTAL ELITA NUNES MELO";"AVENIDA 14 DE JULHO - 1050"
"05/10/2026";"06:29:34";2026;"04/10/2026";"1º Turno";1;"AP";"06130";"LARANJAL DO JARI";7;20;1;"Principal";-1;1139;"ESCOLA ESTADUAL PROF. VANDA MARIA DE SOUZA CABETE";1;"Convencional";"AV. FORTALEZA, N. 1456";"LOTEAMENTO CAJARY";"68920000";"36211625";"-,8283483";"-52,5120059";5;"BLOQUEADO";-1;"ATIVO";1;"ATIVO";1;"Ativo";"0";"Sem acessibilidade";277;276;276;0;1139;"ESCOLA ESTADUAL PROF. VANDA MARIA DE SOUZA CABETE";"AV. FORTALEZA, N. 1456"
"05/10/2026";"06:29:34";2026;"04/10/2026";"1º Turno";1;"AP";"06157";"SANTANA";6;122;1;"Principal";-1;1163;"E.E. AFONSO ARINOS";1;"Convencional";"AV. AMAPA, 825";"ÁREA PORTUARIA";"68925055";"3283 1639";"-,05528917";"-51,17832245";1;"ATIVO";-1;"ATIVO";1;"ATIVO";1;"Ativo";"0";"Sem acessibilidade";333;333;333;0;1163;"E.E. AFONSO ARINOS";"AV. AMAPA, 825"
"05/10/2026";"06:29:34";2026;"04/10/2026";"1º Turno";1;"AP";"06157";"SANTANA";6;159;1;"Principal";-1;1244;"E.M. PROFESSORA MARIA ILNAH DE SOUZA";1;"Convencional";"RUA ADALVARO ALVES CAVALCANTE, 2060";"PROVEDOR I";"68925000";"3283 5749";"-,0410583";"-51,1578353";1;"ATIVO";-1;"ATIVO";1;"ATIVO";1;"Ativo";"1";"Com acessibilidade";350;349;349;0;1244;"E.M. PROFESSORA MARIA ILNAH DE SOUZA";"RUA ADALVARO ALVES CAVALCANTE, 2060"
"05/10/2026";"06:29:34";2026;"04/10/2026";"1º Turno";1;"AP";"06041";"ITAUBAL";10;297;1;"Principal";-1;1023;"ESCOLA ESTADUAL WILSON HILL DE ARAUJO";1;"Convencional";"VILA DO ITAUBAL";"CENTRO";"68900000";"-1";",6019829";"-50,6995791";1;"ATIVO";-1;"ATIVO";1;"ATIVO";1;"Ativo";"1";"Com acessibilidade";320;318;318;0;1023;"ESCOLA ESTADUAL WILSON HILL DE ARAUJO";"VILA DO ITAUBAL"
"05/10/2026";"06:29:34";2026;"04/10/2026";"1º Turno";1;"AP";"06050";"MACAPÁ";10;253;1;"Principal";-1;1589;"ESCOLA ESTADUAL SÃO SEBASTIÃO";1;"Convencional";"VILA DE SÃO SEBASTIÃO DA BOA VISTA";"COMUNIDADE SÃO SEBASTIÃO DA BOA VISTA";"68900000";"984175217";",7955244";"-50,6459287";1;"ATIVO";-1;"ATIVO";1;"ATIVO";1;"Ativo";"1";"Com acessibilidade";230;230;230;0;1589;"ESCOLA ESTADUAL SÃO SEBASTIÃO";"VILA DE SÃO SEBASTIÃO DA BOA VISTA"
"05/10/2026";"06:29:34";2026;"04/10/2026";"1º Turno";1;"AP";"06050";"MACAPÁ";2;742;1;"Principal";-1;2453;"ESCOLA MUNICIPAL DE ENSINO FUNDAMENTAL CAETANO DIAS TOMAZ";1;"Convencional";"RUA DO MATADOURO, 112";"DISTRITO DE FAZENDINHA";"68911012";"+5596999083324";"-,0463079";"-51,1164641";1;"ATIVO";-1;"ATIVO";1;"ATIVO";1;"Ativo";"1";"Com acessibilidade";302;302;302;0;2143;"ESCOLA MUNICIPAL CACILDA FERREIRA VASCONCELOS";"ROD. SALVADOR DINI, 192"
"05/10/2026";"06:29:34";2026;"04/10/2026";"1º Turno";1;"AP";"06157";"SANTANA";6;59;1;"Principal";-1;1163;"E.E. AFONSO ARINOS";1;"Convencional";"AV. AMAPA, 825";"ÁREA PORTUARIA";"68925055";"3283 1639";"-,05528917";"-51,17832245";1;"ATIVO";-1;"ATIVO";1;"ATIVO";1;"Ativo";"0";"Sem acessibilidade";343;344;344;0;1163;"E.E. AFONSO ARINOS";"AV. AMAPA, 825"
"05/10/2026";"06:29:34";2026;"04/10/2026";"1º Turno";1;"AP";"06157";"SANTANA";6;113;1;"Principal";-1;1210;"E.E. IGARAPE DA FORTALEZA";1;"Convencional";"RUA RIO MATAPI, 121";"IGARAPÉ DA FORTALEZA";"68925000";"3283 2250";"-,0473052";"-51,1450026";1;"ATIVO";-1;"ATIVO";1;"ATIVO";1;"Ativo";"1";"Com acessibilidade";379;378;378;0;1210;"E.E. IGARAPE DA FORTALEZA";"RUA RIO MATAPI, 121"
"05/10/2026";"06:29:34";2026;"04/10/2026";"1º Turno";1;"AP";"06130";"LARANJAL DO JARI";7;57;1;"Principal";-1;1104;"ESCOLA MUNICIPAL TEREZINHA LIMA QUEIROGA DE SOUZA";1;"Convencional";"AVENIDA MAZAGÃO, N. 105";"CASTANHEIRA";"68920000";"96991438894";"-,8342031";"-52,5175861";1;"ATIVO";-1;"ATIVO";1;"ATIVO";1;"Ativo";"0";"Sem acessibilidade";362;360;360;0;1104;"ESCOLA MUNICIPAL TEREZINHA LIMA QUEIROGA DE SOUZA";"AVENIDA MAZAGÃO, N. 105"
"05/10/2026";"06:29:34";2026;"04/10/2026";"1º Turno";1;"AP";"06033";"CALÇOENE";1;55;1;"Principal";-1;1023;"ESCOLA ESTADUAL LOBO D ALMADA";1;"Convencional";"AV PADRE MARCOS, N. 727";"CENTRO";"68960000";"-1";"2,4928043";"-50,9508726";1;"ATIVO";-1;"ATIVO";1;"ATIVO";1;"Ativo";"0";"Sem acessibilidade";277;275;275;0;1023;"ESCOLA ESTADUAL LOBO D ALMADA";"AV PADRE MARCOS, N. 727"
"05/10/2026";"06:29:34";2026;"04/10/2026";"1º Turno";1;"AP";"06092";"OIAPOQUE";4;42;1;"Principal";-1;1228;"ESCOLA MUNICIPAL DE EDUCAÇÃO INFANTIL DO ABC";1;"Convencional";"R. HONÓRIO CAETANO DA SILVA, 315 - CENTRO, OIAPOQUE - AP";"CENTRO";"68980000";"-1";"-1";"-1";1;"ATIVO";-1;"ATIVO";1;"ATIVO";1;"Ativo";"0";"Sem acessibilidade";272;272;272;0;1228;"ESCOLA MUNICIPAL DE EDUCAÇÃO INFANTIL DO ABC";"R. HONÓRIO CAETANO DA SILVA, 315 - CENTRO, OIAPOQUE - AP"
"05/10/2026";"06:29:34";2026;"04/10/2026";"1º Turno";1;"AP";"06130";"LARANJAL DO JARI";7;11;2;"Agregada";10;1163;"ESCOLA MUNICIPAL JOÃO QUEIROGA DE SOUZA";1;"Convencional";"RUA DA USINA, N. 1118";"MALVINAS";"68920000";"36211913";"-,853397";"-52,5389456";1;"ATIVO";-1;"ATIVO";1;"ATIVO";1;"Ativo";"0";"Sem acessibilidade";168;0;0;0;1163;"ESCOLA MUNICIPAL JOÃO QUEIROGA DE SOUZA";"RUA DA USINA, N. 1118"
"05/10/2026";"06:29:34";2026;"04/10/2026";"1º Turno";1;"AP";"06050";"MACAPÁ";14;21;1;"Principal";-1;1058;"E. E. PROFª DEUZUITE CAVALCANTE";1;"Convencional";"AV. JOSÉ TUPINAMBÁ, 556, PERPÉTUO SOCORRO";"PERPETUO SOCORRO";"68900000";"991416677";",0457954";"-51,0448561";1;"ATIVO";-1;"ATIVO";1;"ATIVO";1;"Ativo";"0";"Sem acessibilidade";391;389;389;0;1058;"E. E. PROFª DEUZUITE CAVALCANTE";"AV. JOSÉ TUPINAMBÁ, 556, PERPÉTUO SOCORRO"
"05/10/2026";"06:29:34";2026;"04/10/2026";"1º Turno";1;"AP";"06050";"MACAPÁ";10;468;2;"Agregada";467;1988;"ESCOLA ESTADUAL TESSALONICA";1;"Convencional";"VILA TESSALONICA SN";"VILA TESSALONICA";"68900000";"+5596981408001";",3599537";"-51,1239504";1;"ATIVO";-1;"ATIVO";1;"ATIVO";1;"Ativo";"1";"Com acessibilidade";189;0;0;0;1988;"ESCOLA ESTADUAL TESSALONICA";"VILA TESSALONICA SN"
"05/10/2026";"06:29:34";2026;"04/10/2026";"1º Turno";1;"AP";"06173";"TARTARUGALZINHO";8;16;1;"Principal";-1;1031;"ESC EST REISALINA FERREIRA TOMAZ";1;"Convencional";"AV. N. S. PERPÉTUO SOCORRO, 765";"CENTRO";"68990000";"+559634221199";"1,51009521";"-50,91264494";1;"ATIVO";-1;"ATIVO";1;"ATIVO";1;"Ativo";"0";"Sem acessibilidade";261;257;257;0;1031;"ESC EST REISALINA FERREIRA TOMAZ";"AV. N. S. PERPÉTUO SOCORRO, 765"
"05/10/2026";"06:29:34";2026;"04/10/2026";"1º Turno";1;"AP";"06050";"MACAPÁ";10;338;1;"Principal";-1;1210;"ESCOLA QUILOMBOLA ESTADUAL DANIEL DE CARVALHO";1;"Convencional";"RODOVIA 070 - KM 46";"SANTO ANTONIO DA PEDREIRA";"68900000";"96988030291";",3369725";"-50,8750942";1;"ATIVO";-1;"ATIVO";1;"ATIVO";1;"Ativo";"1";"Com acessibilidade";348;346;346;0;1210;"ESCOLA QUILOMBOLA ESTADUAL DANIEL DE CARVALHO";"RODOVIA 070 - KM 46"
"05/10/2026";"06:29:34";2026;"04/10/2026";"1º Turno";1;"AP";"06050";"MACAPÁ";2;579;1;"Principal";-1;1147;"ESCOLA MUNICIPAL DE ENSINO FUNDAMENTAL AMAPA";1;"Convencional";"RUA JOVINO DINOA, 3188";"TREM";"68900030";"5596984032652";",0247643";"-51,0628301";1;"ATIVO";-1;"ATIVO";1;"ATIVO";1;"Ativo";"0";"Sem acessibilidade";278;275;275;0;1147;"ESCOLA MUNICIPAL DE ENSINO FUNDAMENTAL AMAPA";"RUA JOVINO DINOA, 3188"
"05/10/2026";"06:29:34";2026;"04/10/2026";"1º Turno";1;"AP";"06173";"TARTARUGALZINHO";8;38;1;"Principal";-1;1244;"E.E PROFESSORA MARIA JOSÉ DE NAZARÉ FERREIRA LIMA";1;"Convencional";"RUA MÃE VERÔNICA, 767";"CENTRO";"68990000";"88088926";"1,50622058";"-50,91279023";1;"ATIVO";-1;"ATIVO";1;"ATIVO";1;"Ativo";"0";"Sem acessibilidade";337;334;334;0;1244;"E.E PROFESSORA MARIA JOSÉ DE NAZARÉ FERREIRA LIMA";"RUA MÃE VERÔNICA, 767"
"05/10/2026";"06:29:34";2026;"04/10/2026";"1º Turno";1;"AP";"06173";"TARTARUGALZINHO";8;41;1;"Principal";-1;1244;"E.E PROFESSORA MARIA JOSÉ DE NAZARÉ FERREIRA LIMA";1;"Convencional";"RUA MÃE VERÔNICA, 767";"CENTRO";"68990000";"88088926";"1,50622058";"-50,91279023";1;"ATIVO";-1;"ATIVO";1;"ATIVO";1;"Ativo";"0";"Sem acessibilidade";329;330;330;0;1244;"E.E PROFESSORA MARIA JOSÉ DE NAZARÉ FERREIRA LIMA";"RUA MÃE VERÔNICA, 767"
"05/10/2026";"06:29:34";2026;"04/10/2026";"1º Turno";1;"AP";"06157";"SANTANA";6;86;1;"Principal";-1;1082;"E.P.G. JOANIRA DEL CASTILO";1;"Convencional";"TV. PEDRO TEIXEIRA, 194";"NOVA BRASÍLIA I";"68927251";"3283 2659";"-,0407868";"-51,1662145";1;"ATIVO";-1;"ATIVO";1;"ATIVO";1;"Ativo";"0";"Sem acessibilidade";266;266;266;0;1082;"E.P.G. JOANIRA DEL CASTILO";"TV. PEDRO TEIXEIRA, 194"
"05/10/2026";"06:29:34";2026;"04/10/2026";"1º Turno";1;"AP";"06050";"MACAPÁ";10;201;1;"Principal";-1;1520;"ESCOLA ESTADUAL PROFESSOR ANTONIO FERREIRA DE LIMA NETO";1;"Convencional";"AV. FRANCISCO FELIPPE DE MIRANDA  NERY - 2336";"LOTEAMENTO BURITIS";"68908805";"+5596991423491";",0713059";"-51,0898494";1;"ATIVO";-1;"ATIVO";1;"ATIVO";1;"Ativo";"0";"Sem acessibilidade";395;394;394;0;1520;"ESCOLA ESTADUAL PROFESSOR ANTONIO FERREIRA DE LIMA NETO";"AV. FRANCISCO FELIPPE DE MIRANDA  NERY - 2336"
"05/10/2026";"06:29:34";2026;"04/10/2026";"1º Turno";1;"AP";"06084";"PEDRA BRANCA DO AMAPARI";11;34;1;"Principal";-1;1066;"ESCOLA MUNICIPAL DE ENSINO FUNDAMENTAL SÃO PEDRO";1;"Convencional";"RUA FRANCISCO BRAZ, 345";"CENTRO";"68945100";"+559633221289";",7771201";"-51,9532666";1;"ATIVO";-1;"ATIVO";1;"ATIVO";1;"Ativo";"0";"Sem acessibilidade";331;330;330;0;1066;"ESCOLA MUNICIPAL DE ENSINO FUNDAMENTAL SÃO PEDRO";"RUA FRANCISCO BRAZ, 345"
"05/10/2026";"06:29:34";2026;"04/10/2026";"1º Turno";1;"AP";"06157";"SANTANA";6;84;1;"Principal";-1;1082;"E.P.G. JOANIRA DEL CASTILO";1;"Convencional";"TV. PEDRO TEIXEIRA, 194";"NOVA BRASÍLIA I";"68927251";"3283 2659";"-,0407868";"-51,1662145";1;"ATIVO";-1;"ATIVO";1;"ATIVO";1;"Ativo";"0";"Sem acessibilidade";264;262;262;0;1082;"E.P.G. JOANIRA DEL CASTILO";"TV. PEDRO TEIXEIRA, 194"
"05/10/2026";"06:29:34";2026;"04/10/2026";"1º Turno";1;"AP";"06050";"MACAPÁ";14;201;1;"Principal";-1;1309;"ESCOLA ESTADUAL GUANABARA";1;"Convencional";"RUA ELIEZER LEVI, 1601";"CENTRO";"68900000";"+5596999339417";",0375666";"-51,0561729";1;"ATIVO";-1;"ATIVO";1;"ATIVO";1;"Ativo";"0";"Sem acessibilidade";216;213;213;0;1309;"ESCOLA ESTADUAL GUANABARA";"RUA ELIEZER LEVI, 1601"
"05/10/2026";"06:29:34";2026;"04/10/2026";"1º Turno";1;"AP";"06157";"SANTANA";6;134;1;"Principal";-1;1244;"E.M. PROFESSORA MARIA ILNAH DE SOUZA";1;"Convencional";"RUA ADALVARO ALVES CAVALCANTE, 2060";"PROVEDOR I";"68925000";"3283 5749";"-,0410583";"-51,1578353";1;"ATIVO";-1;"ATIVO";1;"ATIVO";1;"Ativo";"0";"Sem acessibilidade";353;353;353;0;1244;"E.M. PROFESSORA MARIA ILNAH DE SOUZA";"RUA ADALVARO ALVES CAVALCANTE, 2060"
"05/10/2026";"06:29:34";2026;"04/10/2026";"1º Turno";1;"AP";"06157";"SANTANA";6;126;1;"Principal";-1;1147;"E.P.G. JOSE DE RIBAMAR PESTANA";1;"Convencional";"TV. PALMIRA MIRANDA DE ANDRADE, 540";"NOVA BRASÍLIA I";"68925000";"3283 2837";"-,0464025";"-51,1602663";1;"ATIVO";-1;"ATIVO";1;"ATIVO";1;"Ativo";"0";"Sem acessibilidade";336;333;333;0;1147;"E.P.G. JOSE DE RIBAMAR PESTANA";"TV. PALMIRA MIRANDA DE ANDRADE, 540"
"05/10/2026";"06:29:34";2026;"04/10/2026";"1º Turno";1;"AP";"06050";"MACAPÁ";10;213;1;"Principal";-1;1392;"ESCOLA ESTADUAL RAIMUNDA DOS PASSOS SANTOS";1;"Convencional";"AV. LOURENCO ARAUJO DE SÁ, 2162, NOVO HORIZONTE";"NOVO HORIZONTE";"68909829";"991549564";",0956351";"-51,0497879";1;"ATIVO";-1;"ATIVO";1;"ATIVO";1;"Ativo";"1";"Com acessibilidade";387;386;386;0;1392;"ESCOLA ESTADUAL RAIMUNDA DOS PASSOS SANTOS";"AV. LOURENCO ARAUJO DE SÁ, 2162, NOVO HORIZONTE"
"05/10/2026";"06:29:34";2026;"04/10/2026";"1º Turno";1;"AP";"06050";"MACAPÁ";10;474;1;"Principal";-1;2011;"ESCOLA QUILOMBOLA ESTADUAL PROFESSOR RAIMUNDO PEREIRA DA SILVA";1;"Convencional";"VILA DE MARUANUM SN";"VILA DE MARUANUM";"68900000";"96991207030";",1826517";"-51,2720383";1;"ATIVO";-1;"ATIVO";1;"ATIVO";1;"Ativo";"0";"Sem acessibilidade";273;273;273;0;2011;"ESCOLA QUILOMBOLA ESTADUAL PROFESSOR RAIMUNDO PEREIRA DA SILVA";"VILA DE MARUANUM SN"
"05/10/2026";"06:29:34";2026;"04/10/2026";"1º Turno";1;"AP";"06130";"LARANJAL DO JARI";7;32;1;"Principal";-1;1058;"ESCOLA ESTADUAL PROF. MARIA DE NAZARÉ RODRIGUES DA SILVA";1;"Convencional";"RUA CULTURA, N 277";"AGRESTE";"68920000";"991894068";"-,8443316";"-52,5159137";1;"ATIVO";-1;"ATIVO";1;"ATIVO";1;"Ativo";"0";"Sem acessibilidade";268;267;267;0;1058;"ESCOLA ESTADUAL PROF. MARIA DE NAZARÉ RODRIGUES DA SILVA";"RUA CULTURA, N 277"
"05/10/2026";"06:29:34";2026;"04/10/2026";"1º Turno";1;"AP";"06084";"PEDRA BRANCA DO AMAPARI";11;38;1;"Principal";-1;1066;"ESCOLA MUNICIPAL DE ENSINO FUNDAMENTAL SÃO PEDRO";1;"Convencional";"RUA FRANCISCO BRAZ, 345";"CENTRO";"68945100";"+559633221289";",7771201";"-51,9532666";1;"ATIVO";-1;"ATIVO";1;"ATIVO";1;"Ativo";"0";"Sem acessibilidade";329;327;327;0;1066;"ESCOLA MUNICIPAL DE ENSINO FUNDAMENTAL SÃO PEDRO";"RUA FRANCISCO BRAZ, 345"
"05/10/2026";"06:29:34";2026;"04/10/2026";"1º Turno";1;"AP";"06157";"SANTANA";6;40;1;"Principal";-1;1074;"E.E.T.I.  AUGUSTO ANTUNES";1;"Convencional";"TRAVESSA PEDRO SALVADOR DINIZ, 1631";"NOVA BRASÍLIA I";"68927230";"3281 3067";"-,0440221";"-51,1648759";1;"ATIVO";-1;"ATIVO";1;"ATIVO";1;"Ativo";"0";"Sem acessibilidade";346;343;343;0;1074;"E.E.T.I.  AUGUSTO ANTUNES";"TRAVESSA PEDRO SALVADOR DINIZ, 1631"
"05/10/2026";"06:29:34";2026;"04/10/2026";"1º Turno";1;"AP";"06050";"MACAPÁ";14;30;1;"Principal";-1;1066;"E. E. SANTUÁRIO PERPÉTUO SOCORRO";1;"Convencional";"AV. JOSÉ TUPINAMBÁ  113,  PERPÉTUO SOCORRO";"PERPETUO SOCORRO";"68900000";"991005782";",0461677";"-51,0495477";1;"ATIVO";-1;"ATIVO";1;"ATIVO";1;"Ativo";"0";"Sem acessibilidade";344;343;343;0;1066;"E. E. SANTUÁRIO PERPÉTUO SOCORRO";"AV. JOSÉ TUPINAMBÁ  113,  PERPÉTUO SOCORRO"
"05/10/2026";"06:29:34";2026;"04/10/2026";"1º Turno";1;"AP";"06050";"MACAPÁ";2;722;1;"Principal";-1;2240;"ESCOLA MUNICIPAL DE ENSINO FUNDAMENTAL ELITA NUNES MELO";1;"Convencional";"AVENIDA 14 DE JULHO - 1050";"NOVO BURITIZAL";"68904730";"+5596981226475";",018097";"-51,0788441";1;"ATIVO";-1;"ATIVO";1;"ATIVO";1;"Ativo";"0";"Sem acessibilidade";173;174;174;0;2240;"ESCOLA MUNICIPAL DE ENSINO FUNDAMENTAL ELITA NUNES MELO";"AVENIDA 14 DE JULHO - 1050"
"05/10/2026";"06:29:34";2026;"04/10/2026";"1º Turno";1;"AP";"06050";"MACAPÁ";2;910;1;"Principal";-1;2712;"ESCOLA ESTADUAL DOM ARISTIDES PIRÓVANO";1;"Convencional";"AV HENRIQUE GALUCIO           1840       SANTA RITA";"SANTA RITA";"68900115";"-1";",0319754";"-51,0668908";1;"ATIVO";-1;"ATIVO";1;"ATIVO";1;"Ativo";"0";"Sem acessibilidade";343;342;342;0;2712;"ESCOLA ESTADUAL DOM ARISTIDES PIRÓVANO";"AV HENRIQUE GALUCIO           1840       SANTA RITA"
"05/10/2026";"06:29:34";2026;"04/10/2026";"1º Turno";1;"AP";"06092";"OIAPOQUE";4;24;1;"Principal";-1;1015;"ESCOLA DE PRIMEIRO GRAU JOAQUIM CAETANO DA SILVA";1;"Convencional";"AVENIDA JOAQUIM CAETANO DA SILVA";"CENTRO";"00000000";"-1";"3,84761965";"-51,83541966";1;"ATIVO";-1;"ATIVO";1;"ATIVO";1;"Ativo";"0";"Sem acessibilidade";273;271;271;0;1015;"ESCOLA DE PRIMEIRO GRAU JOAQUIM CAETANO DA SILVA";"AVENIDA JOAQUIM CAETANO DA SILVA"
"05/10/2026";"06:29:34";2026;"04/10/2026";"1º Turno";1;"AP";"06173";"TARTARUGALZINHO";8;28;1;"Principal";-1;1104;"ESC EST DARCY RIBEIRO";1;"Convencional";"COLONIA AGRÍCOLA  DO CEDRO";"CEDRO";"68990000";"-1";"-1";"-1";1;"ATIVO";-1;"ATIVO";1;"ATIVO";1;"Ativo";"0";"Sem acessibilidade";354;356;356;0;1104;"ESC EST DARCY RIBEIRO";"COLONIA AGRÍCOLA  DO CEDRO"
"05/10/2026";"06:29:34";2026;"04/10/2026";"1º Turno";1;"AP";"06050";"MACAPÁ";2;959;1;"Principal";-1;1783;"ESCOLA ESTADUAL LAURO CHAVES";1;"Convencional";"AV TEMBES       SN";"MUCA";"68900000";"32411440";",0130979";"-51,074366";1;"ATIVO";-1;"ATIVO";1;"ATIVO";1;"Ativo";"0";"Sem acessibilidade";293;291;291;0;1783;"ESCOLA ESTADUAL LAURO CHAVES";"AV TEMBES       SN"
"05/10/2026";"06:29:34";2026;"04/10/2026";"1º Turno";1;"AP";"06050";"MACAPÁ";14;14;1;"Principal";-1;1031;"CENTRO DE EDUCAÇÃO PROFISSIONAL GRAZIELA REIS";1;"Convencional";"AV DUQUE DE CAXIAS - 60";"CENTRO";"68900071";"+5596991535908";",0386917";"-51,0568429";1;"ATIVO";-1;"ATIVO";1;"ATIVO";1;"Ativo";"0";"Sem acessibilidade";227;220;220;0;1031;"CENTRO DE EDUCAÇÃO PROFISSIONAL GRAZIELA REIS";"AV DUQUE DE CAXIAS - 60"
"05/10/2026";"06:29:34";2026;"04/10/2026";"1º Turno";1;"AP";"06050";"MACAPÁ";2;951;1;"Principal";-1;2747;"ESCOLA ESTADUAL CECILIA PINTO";1;"Convencional";"RUA PROF TOSTES              122         BURITIZAL";"BURITIZAL";"68902210";"+5596992016136";",0143256";"-51,0700748";1;"ATIVO";-1;"ATIVO";1;"ATIVO";1;"Ativo";"0";"Sem acessibilidade";296;296;296;0;2747;"ESCOLA ESTADUAL CECILIA PINTO";"RUA PROF TOSTES              122         BURITIZAL"
"05/10/2026";"06:29:34";2026;"04/10/2026";"1º Turno";1;"AP";"06157";"SANTANA";6;42;1;"Principal";-1;1155;"E.E. PROF. FRANCISCO WALCY LOBATO LIMA";1;"Convencional";"AV. MARIA COLARES, 1940";"NOVA BRASÍLIA I";"68927299";"3283 2601";"-,0365765";"-51,1660317";1;"ATIVO";-1;"ATIVO";1;"ATIVO";1;"Ativo";"0";"Sem acessibilidade";313;315;315;0;1155;"E.E. PROF. FRANCISCO WALCY LOBATO LIMA";"AV. MARIA COLARES, 1940"
"05/10/2026";"06:29:34";2026;"04/10/2026";"1º Turno";1;"AP";"06050";"MACAPÁ";10;126;1;"Principal";-1;2070;"ESCOLA ESTADUAL MARIA MERIAN DOS SANTOS CORDEIRO FERNANDES";4;"Temporário";"AV. GLICÉRIO SOUZA FIGUEIREDO, 66";"NOVO HORIZONTE";"68909821";"96 984073412";"-1";"-1";1;"ATIVO";-1;"ATIVO";1;"ATIVO";1;"Ativo";"0";"Sem acessibilidade";382;382;382;0;1325;"ESCOLA ESTADUAL RIVANDA NAZARE DA SILVA GUIMARAES";"RUA CÍCERO MARQUES DE SOUZA, 2874, NOVO HORIZONTE"
"05/10/2026";"06:29:34";2026;"04/10/2026";"1º Turno";1;"AP";"06157";"SANTANA";6;20;1;"Principal";-1;1058;"E.P.G. JOSE BARROSO TOSTES";1;"Convencional";"AV. 7 DE SETEMBRO, 186";"CENTRO";"68925000";"3281 1542";"-,0415918";"-51,1768394";1;"ATIVO";-1;"ATIVO";1;"ATIVO";1;"Ativo";"0";"Sem acessibilidade";294;294;294;0;1058;"E.P.G. JOSE BARROSO TOSTES";"AV. 7 DE SETEMBRO, 186"
"05/10/2026";"06:29:34";2026;"04/10/2026";"1º Turno";1;"AP";"06157";"SANTANA";6;47;1;"Principal";-1;1155;"E.E. PROF. FRANCISCO WALCY LOBATO LIMA";1;"Convencional";"AV. MARIA COLARES, 1940";"NOVA BRASÍLIA I";"68927299";"3283 2601";"-,0365765";"-51,1660317";1;"ATIVO";-1;"ATIVO";1;"ATIVO";1;"Ativo";"0";"Sem acessibilidade";305;301;301;0;1155;"E.E. PROF. FRANCISCO WALCY LOBATO LIMA";"AV. MARIA COLARES, 1940"
"05/10/2026";"06:29:34";2026;"04/10/2026";"1º Turno";1;"AP";"06076";"MAZAGÃO";5;96;1;"Principal";-1;1228;"ESCOLA ESTADUAL DOM PEDRO I";1;"Convencional";"AV INTENDENTE ALFREDO PINTO, 1205";"CENTRO";"68930000";"-1";"-,11608132";"-51,28560926";1;"ATIVO";-1;"ATIVO";1;"ATIVO";1;"Ativo";"1";"Com acessibilidade";230;230;230;0;1228;"ESCOLA ESTADUAL DOM PEDRO I";"AV INTENDENTE ALFREDO PINTO, 1205"
"05/10/2026";"06:29:34";2026;"04/10/2026";"1º Turno";1;"AP";"06025";"PORTO GRANDE";12;5;1;"Principal";-1;1015;"ESCOLA ESTADUAL JOSÉ RIBAMAR TEIXEIRA";1;"Convencional";"AVENIDA PEDRO TEIXEIRA, S/N, BAIRRO MALVINAS";"CENTRO";"68997000";"-1";",70812263";"-51,40810814";1;"ATIVO";-1;"ATIVO";1;"ATIVO";1;"Ativo";"1";"Com acessibilidade";365;364;364;0;1015;"ESCOLA ESTADUAL JOSÉ RIBAMAR TEIXEIRA";"AVENIDA PEDRO TEIXEIRA, S/N, BAIRRO MALVINAS"
"05/10/2026";"06:29:34";2026;"04/10/2026";"1º Turno";1;"AP";"06050";"MACAPÁ";2;563;1;"Principal";-1;2151;"ESCOLA ESTADUAL RAIMUNDA VIRGOLINO";1;"Convencional";"RUA VILA DOS OLIVEIRAS, 837";"PEDRINHAS";"68903095";"32125268";",00756662";"-51,06437555";1;"ATIVO";-1;"ATIVO";1;"ATIVO";1;"Ativo";"1";"Com acessibilidade";215;214;214;0;2151;"ESCOLA ESTADUAL RAIMUNDA VIRGOLINO";"RUA VILA DOS OLIVEIRAS, 837"
"05/10/2026";"06:29:34";2026;"04/10/2026";"1º Turno";1;"AP";"06050";"MACAPÁ";2;442;1;"Principal";-1;1791;"ESCOLA ESTADUAL IRINEU DA GAMA PAES";1;"Convencional";"AV RAIMUNDO CAXIAS DE SOUZA                      SN";"CONGOS";"68900000";"+5596981151638";",0090684";"-51,0934478";1;"ATIVO";-1;"ATIVO";1;"ATIVO";1;"Ativo";"0";"Sem acessibilidade";252;252;252;0;2046;"ESCOLA ESTADUAL PROFª BENIGNA MOREIRA DE SOUZA";"RUA RAUL MONTEIRO VALDEZ - 1500"
"05/10/2026";"06:29:34";2026;"04/10/2026";"1º Turno";1;"AP";"06157";"SANTANA";6;16;1;"Principal";-1;1058;"E.P.G. JOSE BARROSO TOSTES";1;"Convencional";"AV. 7 DE SETEMBRO, 186";"CENTRO";"68925000";"3281 1542";"-,0415918";"-51,1768394";1;"ATIVO";-1;"ATIVO";1;"ATIVO";1;"Ativo";"0";"Sem acessibilidade";298;296;296;0;1058;"E.P.G. JOSE BARROSO TOSTES";"AV. 7 DE SETEMBRO, 186"
"05/10/2026";"06:29:34";2026;"04/10/2026";"1º Turno";1;"AP";"06009";"PRACUÚBA";1;22;1;"Principal";-1;1228;"ESCOLA ESTADUAL PEDRO MACIEL FILHO";1;"Convencional";"BR-156, N. 547";"CUJUBIM";"68918000";"-1";"1,6640507";"-50,9198738";1;"ATIVO";-1;"ATIVO";1;"ATIVO";1;"Ativo";"0";"Sem acessibilidade";297;296;296;0;1228;"ESCOLA ESTADUAL PEDRO MACIEL FILHO";"BR-156, N. 547"
"05/10/2026";"06:29:34";2026;"04/10/2026";"1º Turno";1;"AP";"06114";"FERREIRA GOMES";12;58;1;"Principal";-1;1040;"ESCOLA MUNICIPAL PASTOR JACI TORQUATO";1;"Convencional";"AV COSTA E SILVA, 1002";"CENTRO";"68915000";"-1";",8526622";"-51,18396644";1;"ATIVO";-1;"ATIVO";1;"ATIVO";1;"Ativo";"1";"Com acessibilidade";250;249;249;0;1040;"ESCOLA MUNICIPAL PASTOR JACI TORQUATO";"AV COSTA E SILVA, 1002"
"05/10/2026";"06:29:34";2026;"04/10/2026";"1º Turno";1;"AP";"06157";"SANTANA";6;179;1;"Principal";-1;1457;"IFAP INSTITUTO FEDERAL DO AMAPA";1;"Convencional";"RODOVIA DUCA SERRA 1133";"FONTE NOVA";"68928084";"-1";"-,02058645";"-51,18061816";1;"ATIVO";-1;"ATIVO";1;"ATIVO";1;"Ativo";"0";"Sem acessibilidade";301;303;303;0;1457;"IFAP INSTITUTO FEDERAL DO AMAPA";"RODOVIA DUCA SERRA 1133"
"05/10/2026";"06:29:34";2026;"04/10/2026";"1º Turno";1;"AP";"06076";"MAZAGÃO";5;117;1;"Principal";-1;1384;"ESCOLA MUNICIPAL PROF. OTAVIO CALDEIRA AFONSO";1;"Convencional";"TRAVESSA 3, S/N";"UNIAO";"68940000";"-1";"-,11492606";"-51,29468746";1;"ATIVO";-1;"ATIVO";1;"ATIVO";1;"Ativo";"0";"Sem acessibilidade";219;219;219;0;1384;"ESCOLA MUNICIPAL PROF. OTAVIO CALDEIRA AFONSO";"TRAVESSA 3, S/N"
"05/10/2026";"06:29:34";2026;"04/10/2026";"1º Turno";1;"AP";"06173";"TARTARUGALZINHO";8;12;1;"Principal";-1;1074;"ESC EST BONITO DO APOREMA";1;"Convencional";"SÃO BENEDITO DO APOREMA";"BONITO DO APOREMA";"00000000";"-1";"1,14232667";"-50,83863833";1;"ATIVO";-1;"ATIVO";1;"ATIVO";1;"Ativo";"0";"Sem acessibilidade";208;208;208;0;1074;"ESC EST BONITO DO APOREMA";"SÃO BENEDITO DO APOREMA"
"05/10/2026";"06:29:34";2026;"04/10/2026";"1º Turno";1;"AP";"06076";"MAZAGÃO";5;67;1;"Principal";-1;1279;"ESCOLA MUNICIPAL PROFª IZIDORIA DA SILVA REIS";1;"Convencional";"FOZ DO RIO MAZAGAO VELHO";"DISTRITO DE MAZAGAO VELHO";"68940000";"-1";"-,2504387";"-51,3708698";1;"ATIVO";-1;"ATIVO";1;"ATIVO";1;"Ativo";"0";"Sem acessibilidade";245;245;245;0;1279;"ESCOLA MUNICIPAL PROFª IZIDORIA DA SILVA REIS";"FOZ DO RIO MAZAGAO VELHO"
"05/10/2026";"06:29:34";2026;"04/10/2026";"1º Turno";1;"AP";"06157";"SANTANA";6;187;1;"Principal";-1;1023;"E.E. OSVALDINA FERREIRA DA SILVA";1;"Convencional";"RUA PETER VAN SCHUPEMBERG, 90";"ILHA DE SANTANA";"68925000";"+559632841170";"-1";"-1";1;"ATIVO";-1;"ATIVO";1;"ATIVO";1;"Ativo";"0";"Sem acessibilidade";373;373;373;0;1023;"E.E. OSVALDINA FERREIRA DA SILVA";"RUA PETER VAN SCHUPEMBERG, 90"
"05/10/2026";"06:29:34";2026;"04/10/2026";"1º Turno";1;"AP";"06068";"CUTIAS";10;172;1;"Principal";-1;1031;"ESCOLA MUNICIPAL ALICE NASCIMENTO PIMENTEL";1;"Convencional";"RUA MANOEL RAIMUNDO PEREIRA, S/N, CENTRO CUTIAS";"CENTRO";"68973000";"-1";",9689829";"-50,7988391";1;"ATIVO";-1;"ATIVO";1;"ATIVO";1;"Ativo";"0";"Sem acessibilidade";284;286;286;0;1031;"ESCOLA MUNICIPAL ALICE NASCIMENTO PIMENTEL";"RUA MANOEL RAIMUNDO PEREIRA, S/N, CENTRO CUTIAS"
"05/10/2026";"06:29:34";2026;"04/10/2026";"1º Turno";1;"AP";"06114";"FERREIRA GOMES";12;53;1;"Principal";-1;1066;"CRECHE MUNICIPAL SARAH SALOMÃO";4;"Temporário";"AVENIDA MANOEL LINO LEAL, S/N";"MONTANHA";"68915000";"-1";"-1";"-1";1;"ATIVO";-1;"ATIVO";1;"ATIVO";1;"Ativo";"1";"Com acessibilidade";363;360;360;0;1031;"ESCOLA MUNICIPAL JOÃO FREIRE CORDEIRO";"AV. MANOEL LINO LEAL, 925"
"05/10/2026";"06:29:34";2026;"04/10/2026";"1º Turno";1;"AP";"06050";"MACAPÁ";2;899;1;"Principal";-1;1090;"ESCOLA ESTADUAL DR.COARACY NUNES";1;"Convencional";"AV MENDONCA JUNIOR          1651         CENTRO";"CENTRO";"68900000";"+5596981025968";",0338216";"-51,0647025";1;"ATIVO";-1;"ATIVO";1;"ATIVO";1;"Ativo";"0";"Sem acessibilidade";298;296;295;0;1090;"ESCOLA ESTADUAL DR.COARACY NUNES";"AV MENDONCA JUNIOR          1651         CENTRO"
"05/10/2026";"06:29:34";2026;"04/10/2026";"1º Turno";1;"AP";"06157";"SANTANA";6;222;1;"Principal";-1;1260;"ESCOLA ESTADUAL SÃO JOÃO APÓSTOLO";1;"Convencional";"AV. MARIA COLARES, 1905";"NOVA BRASÍLIA I";"68927229";"32831015";"-,0369626";"-51,1661291";1;"ATIVO";-1;"ATIVO";1;"ATIVO";1;"Ativo";"0";"Sem acessibilidade";193;194;194;0;1260;"ESCOLA ESTADUAL SÃO JOÃO APÓSTOLO";"AV. MARIA COLARES, 1905"
"05/10/2026";"06:29:34";2026;"04/10/2026";"1º Turno";1;"AP";"06050";"MACAPÁ";2;862;1;"Principal";-1;2666;"ESCOLA ESTADUAL JOSEFA JUCILEIDE AMORAS COLARES";1;"Convencional";"AV.RAIMUNDO TEQUILO GOES DE ALMEIDA    000147";"NOVA ESPERANCA";"68901610";"+5596991990317";",0317616";"-51,0825624";1;"ATIVO";-1;"ATIVO";1;"ATIVO";1;"Ativo";"0";"Sem acessibilidade";367;366;366;0;2666;"ESCOLA ESTADUAL JOSEFA JUCILEIDE AMORAS COLARES";"AV.RAIMUNDO TEQUILO GOES DE ALMEIDA    000147"
"05/10/2026";"06:29:34";2026;"04/10/2026";"1º Turno";1;"AP";"06050";"MACAPÁ";10;106;1;"Principal";-1;1309;"ESCOLA ESTADUAL BRASIL NOVO";1;"Convencional";"RUA FLORESTA, 15, BRASIL NOVO";"BRASIL NOVO";"68909319";"991485632";",0883937";"-51,0860517";1;"ATIVO";-1;"ATIVO";1;"ATIVO";1;"Ativo";"0";"Sem acessibilidade";381;382;382;0;1309;"ESCOLA ESTADUAL BRASIL NOVO";"RUA FLORESTA, 15, BRASIL NOVO"
"05/10/2026";"06:29:34";2026;"04/10/2026";"1º Turno";1;"AP";"06076";"MAZAGÃO";5;37;1;"Principal";-1;1082;"ESCOLA ESTADUAL PANCADA DO CAMAIPI";1;"Convencional";"POVOADO PANCADA DO CAMAIPI, 85";"VILA SANTA FE";"68940000";"-1";",18824864";"-51,69799582";1;"ATIVO";-1;"ATIVO";1;"ATIVO";1;"Ativo";"0";"Sem acessibilidade";226;224;224;0;1082;"ESCOLA ESTADUAL PANCADA DO CAMAIPI";"POVOADO PANCADA DO CAMAIPI, 85"
"05/10/2026";"06:29:34";2026;"04/10/2026";"1º Turno";1;"AP";"06050";"MACAPÁ";14;115;1;"Principal";-1;1163;"EMEF MAESTRO MIGUEL ALVES DA SILVA";1;"Convencional";"RUA QUINTINO JUSTO DE ALMEIDA, 120";"PERPETUO SOCORRO";"68908629";"988037090";",0510239";"-51,0471448";1;"ATIVO";-1;"ATIVO";1;"ATIVO";1;"Ativo";"1";"Com acessibilidade";348;347;347;0;1163;"EMEF MAESTRO MIGUEL ALVES DA SILVA";"RUA QUINTINO JUSTO DE ALMEIDA, 120"
"05/10/2026";"06:29:34";2026;"04/10/2026";"1º Turno";1;"AP";"06050";"MACAPÁ";10;233;1;"Principal";-1;1376;"ESCOLA ESTADUAL MARIA NEUZA DO CARMO";1;"Convencional";"RUA MILTON DE SOUZA CORREA , 500";"JARDIM FELICIDADE I";"68909068";"96991634333";",0837865";"-51,0656668";1;"ATIVO";-1;"ATIVO";1;"ATIVO";1;"Ativo";"0";"Sem acessibilidade";388;387;387;0;1376;"ESCOLA ESTADUAL MARIA NEUZA DO CARMO";"RUA MILTON DE SOUZA CORREA , 500"
"05/10/2026";"06:29:34";2026;"04/10/2026";"1º Turno";1;"AP";"06050";"MACAPÁ";2;84;1;"Principal";-1;1147;"ESCOLA MUNICIPAL DE ENSINO FUNDAMENTAL AMAPA";1;"Convencional";"RUA JOVINO DINOA, 3188";"TREM";"68900030";"5596984032652";",0247643";"-51,0628301";1;"ATIVO";-1;"ATIVO";1;"ATIVO";1;"Ativo";"0";"Sem acessibilidade";283;281;281;0;1147;"ESCOLA MUNICIPAL DE ENSINO FUNDAMENTAL AMAPA";"RUA JOVINO DINOA, 3188"
"05/10/2026";"06:29:34";2026;"04/10/2026";"1º Turno";1;"AP";"06050";"MACAPÁ";10;162;1;"Principal";-1;2070;"ESCOLA ESTADUAL MARIA MERIAN DOS SANTOS CORDEIRO FERNANDES";4;"Temporário";"AV. GLICÉRIO SOUZA FIGUEIREDO, 66";"NOVO HORIZONTE";"68909821";"96 984073412";"-1";"-1";1;"ATIVO";-1;"ATIVO";1;"ATIVO";1;"Ativo";"0";"Sem acessibilidade";383;382;382;0;1325;"ESCOLA ESTADUAL RIVANDA NAZARE DA SILVA GUIMARAES";"RUA CÍCERO MARQUES DE SOUZA, 2874, NOVO HORIZONTE"
"05/10/2026";"06:29:34";2026;"04/10/2026";"1º Turno";1;"AP";"06050";"MACAPÁ";2;828;1;"Principal";-1;2356;"ESCOLA ESTADUAL GONÇALVES DIAS";1;"Convencional";"RUA SANTOS DUMONT     BURITIZAL      N° 121";"BURITIZAL";"68902880";"+5596991451429";",0203216";"-51,073305";1;"ATIVO";-1;"ATIVO";1;"ATIVO";1;"Ativo";"0";"Sem acessibilidade";315;314;314;0;2356;"ESCOLA ESTADUAL GONÇALVES DIAS";"RUA SANTOS DUMONT     BURITIZAL      N° 121"
"05/10/2026";"06:29:34";2026;"04/10/2026";"1º Turno";1;"AP";"06050";"MACAPÁ";10;455;1;"Principal";-1;1724;"ESCOLA ESTADUAL PROFESSOR ANTONIO MUNHOZ LOPES";1;"Convencional";"CONJUNTO HABITACIONAL MACAPABA";"MACAPABA";"68900000";"-1";",086194";"-51,0949749";1;"ATIVO";-1;"ATIVO";1;"ATIVO";1;"Ativo";"0";"Sem acessibilidade";391;391;391;0;1724;"ESCOLA ESTADUAL PROFESSOR ANTONIO MUNHOZ LOPES";"CONJUNTO HABITACIONAL MACAPABA"
"05/10/2026";"06:29:34";2026;"04/10/2026";"1º Turno";1;"AP";"06050";"MACAPÁ";14;254;1;"Principal";-1;1368;"ESCOLA ESTADUAL PROF. NILTON BALIEIRO MACHADO";1;"Convencional";"DECIMA QUINTA AVENIDA, S/N (ESQUINA COM A QUINTA RUA)";"MARABAIXO III";"68900000";"+5596991539690";",0441313";"-51,127965";1;"ATIVO";-1;"ATIVO";1;"ATIVO";1;"Ativo";"1";"Com acessibilidade";399;399;399;0;1368;"ESCOLA ESTADUAL PROF. NILTON BALIEIRO MACHADO";"DECIMA QUINTA AVENIDA, S/N (ESQUINA COM A QUINTA RUA)"
"05/10/2026";"06:29:34";2026;"04/10/2026";"1º Turno";1;"AP";"06114";"FERREIRA GOMES";12;55;1;"Principal";-1;1066;"CRECHE MUNICIPAL SARAH SALOMÃO";4;"Temporário";"AVENIDA MANOEL LINO LEAL, S/N";"MONTANHA";"68915000";"-1";"-1";"-1";1;"ATIVO";-1;"ATIVO";1;"ATIVO";1;"Ativo";"1";"Com acessibilidade";354;352;352;0;1031;"ESCOLA MUNICIPAL JOÃO FREIRE CORDEIRO";"AV. MANOEL LINO LEAL, 925"
"05/10/2026";"06:29:34";2026;"04/10/2026";"1º Turno";1;"AP";"06157";"SANTANA";6;109;1;"Principal";-1;1252;"E.E. SAO BENTO";1;"Convencional";"RUA GENERAL EMILIO GARRASTAZU MEDICI, 844";"PARAÍSO";"68925000";"3281 4179";"-,03030393";"-51,17387979";1;"ATIVO";-1;"ATIVO";1;"ATIVO";1;"Ativo";"0";"Sem acessibilidade";307;305;305;0;1252;"E.E. SAO BENTO";"RUA GENERAL EMILIO GARRASTAZU MEDICI, 844"
"05/10/2026";"06:29:34";2026;"04/10/2026";"1º Turno";1;"AP";"06050";"MACAPÁ";14;197;1;"Principal";-1;1309;"ESCOLA ESTADUAL GUANABARA";1;"Convencional";"RUA ELIEZER LEVI, 1601";"CENTRO";"68900000";"+5596999339417";",0375666";"-51,0561729";1;"ATIVO";-1;"ATIVO";1;"ATIVO";1;"Ativo";"0";"Sem acessibilidade";217;217;217;0;1309;"ESCOLA ESTADUAL GUANABARA";"RUA ELIEZER LEVI, 1601"
"05/10/2026";"06:29:34";2026;"04/10/2026";"1º Turno";1;"AP";"06017";"AMAPÁ";1;30;1;"Principal";-1;1104;"ESCOLA ESTADUAL VIDAL DE NEGREIROS";1;"Convencional";"AV. DESIDERIO ANTONIO COELHO, 470, CENTRO";"SETE MANGUEIRAS";"68950000";"-1";"2,0471077";"-50,7919131";1;"ATIVO";-1;"ATIVO";1;"ATIVO";1;"Ativo";"0";"Sem acessibilidade";271;269;269;0;1104;"ESCOLA ESTADUAL VIDAL DE NEGREIROS";"AV. DESIDERIO ANTONIO COELHO, 470, CENTRO"
"05/10/2026";"06:29:34";2026;"04/10/2026";"1º Turno";1;"AP";"06050";"MACAPÁ";14;345;1;"Principal";-1;1490;"ESCOLA MUNICIPAL DE ENSINO FUNDAMENTAL RAIMUNDA DE LIMA GUEDES";1;"Convencional";"RUA 07 - N 194";"MARABAIXO I";"68900000";"+5596981389898";",0372505";"-51,1265339";1;"ATIVO";-1;"ATIVO";1;"ATIVO";1;"Ativo";"1";"Com acessibilidade";283;279;279;0;1490;"ESCOLA MUNICIPAL DE ENSINO FUNDAMENTAL RAIMUNDA DE LIMA GUEDES";"RUA 07 - N 194"
"05/10/2026";"06:29:34";2026;"04/10/2026";"1º Turno";1;"AP";"06050";"MACAPÁ";14;153;1;"Principal";-1;1210;"EPG PROF DEUSOLINA SALES FARIAS";1;"Convencional";"RUA GOIAS, 107";"PACOVAL";"68908340";"981331502";",0554256";"-51,0582209";1;"ATIVO";-1;"ATIVO";1;"ATIVO";1;"Ativo";"0";"Sem acessibilidade";330;329;329;0;1210;"EPG PROF DEUSOLINA SALES FARIAS";"RUA GOIAS, 107"
"05/10/2026";"06:29:34";2026;"04/10/2026";"1º Turno";1;"AP";"06050";"MACAPÁ";10;262;1;"Principal";-1;1473;"ESCOLA ESTADUAL PROFESSORA ONEIDE PINTO LIMA";1;"Convencional";"RUA DAS FLORES, 254";"BONÉ AZUL";"68908645";"991072002";",0838682";"-51,0734081";1;"ATIVO";-1;"ATIVO";1;"ATIVO";1;"Ativo";"0";"Sem acessibilidade";370;370;370;0;1473;"ESCOLA ESTADUAL PROFESSORA ONEIDE PINTO LIMA";"RUA DAS FLORES, 254"
"05/10/2026";"06:29:34";2026;"04/10/2026";"1º Turno";1;"AP";"06092";"OIAPOQUE";4;50;1;"Principal";-1;1171;"ESCOLA ESTADUAL MÁRCIA DO SOCORRO LIMA DE FRANÇA";1;"Convencional";"RUA NORBERTO PENNAFORT, N 713, CENTRO";"CENTRO";"68980000";"-1";"3,84417641";"-51,83236672";1;"ATIVO";-1;"ATIVO";1;"ATIVO";1;"Ativo";"0";"Sem acessibilidade";268;267;267;0;1171;"ESCOLA ESTADUAL MÁRCIA DO SOCORRO LIMA DE FRANÇA";"RUA NORBERTO PENNAFORT, N 713, CENTRO"
"05/10/2026";"06:29:34";2026;"04/10/2026";"1º Turno";1;"AP";"06050";"MACAPÁ";14;314;1;"Principal";-1;1449;"ESCOLA ESTADUAL TIRADENTES";1;"Convencional";"RUA SANTOS DUMONT         128      SANTA RITA";"SANTA RITA";"68900000";"+5596981117291";",042048";"-51,0727224";1;"ATIVO";-1;"ATIVO";1;"ATIVO";1;"Ativo";"0";"Sem acessibilidade";312;307;307;0;1449;"ESCOLA ESTADUAL TIRADENTES";"RUA SANTOS DUMONT         128      SANTA RITA"
"05/10/2026";"06:29:34";2026;"04/10/2026";"1º Turno";1;"AP";"06050";"MACAPÁ";2;409;1;"Principal";-1;1783;"ESCOLA ESTADUAL LAURO CHAVES";1;"Convencional";"AV TEMBES       SN";"MUCA";"68900000";"32411440";",0130979";"-51,074366";1;"ATIVO";-1;"ATIVO";1;"ATIVO";1;"Ativo";"0";"Sem acessibilidade";259;260;260;0;1783;"ESCOLA ESTADUAL LAURO CHAVES";"AV TEMBES       SN"
"05/10/2026";"06:29:34";2026;"04/10/2026";"1º Turno";1;"AP";"06050";"MACAPÁ";10;356;1;"Principal";-1;1414;"ESCOLA MUNICIPAL PROFESSORA VERA LUCIA PINON NERY";1;"Convencional";"AV. CARLOS LINS CORTES, 1405";"INFRAERO II";"68900000";"32511330";",0708299";"-51,0829593";1;"ATIVO";-1;"ATIVO";1;"ATIVO";1;"Ativo";"0";"Sem acessibilidade";390;388;388;0;1414;"ESCOLA MUNICIPAL PROFESSORA VERA LUCIA PINON NERY";"AV. CARLOS LINS CORTES, 1405"
"05/10/2026";"06:29:34";2026;"04/10/2026";"1º Turno";1;"AP";"06122";"VITÓRIA DO JARI";7;183;1;"Principal";-1;1120;"CENTRO COMUNITÁRIO ILHAS ARUÃS";1;"Convencional";"ILHAS ARUÃS";"CENTRO";"68924000";"-1";"-1,0983883";"-51,7119647";1;"ATIVO";-1;"ATIVO";1;"ATIVO";1;"Ativo";"0";"Sem acessibilidade";276;276;276;0;1120;"CENTRO COMUNITÁRIO ILHAS ARUÃS";"ILHAS ARUÃS"
"05/10/2026";"06:29:34";2026;"04/10/2026";"1º Turno";1;"AP";"06050";"MACAPÁ";10;484;1;"Principal";-1;1848;"ESCOLA ESTADUAL PROFESSOR. CARLOS ALBERTO VIANA MARQUES";1;"Convencional";"CONJUNTO HABITACIONAL MIRACEMA - BLOCO 24";"conjunto miracema";"68908911";"00000";",0581829";"-51,0950666";1;"ATIVO";-1;"ATIVO";1;"ATIVO";1;"Ativo";"1";"Com acessibilidade";238;238;238;0;1848;"ESCOLA ESTADUAL PROFESSOR. CARLOS ALBERTO VIANA MARQUES";"CONJUNTO HABITACIONAL MIRACEMA - BLOCO 24"
"05/10/2026";"06:29:34";2026;"04/10/2026";"1º Turno";1;"AP";"06157";"SANTANA";6;152;1;"Principal";-1;1279;"E.M. PROF. IRANILDE";1;"Convencional";"RUA D-6, 12";"VILA AMAZONAS";"68925000";"3283 5606";"-,0549999";"-51,1590609";1;"ATIVO";-1;"ATIVO";1;"ATIVO";1;"Ativo";"0";"Sem acessibilidade";342;342;342;0;1279;"E.M. PROF. IRANILDE";"RUA D-6, 12"
"05/10/2026";"06:29:34";2026;"04/10/2026";"1º Turno";1;"AP";"06017";"AMAPÁ";1;43;2;"Agregada";86;1260;"ESCOLA ESTADUAL ROZENDO NASCIMENTO FILHO";1;"Convencional";"ASSENTAMENTO DO PIQUIA";"PIQUIÁ";"68950000";"-1";"1,8700029";"-50,9263465";1;"ATIVO";-1;"ATIVO";1;"ATIVO";1;"Ativo";"0";"Sem acessibilidade";182;0;0;0;1260;"ESCOLA ESTADUAL ROZENDO NASCIMENTO FILHO";"ASSENTAMENTO DO PIQUIA"
"05/10/2026";"06:29:34";2026;"04/10/2026";"1º Turno";1;"AP";"06050";"MACAPÁ";10;358;1;"Principal";-1;1473;"ESCOLA ESTADUAL PROFESSORA ONEIDE PINTO LIMA";1;"Convencional";"RUA DAS FLORES, 254";"BONÉ AZUL";"68908645";"991072002";",0838682";"-51,0734081";1;"ATIVO";-1;"ATIVO";1;"ATIVO";1;"Ativo";"1";"Com acessibilidade";368;367;367;0;1473;"ESCOLA ESTADUAL PROFESSORA ONEIDE PINTO LIMA";"RUA DAS FLORES, 254"
"05/10/2026";"06:29:34";2026;"04/10/2026";"1º Turno";1;"AP";"06050";"MACAPÁ";2;925;1;"Principal";-1;2720;"ESCOLA ESTADUAL DR.ALEXANDRE VAZ TAVARES";1;"Convencional";"AV FELICIANO COELHO                                SN";"TREM";"68900000";"+5596984097424";",0294743";"-51,0595886";1;"ATIVO";-1;"ATIVO";1;"ATIVO";1;"Ativo";"0";"Sem acessibilidade";328;329;329;0;2720;"ESCOLA ESTADUAL DR.ALEXANDRE VAZ TAVARES";"AV FELICIANO COELHO                                SN"
"05/10/2026";"06:29:34";2026;"04/10/2026";"1º Turno";1;"AP";"06106";"SERRA DO NAVIO";11;22;1;"Principal";-1;1023;"ESCOLA ESTADUAL COLÔNIA DE ÁGUA BRANCA";1;"Convencional";"RUA AIRTON SENA, 1021";"COLONIA DE AGUA BRANCA";"68948000";"-1";"-1";"-1";1;"ATIVO";-1;"ATIVO";1;"ATIVO";1;"Ativo";"0";"Sem acessibilidade";393;390;390;0;1023;"ESCOLA ESTADUAL COLÔNIA DE ÁGUA BRANCA";"RUA AIRTON SENA, 1021"
"05/10/2026";"06:29:34";2026;"04/10/2026";"1º Turno";1;"AP";"06050";"MACAPÁ";2;861;1;"Principal";-1;2666;"ESCOLA ESTADUAL JOSEFA JUCILEIDE AMORAS COLARES";1;"Convencional";"AV.RAIMUNDO TEQUILO GOES DE ALMEIDA    000147";"NOVA ESPERANCA";"68901610";"+5596991990317";",0317616";"-51,0825624";1;"ATIVO";-1;"ATIVO";1;"ATIVO";1;"Ativo";"0";"Sem acessibilidade";373;373;373;0;2666;"ESCOLA ESTADUAL JOSEFA JUCILEIDE AMORAS COLARES";"AV.RAIMUNDO TEQUILO GOES DE ALMEIDA    000147"
"05/10/2026";"06:29:34";2026;"04/10/2026";"1º Turno";1;"AP";"06050";"MACAPÁ";14;20;1;"Principal";-1;1058;"E. E. PROFª DEUZUITE CAVALCANTE";1;"Convencional";"AV. JOSÉ TUPINAMBÁ, 556, PERPÉTUO SOCORRO";"PERPETUO SOCORRO";"68900000";"991416677";",0457954";"-51,0448561";1;"ATIVO";-1;"ATIVO";1;"ATIVO";1;"Ativo";"0";"Sem acessibilidade";384;385;385;0;1058;"E. E. PROFª DEUZUITE CAVALCANTE";"AV. JOSÉ TUPINAMBÁ, 556, PERPÉTUO SOCORRO"
"05/10/2026";"06:29:34";2026;"04/10/2026";"1º Turno";1;"AP";"06050";"MACAPÁ";2;576;1;"Principal";-1;1600;"ESCOLA ESTADUAL MÁRIO QUIRINO DA SILVA";1;"Convencional";"RUA CLAUDOMIRO DE MORAIS                    SN";"NOVO BURITIZAL";"68900000";"32125283";",0154748";"-51,0823276";1;"ATIVO";-1;"ATIVO";1;"ATIVO";1;"Ativo";"0";"Sem acessibilidade";245;245;245;0;2046;"ESCOLA ESTADUAL PROFª BENIGNA MOREIRA DE SOUZA";"RUA RAUL MONTEIRO VALDEZ - 1500"
"05/10/2026";"06:29:34";2026;"04/10/2026";"1º Turno";1;"AP";"06157";"SANTANA";6;174;1;"Principal";-1;1031;"E.E. FRANCISCO DE OLIVEIRA FILHO (ANAUERAPUCU)";1;"Convencional";"RODOVIA MACAPÁ / MAZAGÃO, S/N";"ANAUERAPUCU";"68925000";"+559632819103";"-,0681603";"-51,2580235";1;"ATIVO";-1;"ATIVO";1;"ATIVO";1;"Ativo";"0";"Sem acessibilidade";336;337;337;0;1031;"E.E. FRANCISCO DE OLIVEIRA FILHO (ANAUERAPUCU)";"RODOVIA MACAPÁ / MAZAGÃO, S/N"
"05/10/2026";"06:29:34";2026;"04/10/2026";"1º Turno";1;"AP";"06157";"SANTANA";6;204;1;"Principal";-1;1244;"E.M. PROFESSORA MARIA ILNAH DE SOUZA";1;"Convencional";"RUA ADALVARO ALVES CAVALCANTE, 2060";"PROVEDOR I";"68925000";"3283 5749";"-,0410583";"-51,1578353";1;"ATIVO";-1;"ATIVO";1;"ATIVO";1;"Ativo";"0";"Sem acessibilidade";354;351;351;0;1244;"E.M. PROFESSORA MARIA ILNAH DE SOUZA";"RUA ADALVARO ALVES CAVALCANTE, 2060"
"05/10/2026";"06:29:34";2026;"04/10/2026";"1º Turno";1;"AP";"06157";"SANTANA";6;251;1;"Principal";-1;1287;"E.E. RODOVAL BORGES SILVA";1;"Convencional";"TRAVESSA L-8, 05";"FONTE NOVA";"68925000";"3283 1213";"-,01659399";"-51,17809187";1;"ATIVO";-1;"ATIVO";1;"ATIVO";1;"Ativo";"0";"Sem acessibilidade";364;363;363;0;1287;"E.E. RODOVAL BORGES SILVA";"TRAVESSA L-8, 05"
"05/10/2026";"06:29:34";2026;"04/10/2026";"1º Turno";1;"AP";"06092";"OIAPOQUE";4;46;1;"Principal";-1;1163;"ESCOLA INDÍGENA ESTADUAL JOÃO TEODORO FORTES";1;"Convencional";"ALDEIA ESPÍRITO SANTO - MARGEM DO RIO KURIPI";"ALDEIA ESPIRITO SANTO";"68980000";"-1";"-1";"-1";1;"ATIVO";-1;"ATIVO";1;"ATIVO";1;"Ativo";"0";"Sem acessibilidade";190;189;189;0;1163;"ESCOLA INDÍGENA ESTADUAL JOÃO TEODORO FORTES";"ALDEIA ESPÍRITO SANTO - MARGEM DO RIO KURIPI"
"05/10/2026";"06:29:34";2026;"04/10/2026";"1º Turno";1;"AP";"06025";"PORTO GRANDE";12;17;1;"Principal";-1;1023;"ESC. EST. MATAPI II";1;"Convencional";"COLONIA AGRICOLA DO MATAPI, 1055 - LINHA A";"MATAPI";"68997000";"-1";",60574308";"-51,42921777";1;"ATIVO";-1;"ATIVO";1;"ATIVO";1;"Ativo";"1";"Com acessibilidade";304;303;303;0;1023;"ESC. EST. MATAPI II";"COLONIA AGRICOLA DO MATAPI, 1055 - LINHA A"
"05/10/2026";"06:29:34";2026;"04/10/2026";"1º Turno";1;"AP";"06050";"MACAPÁ";2;945;1;"Principal";-1;2747;"ESCOLA ESTADUAL CECILIA PINTO";1;"Convencional";"RUA PROF TOSTES              122         BURITIZAL";"BURITIZAL";"68902210";"+5596992016136";",0143256";"-51,0700748";1;"ATIVO";-1;"ATIVO";1;"ATIVO";1;"Ativo";"0";"Sem acessibilidade";302;299;299;0;2747;"ESCOLA ESTADUAL CECILIA PINTO";"RUA PROF TOSTES              122         BURITIZAL"
"05/10/2026";"06:29:34";2026;"04/10/2026";"1º Turno";1;"AP";"06050";"MACAPÁ";2;78;1;"Principal";-1;1139;"ESCOLA ESTADUAL PROFº JOSÉ FIRMO DO NASCIMENTO";1;"Convencional";"AV CLODOVIO COELHO  - 145  - TREM";"BEIROL";"68900000";"+5596981010886";",0232182";"-51,0625066";1;"ATIVO";-1;"ATIVO";1;"ATIVO";1;"Ativo";"1";"Com acessibilidade";232;233;233;0;1139;"ESCOLA ESTADUAL PROFº JOSÉ FIRMO DO NASCIMENTO";"AV CLODOVIO COELHO  - 145  - TREM"
"05/10/2026";"06:29:34";2026;"04/10/2026";"1º Turno";1;"AP";"06076";"MAZAGÃO";5;78;1;"Principal";-1;1333;"ESCOLA MUNICIPAL SANTA MARIA DO FURO DO MARACA";1;"Convencional";"COMUNIDADE SANTA MARIA DO FURO DO MARACÁ";"FURO DO MARACÁ";"68940000";"-1";"-,4990731";"-51,5727117";1;"ATIVO";-1;"ATIVO";1;"ATIVO";1;"Ativo";"0";"Sem acessibilidade";175;175;175;0;1333;"ESCOLA MUNICIPAL SANTA MARIA DO FURO DO MARACA";"COMUNIDADE SANTA MARIA DO FURO DO MARACÁ"
"05/10/2026";"06:29:34";2026;"04/10/2026";"1º Turno";1;"AP";"06173";"TARTARUGALZINHO";8;9;1;"Principal";-1;1040;"ESC EST  WASHINGTON LUIS A. FIGUEIREDO";1;"Convencional";"BR 156 - VILA DE ITAUBAL DO AMAPÁ, 760";"ITAUBAL";"68990000";"+559634251162";"1,58130871";"-50,9026185";1;"ATIVO";-1;"ATIVO";1;"ATIVO";1;"Ativo";"0";"Sem acessibilidade";235;235;235;0;1040;"ESC EST  WASHINGTON LUIS A. FIGUEIREDO";"BR 156 - VILA DE ITAUBAL DO AMAPÁ, 760"
"05/10/2026";"06:29:34";2026;"04/10/2026";"1º Turno";1;"AP";"06157";"SANTANA";6;28;1;"Principal";-1;1538;"ANEXO DA PARÓQUIA NOSSA SENHORA DE FÁTIMA";4;"Temporário";"AVENIDA PRINCESA IZABEL";"CENTRO";"68925210";"-1";"-,0421617";"-51,1731822";1;"ATIVO";-1;"ATIVO";1;"ATIVO";1;"Ativo";"1";"Com acessibilidade";322;321;321;0;1066;"E.P.G. AMAZONAS";"AV. 15 DE NOVEMBRO, 1132"
"05/10/2026";"06:29:34";2026;"04/10/2026";"1º Turno";1;"AP";"06050";"MACAPÁ";2;631;1;"Principal";-1;1899;"UNIVERSIDADE FEDERAL DO AMAPA - UNIFAP";1;"Convencional";"ROD. JOSMAR CHAVES PINTO, KM 02   JARDIM MARCO ZERO";"UNIVERSIDADE";"68903419";"+5596981159919";"-,0065359";"-51,0845096";1;"ATIVO";-1;"ATIVO";1;"ATIVO";1;"Ativo";"0";"Sem acessibilidade";401;400;400;0;2062;"ESCOLA MUNICIPAL DE ENSINO FUNDAMENTAL PROFESSORA NEUZONA";"RUA AMADEU GAMA, 1742"
"05/10/2026";"06:29:34";2026;"04/10/2026";"1º Turno";1;"AP";"06092";"OIAPOQUE";4;91;1;"Principal";-1;1201;"IFAP - INSTITUTO FEDERAL DO AMAPÁ";1;"Convencional";"RUA JOAQUIM CAETANO DA SILVA";"CENTRO";"68980000";"+559635211386";"-1";"-1";1;"ATIVO";-1;"ATIVO";1;"ATIVO";1;"Ativo";"0";"Sem acessibilidade";211;208;208;0;1201;"IFAP - INSTITUTO FEDERAL DO AMAPÁ";"RUA JOAQUIM CAETANO DA SILVA"
"05/10/2026";"06:29:34";2026;"04/10/2026";"1º Turno";1;"AP";"06050";"MACAPÁ";14;391;1;"Principal";-1;1562;"ESCOLA ESTADUAL CLAUDIO DOS SANTOS BARBOSA";1;"Convencional";"VILA PROGESSO";"DISTRITO DE BAILIQUE";"68900000";"33321130";",8699606";"-50,0451417";1;"ATIVO";-1;"ATIVO";1;"ATIVO";1;"Ativo";"0";"Sem acessibilidade";314;314;314;0;1562;"ESCOLA ESTADUAL CLAUDIO DOS SANTOS BARBOSA";"VILA PROGESSO"
"05/10/2026";"06:29:34";2026;"04/10/2026";"1º Turno";1;"AP";"06122";"VITÓRIA DO JARI";7;176;1;"Principal";-1;1090;"ESCOLA MUNICIPAL FELINTO BATISTA";1;"Convencional";"AV. PEDRO LADISLAU";"PRAINHA";"68924000";"+5596991183910";"-,9222582";"-52,4199182";1;"ATIVO";-1;"ATIVO";1;"ATIVO";1;"Ativo";"0";"Sem acessibilidade";257;256;256;0;1090;"ESCOLA MUNICIPAL FELINTO BATISTA";"AV. PEDRO LADISLAU"
"05/10/2026";"06:29:34";2026;"04/10/2026";"1º Turno";1;"AP";"06050";"MACAPÁ";2;732;1;"Principal";-1;2321;"ESCOLA ESTADUAL PROFª NANCI NINA COSTA";1;"Convencional";"AV. INSPETOR AIMORÉ, 1331";"ZERAO";"68900000";"+5596981452190";",0015588";"-51,0873044";1;"ATIVO";-1;"ATIVO";1;"ATIVO";1;"Ativo";"0";"Sem acessibilidade";380;378;378;0;2321;"ESCOLA ESTADUAL PROFª NANCI NINA COSTA";"AV. INSPETOR AIMORÉ, 1331"
"05/10/2026";"06:29:34";2026;"04/10/2026";"1º Turno";1;"AP";"06050";"MACAPÁ";2;645;1;"Principal";-1;2119;"ESCOLA MUNICIPAL DE ENSINO FUNDAMENTAL WILSON MALCHER";1;"Convencional";"RUA JOÃO DE CASTRO , S/N";"JARDIM EQUATORIAL";"68900000";"+5596984144863";",0063263";"-51,0687238";1;"ATIVO";-1;"ATIVO";1;"ATIVO";1;"Ativo";"1";"Com acessibilidade";333;331;331;0;2119;"ESCOLA MUNICIPAL DE ENSINO FUNDAMENTAL WILSON MALCHER";"RUA JOÃO DE CASTRO , S/N"
"05/10/2026";"06:29:34";2026;"04/10/2026";"1º Turno";1;"AP";"06050";"MACAPÁ";10;96;1;"Principal";-1;1279;"ESCOLA ESTADUAL MARIA DO CARMO VIANA DOS ANJOS";1;"Convencional";"RUA FRANCISCO ALVES CORRÊA, 30, JARDIM FELICIDADE II";"JARDIM FELICIDADE II";"68900000";"991296548";",0968478";"-51,056575";1;"ATIVO";-1;"ATIVO";1;"ATIVO";1;"Ativo";"0";"Sem acessibilidade";355;353;353;0;1279;"ESCOLA ESTADUAL MARIA DO CARMO VIANA DOS ANJOS";"RUA FRANCISCO ALVES CORRÊA, 30, JARDIM FELICIDADE II"
"05/10/2026";"06:29:34";2026;"04/10/2026";"1º Turno";1;"AP";"06017";"AMAPÁ";1;77;1;"Principal";-1;1171;"ESCOLA MUNICIPAL LOURENÇO BORGES FAÇANHA";1;"Convencional";"JUSCELINO KUBSTCHEK, 119";"VILA NOVA";"68950000";"-1";"2,0533041";"-50,7911965";1;"ATIVO";-1;"ATIVO";1;"ATIVO";1;"Ativo";"0";"Sem acessibilidade";349;348;348;0;1171;"ESCOLA MUNICIPAL LOURENÇO BORGES FAÇANHA";"JUSCELINO KUBSTCHEK, 119"
"05/10/2026";"06:29:34";2026;"04/10/2026";"1º Turno";1;"AP";"06025";"PORTO GRANDE";12;8;1;"Principal";-1;1015;"ESCOLA ESTADUAL JOSÉ RIBAMAR TEIXEIRA";1;"Convencional";"AVENIDA PEDRO TEIXEIRA, S/N, BAIRRO MALVINAS";"CENTRO";"68997000";"-1";",70812263";"-51,40810814";1;"ATIVO";-1;"ATIVO";1;"ATIVO";1;"Ativo";"1";"Com acessibilidade";359;356;356;0;1015;"ESCOLA ESTADUAL JOSÉ RIBAMAR TEIXEIRA";"AVENIDA PEDRO TEIXEIRA, S/N, BAIRRO MALVINAS"
"05/10/2026";"06:29:34";2026;"04/10/2026";"1º Turno";1;"AP";"06050";"MACAPÁ";14;274;1;"Principal";-1;1384;"ESCOLA ESTADUAL PROF.GABRIEL ALMEIDA CAFÉ";1;"Convencional";"AV FAB, 091";"CENTRO";"68900000";"+5596991622848";",040525";"-51,0610346";1;"ATIVO";-1;"ATIVO";1;"ATIVO";1;"Ativo";"1";"Com acessibilidade";245;243;243;0;1384;"ESCOLA ESTADUAL PROF.GABRIEL ALMEIDA CAFÉ";"AV FAB, 091"
"05/10/2026";"06:29:34";2026;"04/10/2026";"1º Turno";1;"AP";"06050";"MACAPÁ";10;362;1;"Principal";-1;1678;"ESCOLA ESTADUAL RISALVA FREITAS DO AMARAL";1;"Convencional";"AV CECILIA VICENTE DA PAIXÃO, S/N";"PANTANAL";"68907311";"-1";",0710676";"-51,046337";1;"ATIVO";-1;"ATIVO";1;"ATIVO";1;"Ativo";"0";"Sem acessibilidade";377;375;375;0;1678;"ESCOLA ESTADUAL RISALVA FREITAS DO AMARAL";"AV CECILIA VICENTE DA PAIXÃO, S/N"
"05/10/2026";"06:29:34";2026;"04/10/2026";"1º Turno";1;"AP";"06050";"MACAPÁ";10;336;1;"Principal";-1;1406;"ESCOLA ESTADUAL PROFESSORA ODETE ALMEIDA LOPES";1;"Convencional";"AV. RAIMUNDO REINALDO GUEDES FIGUEIRA, 151";"SAO LAZARO";"68900000";"-1";",0763855";"-51,0567027";1;"ATIVO";-1;"ATIVO";1;"ATIVO";1;"Ativo";"0";"Sem acessibilidade";333;331;331;0;1406;"ESCOLA ESTADUAL PROFESSORA ODETE ALMEIDA LOPES";"AV. RAIMUNDO REINALDO GUEDES FIGUEIRA, 151"
"05/10/2026";"06:29:34";2026;"04/10/2026";"1º Turno";1;"AP";"06122";"VITÓRIA DO JARI";7;179;1;"Principal";-1;1090;"ESCOLA MUNICIPAL FELINTO BATISTA";1;"Convencional";"AV. PEDRO LADISLAU";"PRAINHA";"68924000";"+5596991183910";"-,9222582";"-52,4199182";1;"ATIVO";-1;"ATIVO";1;"ATIVO";1;"Ativo";"0";"Sem acessibilidade";249;249;249;0;1090;"ESCOLA MUNICIPAL FELINTO BATISTA";"AV. PEDRO LADISLAU"
"05/10/2026";"06:29:34";2026;"04/10/2026";"1º Turno";1;"AP";"06050";"MACAPÁ";2;459;1;"Principal";-1;2070;"ESCOLA ESTADUAL PROFª MARGARIDA ROCHA DA COSTA";1;"Convencional";"RODOVIA SALVADOR DINIZ, 1736";"IGARAPE DA FORTALEZA";"68911085";"+5596991658877";"-,0486964";"-51,1375111";1;"ATIVO";-1;"ATIVO";1;"ATIVO";1;"Ativo";"0";"Sem acessibilidade";207;209;209;0;2070;"ESCOLA ESTADUAL PROFª MARGARIDA ROCHA DA COSTA";"RODOVIA SALVADOR DINIZ, 1736"
"05/10/2026";"06:29:34";2026;"04/10/2026";"1º Turno";1;"AP";"06122";"VITÓRIA DO JARI";7;148;1;"Principal";-1;1040;"ESCOLA MUNICIPAL ATERRO DO MURIACÁ";1;"Convencional";"ATERRO DO MURIACÁ";"CENTRO";"68920000";"-1";"-,9145402";"-52,134988";1;"ATIVO";-1;"ATIVO";1;"ATIVO";1;"Ativo";"0";"Sem acessibilidade";301;301;301;0;1040;"ESCOLA MUNICIPAL ATERRO DO MURIACÁ";"ATERRO DO MURIACÁ"
"05/10/2026";"06:29:34";2026;"04/10/2026";"1º Turno";1;"AP";"06050";"MACAPÁ";14;440;1;"Principal";-1;1368;"ESCOLA ESTADUAL PROF. NILTON BALIEIRO MACHADO";1;"Convencional";"DECIMA QUINTA AVENIDA, S/N (ESQUINA COM A QUINTA RUA)";"MARABAIXO III";"68900000";"+5596991539690";",0441313";"-51,127965";1;"ATIVO";-1;"ATIVO";1;"ATIVO";1;"Ativo";"0";"Sem acessibilidade";196;195;195;0;1368;"ESCOLA ESTADUAL PROF. NILTON BALIEIRO MACHADO";"DECIMA QUINTA AVENIDA, S/N (ESQUINA COM A QUINTA RUA)"
"05/10/2026";"06:29:34";2026;"04/10/2026";"1º Turno";1;"AP";"06050";"MACAPÁ";10;70;1;"Principal";-1;1104;"ESCOLA ESTADUAL SAO JOAQUIM DO PACUI";1;"Convencional";"RUA MARCOS BOTAS, 719";"VILA SAO JOAQUIM DO PACUI";"68912500";"999129255";",8075247";"-50,7528024";1;"ATIVO";-1;"ATIVO";1;"ATIVO";1;"Ativo";"0";"Sem acessibilidade";313;313;313;0;1104;"ESCOLA ESTADUAL SAO JOAQUIM DO PACUI";"RUA MARCOS BOTAS, 719"
"05/10/2026";"06:29:34";2026;"04/10/2026";"1º Turno";1;"AP";"06050";"MACAPÁ";2;745;1;"Principal";-1;2453;"ESCOLA MUNICIPAL DE ENSINO FUNDAMENTAL CAETANO DIAS TOMAZ";1;"Convencional";"RUA DO MATADOURO, 112";"DISTRITO DE FAZENDINHA";"68911012";"+5596999083324";"-,0463079";"-51,1164641";1;"ATIVO";-1;"ATIVO";1;"ATIVO";1;"Ativo";"0";"Sem acessibilidade";252;251;251;0;2453;"ESCOLA MUNICIPAL DE ENSINO FUNDAMENTAL CAETANO DIAS TOMAZ";"RUA DO MATADOURO, 112"
"05/10/2026";"06:29:34";2026;"04/10/2026";"1º Turno";1;"AP";"06050";"MACAPÁ";2;91;1;"Principal";-1;1155;"ESCOLA ESTADUAL PROFº ZOLITO DE JESUS NUNES";1;"Convencional";"RUA LEOPOLDO MACHADO                            160 - BEIROL";"BEIROL";"68902020";"+5596991150828";",0179869";"-51,0631282";1;"ATIVO";-1;"ATIVO";1;"ATIVO";1;"Ativo";"0";"Sem acessibilidade";368;368;368;0;1155;"ESCOLA ESTADUAL PROFº ZOLITO DE JESUS NUNES";"RUA LEOPOLDO MACHADO                            160 - BEIROL"
"05/10/2026";"06:29:34";2026;"04/10/2026";"1º Turno";1;"AP";"06017";"AMAPÁ";1;84;1;"Principal";-1;1163;"ESCOLA ESTADUAL PROFª MARIA ESMERALDA MARTINS DE MOURA";1;"Convencional";"RUA GUARANY, 743";"SETE MANGUEIRAS";"68950000";"-1";"2,0452652";"-50,7927769";1;"ATIVO";-1;"ATIVO";1;"ATIVO";1;"Ativo";"0";"Sem acessibilidade";337;336;336;0;1163;"ESCOLA ESTADUAL PROFª MARIA ESMERALDA MARTINS DE MOURA";"RUA GUARANY, 743"
"05/10/2026";"06:29:34";2026;"04/10/2026";"1º Turno";1;"AP";"06157";"SANTANA";6;148;1;"Principal";-1;1287;"E.E. RODOVAL BORGES SILVA";1;"Convencional";"TRAVESSA L-8, 05";"FONTE NOVA";"68925000";"3283 1213";"-,01659399";"-51,17809187";1;"ATIVO";-1;"ATIVO";1;"ATIVO";1;"Ativo";"0";"Sem acessibilidade";363;363;363;0;1287;"E.E. RODOVAL BORGES SILVA";"TRAVESSA L-8, 05"
"05/10/2026";"06:29:34";2026;"04/10/2026";"1º Turno";1;"AP";"06084";"PEDRA BRANCA DO AMAPARI";11;4;1;"Principal";-1;1074;"ESCOLA MUNICIPAL ERIKA DANIELLA DE CASTRO SILVA";1;"Convencional";"RUA SAO FRANCISCO, 2033 - REVIVER";"REVIVER";"68945000";"-1";"-1";"-1";1;"ATIVO";-1;"ATIVO";1;"ATIVO";1;"Ativo";"1";"Com acessibilidade";267;266;266;0;1074;"ESCOLA MUNICIPAL ERIKA DANIELLA DE CASTRO SILVA";"RUA SAO FRANCISCO, 2033 - REVIVER"
"05/10/2026";"06:29:34";2026;"04/10/2026";"1º Turno";1;"AP";"06050";"MACAPÁ";14;278;1;"Principal";-1;1384;"ESCOLA ESTADUAL PROF.GABRIEL ALMEIDA CAFÉ";1;"Convencional";"AV FAB, 091";"CENTRO";"68900000";"+5596991622848";",040525";"-51,0610346";1;"ATIVO";-1;"ATIVO";1;"ATIVO";1;"Ativo";"1";"Com acessibilidade";241;239;239;0;1384;"ESCOLA ESTADUAL PROF.GABRIEL ALMEIDA CAFÉ";"AV FAB, 091"
"05/10/2026";"06:29:34";2026;"04/10/2026";"1º Turno";1;"AP";"06157";"SANTANA";6;19;1;"Principal";-1;1058;"E.P.G. JOSE BARROSO TOSTES";1;"Convencional";"AV. 7 DE SETEMBRO, 186";"CENTRO";"68925000";"3281 1542";"-,0415918";"-51,1768394";1;"ATIVO";-1;"ATIVO";1;"ATIVO";1;"Ativo";"0";"Sem acessibilidade";298;299;299;0;1058;"E.P.G. JOSE BARROSO TOSTES";"AV. 7 DE SETEMBRO, 186"
"05/10/2026";"06:29:34";2026;"04/10/2026";"1º Turno";1;"AP";"06050";"MACAPÁ";10;244;1;"Principal";-1;1090;"ESCOLA ESTADUAL JULIO GONCALVES DA COSTA";1;"Convencional";"AV. CABRALZINHO, 1092";"VILA SANTA LUZIA DO PACUI";"68912500";"984035257";",8479588";"-50,6618399";1;"ATIVO";-1;"ATIVO";1;"ATIVO";1;"Ativo";"0";"Sem acessibilidade";224;222;222;0;1090;"ESCOLA ESTADUAL JULIO GONCALVES DA COSTA";"AV. CABRALZINHO, 1092"
"05/10/2026";"06:29:34";2026;"04/10/2026";"1º Turno";1;"AP";"06076";"MAZAGÃO";5;81;1;"Principal";-1;1023;"ESCOLA ESTADUAL PROFESSORA ANTÔNIA SILVA SANTOS";1;"Convencional";"TRAVESSA NOSSA SENHORA DE ASSUNÇÃO, N 0421";"DISTRITO DE MAZAGAO VELHO";"68940000";"-1";"-,2172407";"-51,43415956";1;"ATIVO";-1;"ATIVO";1;"ATIVO";1;"Ativo";"0";"Sem acessibilidade";283;283;283;0;1023;"ESCOLA ESTADUAL PROFESSORA ANTÔNIA SILVA SANTOS";"TRAVESSA NOSSA SENHORA DE ASSUNÇÃO, N 0421"
"05/10/2026";"06:29:34";2026;"04/10/2026";"1º Turno";1;"AP";"06050";"MACAPÁ";10;240;1;"Principal";-1;1503;"ESCOLA MUNICIPAL PROFESSOR JOSÉ LEOVES DE LIMA TEIXEIRA";1;"Convencional";"RUA RENASCIMENTO, 2041";"RENASCER";"68900000";"981381507";",0729854";"-51,0513328";1;"ATIVO";-1;"ATIVO";1;"ATIVO";1;"Ativo";"0";"Sem acessibilidade";388;385;385;0;1503;"ESCOLA MUNICIPAL PROFESSOR JOSÉ LEOVES DE LIMA TEIXEIRA";"RUA RENASCIMENTO, 2041"
"05/10/2026";"06:29:34";2026;"04/10/2026";"1º Turno";1;"AP";"06084";"PEDRA BRANCA DO AMAPARI";11;21;1;"Principal";-1;1074;"ESCOLA MUNICIPAL ERIKA DANIELLA DE CASTRO SILVA";1;"Convencional";"RUA SAO FRANCISCO, 2033 - REVIVER";"REVIVER";"68945000";"-1";"-1";"-1";1;"ATIVO";-1;"ATIVO";1;"ATIVO";1;"Ativo";"0";"Sem acessibilidade";264;261;261;0;1074;"ESCOLA MUNICIPAL ERIKA DANIELLA DE CASTRO SILVA";"RUA SAO FRANCISCO, 2033 - REVIVER"
"05/10/2026";"06:29:34";2026;"04/10/2026";"1º Turno";1;"AP";"06173";"TARTARUGALZINHO";8;4;1;"Principal";-1;1031;"ESC EST REISALINA FERREIRA TOMAZ";1;"Convencional";"AV. N. S. PERPÉTUO SOCORRO, 765";"CENTRO";"68990000";"+559634221199";"1,51009521";"-50,91264494";1;"ATIVO";-1;"ATIVO";1;"ATIVO";1;"Ativo";"0";"Sem acessibilidade";260;255;255;0;1031;"ESC EST REISALINA FERREIRA TOMAZ";"AV. N. S. PERPÉTUO SOCORRO, 765"
"05/10/2026";"06:29:34";2026;"04/10/2026";"1º Turno";1;"AP";"06076";"MAZAGÃO";5;3;1;"Principal";-1;1430;"ESCOLA MUNICIPAL PROFESSORA LUCICARME DO CARMO BARRETO";1;"Convencional";"RUA BARAO DO RIO BRANCO, S/N";"SAO TIAGO";"68940000";"-1";"-1";"-1";1;"ATIVO";-1;"ATIVO";1;"ATIVO";1;"Ativo";"0";"Sem acessibilidade";266;266;266;0;1430;"ESCOLA MUNICIPAL PROFESSORA LUCICARME DO CARMO BARRETO";"RUA BARAO DO RIO BRANCO, S/N"
"05/10/2026";"06:29:34";2026;"04/10/2026";"1º Turno";1;"AP";"06050";"MACAPÁ";10;286;1;"Principal";-1;1082;"ESCOLA QUILOMBOLA ESTADUAL PEDRO ALCANTARA CHAVES LOPES";1;"Convencional";"RUA JOSÉ MARIANO PICANÇO, 1134";"VILA ABACATE DA PEDREIRA";"68900000";"969990772809";",2695636";"-50,9147641";1;"ATIVO";-1;"ATIVO";1;"ATIVO";1;"Ativo";"0";"Sem acessibilidade";231;231;231;0;1082;"ESCOLA QUILOMBOLA ESTADUAL PEDRO ALCANTARA CHAVES LOPES";"RUA JOSÉ MARIANO PICANÇO, 1134"
"05/10/2026";"06:29:34";2026;"04/10/2026";"1º Turno";1;"AP";"06050";"MACAPÁ";2;95;1;"Principal";-1;1163;"ESCOLA MUNICIPAL DE ENSINO FUNDAMENTAL RORAIMA";1;"Convencional";"RUA HILDEMAR MAIA ,   2549";"BURITIZAL";"68902870";"000000000";",0239286";"-51,0709472";1;"ATIVO";-1;"ATIVO";1;"ATIVO";1;"Ativo";"0";"Sem acessibilidade";188;376;376;0;1163;"ESCOLA MUNICIPAL DE ENSINO FUNDAMENTAL RORAIMA";"RUA HILDEMAR MAIA ,   2549"
"05/10/2026";"06:29:34";2026;"04/10/2026";"1º Turno";1;"AP";"06092";"OIAPOQUE";4;37;1;"Principal";-1;1015;"ESCOLA DE PRIMEIRO GRAU JOAQUIM CAETANO DA SILVA";1;"Convencional";"AVENIDA JOAQUIM CAETANO DA SILVA";"CENTRO";"00000000";"-1";"3,84761965";"-51,83541966";1;"ATIVO";-1;"ATIVO";1;"ATIVO";1;"Ativo";"0";"Sem acessibilidade";274;275;275;0;1015;"ESCOLA DE PRIMEIRO GRAU JOAQUIM CAETANO DA SILVA";"AVENIDA JOAQUIM CAETANO DA SILVA"
"05/10/2026";"06:29:34";2026;"04/10/2026";"1º Turno";1;"AP";"06050";"MACAPÁ";2;481;1;"Principal";-1;2020;"ESCOLA ESTADUAL PROFº ANTONIO MESSIAS GONÇALVES DA SILVA";1;"Convencional";"AV. DOM JOSÉ MARITANO, 622";"ZERAO";"68900000";"+5596991046541";"-,0022242";"-51,1001204";1;"ATIVO";-1;"ATIVO";1;"ATIVO";1;"Ativo";"0";"Sem acessibilidade";350;349;349;0;2020;"ESCOLA ESTADUAL PROFº ANTONIO MESSIAS GONÇALVES DA SILVA";"AV. DOM JOSÉ MARITANO, 622"
"05/10/2026";"06:29:34";2026;"04/10/2026";"1º Turno";1;"AP";"06068";"CUTIAS";10;252;1;"Principal";-1;1031;"ESCOLA MUNICIPAL ALICE NASCIMENTO PIMENTEL";1;"Convencional";"RUA MANOEL RAIMUNDO PEREIRA, S/N, CENTRO CUTIAS";"CENTRO";"68973000";"-1";",9689829";"-50,7988391";1;"ATIVO";-1;"ATIVO";1;"ATIVO";1;"Ativo";"0";"Sem acessibilidade";286;282;282;0;1031;"ESCOLA MUNICIPAL ALICE NASCIMENTO PIMENTEL";"RUA MANOEL RAIMUNDO PEREIRA, S/N, CENTRO CUTIAS"
"05/10/2026";"06:29:34";2026;"04/10/2026";"1º Turno";1;"AP";"06050";"MACAPÁ";14;59;1;"Principal";-1;1090;"E.M.E.I.  MUNDO DA CRIANÇA";1;"Convencional";"AV. PARAIBA - 201";"PACOVAL";"68908280";"991223819";",057793";"-51,0545661";1;"ATIVO";-1;"ATIVO";1;"ATIVO";1;"Ativo";"0";"Sem acessibilidade";315;313;313;0;1090;"E.M.E.I.  MUNDO DA CRIANÇA";"AV. PARAIBA - 201"
"05/10/2026";"06:29:34";2026;"04/10/2026";"1º Turno";1;"AP";"06157";"SANTANA";6;172;1;"Principal";-1;1260;"ESCOLA ESTADUAL SÃO JOÃO APÓSTOLO";1;"Convencional";"AV. MARIA COLARES, 1905";"NOVA BRASÍLIA I";"68927229";"32831015";"-,0369626";"-51,1661291";1;"ATIVO";-1;"ATIVO";1;"ATIVO";1;"Ativo";"0";"Sem acessibilidade";230;229;229;0;1260;"ESCOLA ESTADUAL SÃO JOÃO APÓSTOLO";"AV. MARIA COLARES, 1905"
"05/10/2026";"06:29:34";2026;"04/10/2026";"1º Turno";1;"AP";"06033";"CALÇOENE";1;66;1;"Principal";-1;1040;"ESCOLA ESTADUAL JUVENAL GUIMARÃES TEIXEIRA";1;"Convencional";"AVENIDA JOSE LOURENÇO";"LOURENÇO";"68970000";"34261125";"2,31124626";"-51,6322036";1;"ATIVO";-1;"ATIVO";1;"ATIVO";1;"Ativo";"0";"Sem acessibilidade";361;360;360;0;1040;"ESCOLA ESTADUAL JUVENAL GUIMARÃES TEIXEIRA";"AVENIDA JOSE LOURENÇO"
"05/10/2026";"06:29:34";2026;"04/10/2026";"1º Turno";1;"AP";"06050";"MACAPÁ";14;222;1;"Principal";-1;1708;"ESCOLA ESTADUAL ANTONIO JOÃO";4;"Temporário";"RUA HILDEMAR MAIA, 674";"SANTA RITA";"68908119";"96991320828";"-1";"-1";1;"ATIVO";-1;"ATIVO";1;"ATIVO";1;"Ativo";"0";"Sem acessibilidade";287;286;286;0;1325;"ESCOLA ESTADUAL  JOSÉ DE ANCHIETA";"AV CORA DE CARVALHO, SN"
"05/10/2026";"06:29:34";2026;"04/10/2026";"1º Turno";1;"AP";"06157";"SANTANA";6;89;1;"Principal";-1;1120;"E.P.G. PADRE ANGELO BIRACHI";1;"Convencional";"RUA GENERAL EMILIO GARRASTAZU MEDICI, 796";"PARAÍSO";"68925000";"3281 4963";"-,03016454";"-51,17457792";1;"ATIVO";-1;"ATIVO";1;"ATIVO";1;"Ativo";"0";"Sem acessibilidade";377;373;373;0;1120;"E.P.G. PADRE ANGELO BIRACHI";"RUA GENERAL EMILIO GARRASTAZU MEDICI, 796"
"05/10/2026";"06:29:34";2026;"04/10/2026";"1º Turno";1;"AP";"06092";"OIAPOQUE";4;29;1;"Principal";-1;1023;"ESCOLA DE PRIMEIRO GRAU JOAQUIM NABUCO";1;"Convencional";"RUA LELIO SILVA";"CENTRO";"68900000";"-1";"3,84401648";"-51,83412591";1;"ATIVO";-1;"ATIVO";1;"ATIVO";1;"Ativo";"0";"Sem acessibilidade";289;304;288;0;1023;"ESCOLA DE PRIMEIRO GRAU JOAQUIM NABUCO";"RUA LELIO SILVA"
"05/10/2026";"06:29:34";2026;"04/10/2026";"1º Turno";1;"AP";"06157";"SANTANA";6;67;1;"Principal";-1;1457;"IFAP INSTITUTO FEDERAL DO AMAPA";1;"Convencional";"RODOVIA DUCA SERRA 1133";"FONTE NOVA";"68928084";"-1";"-,02058645";"-51,18061816";1;"ATIVO";-1;"ATIVO";1;"ATIVO";1;"Ativo";"0";"Sem acessibilidade";303;300;300;0;1457;"IFAP INSTITUTO FEDERAL DO AMAPA";"RODOVIA DUCA SERRA 1133"
"05/10/2026";"06:29:34";2026;"04/10/2026";"1º Turno";1;"AP";"06050";"MACAPÁ";14;80;1;"Principal";-1;1716;"ESCOLA ESTADUAL BARÃO DO RIO BRANCO";4;"Temporário";"AV. FAB, 122";"CENTRAL";"68900073";"-1";"-1";"-1";1;"ATIVO";-1;"ATIVO";1;"ATIVO";1;"Ativo";"0";"Sem acessibilidade";349;346;346;0;1120;"EEEF GENERAL AZEVEDO COSTA";"AV. JOSE ANTONIO SIQUEIRA 111"
"05/10/2026";"06:29:34";2026;"04/10/2026";"1º Turno";1;"AP";"06050";"MACAPÁ";14;351;1;"Principal";-1;1490;"ESCOLA MUNICIPAL DE ENSINO FUNDAMENTAL RAIMUNDA DE LIMA GUEDES";1;"Convencional";"RUA 07 - N 194";"MARABAIXO I";"68900000";"+5596981389898";",0372505";"-51,1265339";1;"ATIVO";-1;"ATIVO";1;"ATIVO";1;"Ativo";"0";"Sem acessibilidade";285;285;285;0;1490;"ESCOLA MUNICIPAL DE ENSINO FUNDAMENTAL RAIMUNDA DE LIMA GUEDES";"RUA 07 - N 194"
"05/10/2026";"06:29:34";2026;"04/10/2026";"1º Turno";1;"AP";"06050";"MACAPÁ";2;943;1;"Principal";-1;2739;"ESCOLA ESTADUAL COELHO NETO";1;"Convencional";"AV CLODOVIO COELHO                   124";"BURITIZAL";"68905160";"+5596991197151";",0245373";"-51,0765101";1;"ATIVO";-1;"ATIVO";1;"ATIVO";1;"Ativo";"0";"Sem acessibilidade";221;221;221;0;2739;"ESCOLA ESTADUAL COELHO NETO";"AV CLODOVIO COELHO                   124"
"05/10/2026";"06:29:34";2026;"04/10/2026";"1º Turno";1;"AP";"06122";"VITÓRIA DO JARI";7;166;1;"Principal";-1;1082;"ESCOLA MUNICIPAL ÁLVARO MARQUES GONÇALVES";1;"Convencional";"PAS JOSÉ SIMEÃO DE SOUZA - 1361";"MINA";"68924000";"+5509636221243";"-,9193051";"-52,4146888";1;"ATIVO";-1;"ATIVO";1;"ATIVO";1;"Ativo";"0";"Sem acessibilidade";214;213;213;0;1082;"ESCOLA MUNICIPAL ÁLVARO MARQUES GONÇALVES";"PAS JOSÉ SIMEÃO DE SOUZA - 1361"
"05/10/2026";"06:29:34";2026;"04/10/2026";"1º Turno";1;"AP";"06033";"CALÇOENE";1;64;1;"Principal";-1;1040;"ESCOLA ESTADUAL JUVENAL GUIMARÃES TEIXEIRA";1;"Convencional";"AVENIDA JOSE LOURENÇO";"LOURENÇO";"68970000";"34261125";"2,31124626";"-51,6322036";1;"ATIVO";-1;"ATIVO";1;"ATIVO";1;"Ativo";"0";"Sem acessibilidade";367;367;367;0;1040;"ESCOLA ESTADUAL JUVENAL GUIMARÃES TEIXEIRA";"AVENIDA JOSE LOURENÇO"
"05/10/2026";"06:29:34";2026;"04/10/2026";"1º Turno";1;"AP";"06050";"MACAPÁ";2;452;1;"Principal";-1;1791;"ESCOLA ESTADUAL IRINEU DA GAMA PAES";1;"Convencional";"AV RAIMUNDO CAXIAS DE SOUZA                      SN";"CONGOS";"68900000";"+5596981151638";",0090684";"-51,0934478";1;"ATIVO";-1;"ATIVO";1;"ATIVO";1;"Ativo";"0";"Sem acessibilidade";250;249;249;0;2046;"ESCOLA ESTADUAL PROFª BENIGNA MOREIRA DE SOUZA";"RUA RAUL MONTEIRO VALDEZ - 1500"
"05/10/2026";"06:29:34";2026;"04/10/2026";"1º Turno";1;"AP";"06173";"TARTARUGALZINHO";8;3;1;"Principal";-1;1023;"ESC EST MARIA LUCILA BRAZÃO";1;"Convencional";"VILA LAGO NOVO, 1153";"LAGO NOVO";"68990000";"+559634229000";"-1";"-1";1;"ATIVO";-1;"ATIVO";1;"ATIVO";1;"Ativo";"0";"Sem acessibilidade";226;226;226;0;1023;"ESC EST MARIA LUCILA BRAZÃO";"VILA LAGO NOVO, 1153"
"05/10/2026";"06:29:34";2026;"04/10/2026";"1º Turno";1;"AP";"06050";"MACAPÁ";14;155;1;"Principal";-1;1210;"EPG PROF DEUSOLINA SALES FARIAS";1;"Convencional";"RUA GOIAS, 107";"PACOVAL";"68908340";"981331502";",0554256";"-51,0582209";1;"ATIVO";-1;"ATIVO";1;"ATIVO";1;"Ativo";"0";"Sem acessibilidade";337;334;334;0;1210;"EPG PROF DEUSOLINA SALES FARIAS";"RUA GOIAS, 107"
"05/10/2026";"06:29:34";2026;"04/10/2026";"1º Turno";1;"AP";"06084";"PEDRA BRANCA DO AMAPARI";11;37;1;"Principal";-1;1015;"ESCOLA ESTADUAL MARIA HELENA CORDEIRO";1;"Convencional";"RUA DA PAZ, 527 - CENTRAL - PEDRA BRANCA DO AMAPARI";"CENTRO";"68945000";"-1";"-1";"-1";1;"ATIVO";-1;"ATIVO";1;"ATIVO";1;"Ativo";"0";"Sem acessibilidade";344;343;343;0;1015;"ESCOLA ESTADUAL MARIA HELENA CORDEIRO";"RUA DA PAZ, 527 - CENTRAL - PEDRA BRANCA DO AMAPARI"
"05/10/2026";"06:29:34";2026;"04/10/2026";"1º Turno";1;"AP";"06122";"VITÓRIA DO JARI";7;150;1;"Principal";-1;1058;"ESCOLA MUNICIPAL BENEDITO LIMA PENELVA";1;"Convencional";"RUA PEDRO LADISLAU, S/N";"SANTA CLARA";"68920000";"36221235";"-,9342084";"-52,4328917";1;"ATIVO";-1;"ATIVO";1;"ATIVO";1;"Ativo";"0";"Sem acessibilidade";262;262;262;0;1058;"ESCOLA MUNICIPAL BENEDITO LIMA PENELVA";"RUA PEDRO LADISLAU, S/N"
"05/10/2026";"06:29:34";2026;"04/10/2026";"1º Turno";1;"AP";"06050";"MACAPÁ";2;177;1;"Principal";-1;1295;"ESCOLA ESTADUAL JOSÉ DO PATROCINIO";1;"Convencional";"RUA DO ESTALEIRO, 203, FAZENDINHA ";"DISTRITO DE FAZENDINHA";"68911465";"00000000";"-,0541101";"-51,1131405";1;"ATIVO";-1;"ATIVO";1;"ATIVO";1;"Ativo";"0";"Sem acessibilidade";258;258;258;0;1295;"ESCOLA ESTADUAL JOSÉ DO PATROCINIO";"RUA DO ESTALEIRO, 203, FAZENDINHA "
"05/10/2026";"06:29:34";2026;"04/10/2026";"1º Turno";1;"AP";"06050";"MACAPÁ";2;771;1;"Principal";-1;2356;"ESCOLA ESTADUAL GONÇALVES DIAS";1;"Convencional";"RUA SANTOS DUMONT     BURITIZAL      N° 121";"BURITIZAL";"68902880";"+5596991451429";",0203216";"-51,073305";1;"ATIVO";-1;"ATIVO";1;"ATIVO";1;"Ativo";"0";"Sem acessibilidade";310;307;307;0;2356;"ESCOLA ESTADUAL GONÇALVES DIAS";"RUA SANTOS DUMONT     BURITIZAL      N° 121"
"05/10/2026";"06:29:34";2026;"04/10/2026";"1º Turno";1;"AP";"06050";"MACAPÁ";14;162;1;"Principal";-1;1252;"ESCOLA ESTADUAL ANTONIO CORDEIRO PONTES";1;"Convencional";"AV FAB  , 264";"CENTRO";"68900000";"32231039";",04041684";"-51,05211013";1;"ATIVO";-1;"ATIVO";1;"ATIVO";1;"Ativo";"1";"Com acessibilidade";241;237;237;0;1252;"ESCOLA ESTADUAL ANTONIO CORDEIRO PONTES";"AV FAB  , 264"
"05/10/2026";"06:29:34";2026;"04/10/2026";"1º Turno";1;"AP";"06050";"MACAPÁ";2;407;1;"Principal";-1;2151;"ESCOLA ESTADUAL RAIMUNDA VIRGOLINO";1;"Convencional";"RUA VILA DOS OLIVEIRAS, 837";"PEDRINHAS";"68903095";"32125268";",00756662";"-51,06437555";1;"ATIVO";-1;"ATIVO";1;"ATIVO";1;"Ativo";"1";"Com acessibilidade";220;219;219;0;2151;"ESCOLA ESTADUAL RAIMUNDA VIRGOLINO";"RUA VILA DOS OLIVEIRAS, 837"
"05/10/2026";"06:29:34";2026;"04/10/2026";"1º Turno";1;"AP";"06050";"MACAPÁ";10;400;1;"Principal";-1;1376;"ESCOLA ESTADUAL MARIA NEUZA DO CARMO";1;"Convencional";"RUA MILTON DE SOUZA CORREA , 500";"JARDIM FELICIDADE I";"68909068";"96991634333";",0837865";"-51,0656668";1;"ATIVO";-1;"ATIVO";1;"ATIVO";1;"Ativo";"0";"Sem acessibilidade";384;384;384;0;1376;"ESCOLA ESTADUAL MARIA NEUZA DO CARMO";"RUA MILTON DE SOUZA CORREA , 500"
"05/10/2026";"06:29:34";2026;"04/10/2026";"1º Turno";1;"AP";"06076";"MAZAGÃO";5;29;1;"Principal";-1;1139;"ESCOLA MUNICIPAL DO RIO ARIRAMBA";1;"Convencional";"VILA RIO ARIRAMBA";"VILA BETEL";"68940000";"-1";"-,5984567";"-51,6283817";1;"ATIVO";-1;"ATIVO";1;"ATIVO";1;"Ativo";"0";"Sem acessibilidade";239;239;239;0;1139;"ESCOLA MUNICIPAL DO RIO ARIRAMBA";"VILA RIO ARIRAMBA"
"05/10/2026";"06:29:34";2026;"04/10/2026";"1º Turno";1;"AP";"06157";"SANTANA";6;171;1;"Principal";-1;1279;"E.M. PROF. IRANILDE";1;"Convencional";"RUA D-6, 12";"VILA AMAZONAS";"68925000";"3283 5606";"-,0549999";"-51,1590609";1;"ATIVO";-1;"ATIVO";1;"ATIVO";1;"Ativo";"0";"Sem acessibilidade";345;343;343;0;1279;"E.M. PROF. IRANILDE";"RUA D-6, 12"
"05/10/2026";"06:29:34";2026;"04/10/2026";"1º Turno";1;"AP";"06050";"MACAPÁ";14;264;1;"Principal";-1;1368;"ESCOLA ESTADUAL PROF. NILTON BALIEIRO MACHADO";1;"Convencional";"DECIMA QUINTA AVENIDA, S/N (ESQUINA COM A QUINTA RUA)";"MARABAIXO III";"68900000";"+5596991539690";",0441313";"-51,127965";1;"ATIVO";-1;"ATIVO";1;"ATIVO";1;"Ativo";"0";"Sem acessibilidade";395;395;395;0;1368;"ESCOLA ESTADUAL PROF. NILTON BALIEIRO MACHADO";"DECIMA QUINTA AVENIDA, S/N (ESQUINA COM A QUINTA RUA)"
"05/10/2026";"06:29:34";2026;"04/10/2026";"1º Turno";1;"AP";"06050";"MACAPÁ";10;479;1;"Principal";-1;1902;"ESCOLA MUNICIPAL MARIA CELES FERREIRA COUTINHO";1;"Convencional";"AV. DOS IPÊS, 417";"IPÊ";"68909468";"-1";",1021408";"-51,0617428";1;"ATIVO";-1;"ATIVO";1;"ATIVO";1;"Ativo";"1";"Com acessibilidade";274;272;272;0;1902;"ESCOLA MUNICIPAL MARIA CELES FERREIRA COUTINHO";"AV. DOS IPÊS, 417"
"05/10/2026";"06:29:34";2026;"04/10/2026";"1º Turno";1;"AP";"06173";"TARTARUGALZINHO";8;45;2;"Agregada";17;1112;"ESC EST NOVA VIDA";1;"Convencional";"BR 156 KM 112- COMUN. NOVA VIDA";"NOVA VIDA";"68990000";"-1";"-1";"-1";1;"ATIVO";-1;"ATIVO";1;"ATIVO";1;"Ativo";"0";"Sem acessibilidade";141;0;0;0;1112;"ESC EST NOVA VIDA";"BR 156 KM 112- COMUN. NOVA VIDA"
"05/10/2026";"06:29:34";2026;"04/10/2026";"1º Turno";1;"AP";"06076";"MAZAGÃO";5;82;1;"Principal";-1;1015;"ESCOLA ESTADUAL DR. MURILO BRAGA";1;"Convencional";"AV PREFEITO OSMUNDO COSTA, 439";"CENTRO";"68940000";"-1";"-,11486296";"-51,28541108";1;"ATIVO";-1;"ATIVO";1;"ATIVO";1;"Ativo";"0";"Sem acessibilidade";231;230;230;0;1015;"ESCOLA ESTADUAL DR. MURILO BRAGA";"AV PREFEITO OSMUNDO COSTA, 439"
"05/10/2026";"06:29:34";2026;"04/10/2026";"1º Turno";1;"AP";"06157";"SANTANA";6;140;1;"Principal";-1;1201;"E.E. PROF. IZANETE VICTOR DOS SANTOS";1;"Convencional";"AV. COELHO NETO, 828";"PARAÍSO";"68925000";"3283 2783";"-,0294157";"-51,1673923";1;"ATIVO";-1;"ATIVO";1;"ATIVO";1;"Ativo";"0";"Sem acessibilidade";366;366;366;0;1201;"E.E. PROF. IZANETE VICTOR DOS SANTOS";"AV. COELHO NETO, 828"
"05/10/2026";"06:29:34";2026;"04/10/2026";"1º Turno";1;"AP";"06050";"MACAPÁ";14;292;1;"Principal";-1;1406;"ESCOLA ESTADUAL PROFº. LUCIMAR AMORAS DEL CASTILLO";1;"Convencional";"AV CORA DE CARVALHO, SN";"SANTA RITA";"68901335";"+5596981213415";",036531";"-51,0751782";1;"ATIVO";-1;"ATIVO";1;"ATIVO";1;"Ativo";"1";"Com acessibilidade";270;400;310;0;1406;"ESCOLA ESTADUAL PROFº. LUCIMAR AMORAS DEL CASTILLO";"AV CORA DE CARVALHO, SN"
"05/10/2026";"06:29:34";2026;"04/10/2026";"1º Turno";1;"AP";"06130";"LARANJAL DO JARI";7;108;1;"Principal";-1;1155;"ESCOLA MUNICIPAL PROF. TEREZA TELES";1;"Convencional";"RUA FLORIANO PEIXOTO, N. 1024";"AGRESTE";"68920000";"96991318047";"-,8391003";"-52,5207507";1;"ATIVO";-1;"ATIVO";1;"ATIVO";1;"Ativo";"0";"Sem acessibilidade";194;193;193;0;1155;"ESCOLA MUNICIPAL PROF. TEREZA TELES";"RUA FLORIANO PEIXOTO, N. 1024"
"05/10/2026";"06:29:34";2026;"04/10/2026";"1º Turno";1;"AP";"06050";"MACAPÁ";10;227;1;"Principal";-1;2070;"ESCOLA ESTADUAL MARIA MERIAN DOS SANTOS CORDEIRO FERNANDES";4;"Temporário";"AV. GLICÉRIO SOUZA FIGUEIREDO, 66";"NOVO HORIZONTE";"68909821";"96 984073412";"-1";"-1";1;"ATIVO";-1;"ATIVO";1;"ATIVO";1;"Ativo";"0";"Sem acessibilidade";387;387;387;0;1325;"ESCOLA ESTADUAL RIVANDA NAZARE DA SILVA GUIMARAES";"RUA CÍCERO MARQUES DE SOUZA, 2874, NOVO HORIZONTE"
"05/10/2026";"06:29:34";2026;"04/10/2026";"1º Turno";1;"AP";"06157";"SANTANA";6;46;1;"Principal";-1;1155;"E.E. PROF. FRANCISCO WALCY LOBATO LIMA";1;"Convencional";"AV. MARIA COLARES, 1940";"NOVA BRASÍLIA I";"68927299";"3283 2601";"-,0365765";"-51,1660317";1;"ATIVO";-1;"ATIVO";1;"ATIVO";1;"Ativo";"0";"Sem acessibilidade";309;309;309;0;1155;"E.E. PROF. FRANCISCO WALCY LOBATO LIMA";"AV. MARIA COLARES, 1940"
"05/10/2026";"06:29:34";2026;"04/10/2026";"1º Turno";1;"AP";"06041";"ITAUBAL";10;9;1;"Principal";-1;1066;"ESCOLA ESTADUAL JERUSALEM DO PAU MULATO";1;"Convencional";"VILA JERUSALEM DO PAU MULATO";"JERUSALEM DO PAU MULATO";"68900000";"-1";",4412897";"-50,5881667";1;"ATIVO";-1;"ATIVO";1;"ATIVO";1;"Ativo";"1";"Com acessibilidade";156;160;160;0;1066;"ESCOLA ESTADUAL JERUSALEM DO PAU MULATO";"VILA JERUSALEM DO PAU MULATO"
"05/10/2026";"06:29:34";2026;"04/10/2026";"1º Turno";1;"AP";"06050";"MACAPÁ";14;36;1;"Principal";-1;1074;"E.E JOSE DE ALENCAR";1;"Convencional";"RUA CANDIDO MENDES 269";"CENTRO";"68900000";"32125216";",0436565";"-51,049995";1;"ATIVO";-1;"ATIVO";1;"ATIVO";1;"Ativo";"0";"Sem acessibilidade";329;329;329;0;1074;"E.E JOSE DE ALENCAR";"RUA CANDIDO MENDES 269"
"05/10/2026";"06:29:34";2026;"04/10/2026";"1º Turno";1;"AP";"06050";"MACAPÁ";10;457;1;"Principal";-1;1848;"ESCOLA ESTADUAL PROFESSOR. CARLOS ALBERTO VIANA MARQUES";1;"Convencional";"CONJUNTO HABITACIONAL MIRACEMA - BLOCO 24";"conjunto miracema";"68908911";"00000";",0581829";"-51,0950666";1;"ATIVO";-1;"ATIVO";1;"ATIVO";1;"Ativo";"0";"Sem acessibilidade";293;296;296;0;1848;"ESCOLA ESTADUAL PROFESSOR. CARLOS ALBERTO VIANA MARQUES";"CONJUNTO HABITACIONAL MIRACEMA - BLOCO 24"
"05/10/2026";"06:29:34";2026;"04/10/2026";"1º Turno";1;"AP";"06050";"MACAPÁ";10;440;1;"Principal";-1;1317;"ESCOLA ESTADUAL PROFESSORA ESTHER DA SILVA VIRGOLINO";1;"Convencional";"RUA JOSE AURINO BORGES, 924";"SAO LAZARO";"68909806";"00000";",0989435";"-51,0463416";1;"ATIVO";-1;"ATIVO";1;"ATIVO";1;"Ativo";"0";"Sem acessibilidade";337;335;335;0;1317;"ESCOLA ESTADUAL PROFESSORA ESTHER DA SILVA VIRGOLINO";"RUA JOSE AURINO BORGES, 924"
"05/10/2026";"06:29:34";2026;"04/10/2026";"1º Turno";1;"AP";"06050";"MACAPÁ";14;129;1;"Principal";-1;1686;"E.E. SÃO BENEDITO";4;"Temporário";"ESCOLA ESTADUAL SÃO BENEDITO";"LAGUINHO";"68901018";"9632125242";"-1";"-1";1;"ATIVO";-1;"ATIVO";1;"ATIVO";1;"Ativo";"0";"Sem acessibilidade";339;338;338;0;1198;"EPG EDGAR LINO DA SILVA";"AV. ANA NERY, 233"
"05/10/2026";"06:29:34";2026;"04/10/2026";"1º Turno";1;"AP";"06025";"PORTO GRANDE";12;11;1;"Principal";-1;1139;"ESCOLA MUNICIPAL ACRE";1;"Convencional";"AVENIDA OITO DE AGOSTO";"CENTRO";"68997000";"-1";",71233734";"-51,41411779";1;"ATIVO";-1;"ATIVO";1;"ATIVO";1;"Ativo";"1";"Com acessibilidade";357;350;350;0;1139;"ESCOLA MUNICIPAL ACRE";"AVENIDA OITO DE AGOSTO"
"05/10/2026";"06:29:34";2026;"04/10/2026";"1º Turno";1;"AP";"06092";"OIAPOQUE";4;68;1;"Principal";-1;1139;"EMEF PROFª ONÉDIA PAIS BENTES - ANEXO DA BR";1;"Convencional";"AVENIDA ESTEVAO HENRIQUE, 180 - FM";"INFRAEREO";"68980000";"-1";"3,83723251";"-51,81382603";1;"ATIVO";-1;"ATIVO";1;"ATIVO";1;"Ativo";"0";"Sem acessibilidade";290;288;288;0;1139;"EMEF PROFª ONÉDIA PAIS BENTES - ANEXO DA BR";"AVENIDA ESTEVAO HENRIQUE, 180 - FM"
"05/10/2026";"06:29:34";2026;"04/10/2026";"1º Turno";1;"AP";"06050";"MACAPÁ";14;344;1;"Principal";-1;1490;"ESCOLA MUNICIPAL DE ENSINO FUNDAMENTAL RAIMUNDA DE LIMA GUEDES";1;"Convencional";"RUA 07 - N 194";"MARABAIXO I";"68900000";"+5596981389898";",0372505";"-51,1265339";1;"ATIVO";-1;"ATIVO";1;"ATIVO";1;"Ativo";"0";"Sem acessibilidade";246;245;245;0;1490;"ESCOLA MUNICIPAL DE ENSINO FUNDAMENTAL RAIMUNDA DE LIMA GUEDES";"RUA 07 - N 194"
"05/10/2026";"06:29:34";2026;"04/10/2026";"1º Turno";1;"AP";"06157";"SANTANA";6;54;1;"Principal";-1;1210;"E.E. IGARAPE DA FORTALEZA";1;"Convencional";"RUA RIO MATAPI, 121";"IGARAPÉ DA FORTALEZA";"68925000";"3283 2250";"-,0473052";"-51,1450026";1;"ATIVO";-1;"ATIVO";1;"ATIVO";1;"Ativo";"0";"Sem acessibilidade";294;292;292;0;1104;"E.P.G. PIAUI";"RUA CRISTO REI, 01"
"05/10/2026";"06:29:34";2026;"04/10/2026";"1º Turno";1;"AP";"06050";"MACAPÁ";14;270;1;"Principal";-1;1384;"ESCOLA ESTADUAL PROF.GABRIEL ALMEIDA CAFÉ";1;"Convencional";"AV FAB, 091";"CENTRO";"68900000";"+5596991622848";",040525";"-51,0610346";1;"ATIVO";-1;"ATIVO";1;"ATIVO";1;"Ativo";"1";"Com acessibilidade";242;243;243;0;1384;"ESCOLA ESTADUAL PROF.GABRIEL ALMEIDA CAFÉ";"AV FAB, 091"
"05/10/2026";"06:29:34";2026;"04/10/2026";"1º Turno";1;"AP";"06050";"MACAPÁ";14;47;1;"Principal";-1;1694;"ESCOLA APAE";4;"Temporário";"AV. PARAÍBA, 168";"PACOVAL";"68908280";"96991999118";"-1";"-1";1;"ATIVO";-1;"ATIVO";1;"ATIVO";1;"Ativo";"0";"Sem acessibilidade";353;353;353;0;1082;"E.M.E.F. JOSE DUARTE DE AZEVEDO";"RUA SAO PAULO, 670"
"05/10/2026";"06:29:34";2026;"04/10/2026";"1º Turno";1;"AP";"06076";"MAZAGÃO";5;2;1;"Principal";-1;1015;"ESCOLA ESTADUAL DR. MURILO BRAGA";1;"Convencional";"AV PREFEITO OSMUNDO COSTA, 439";"CENTRO";"68940000";"-1";"-,11486296";"-51,28541108";1;"ATIVO";-1;"ATIVO";1;"ATIVO";1;"Ativo";"0";"Sem acessibilidade";267;266;266;0;1015;"ESCOLA ESTADUAL DR. MURILO BRAGA";"AV PREFEITO OSMUNDO COSTA, 439"
"05/10/2026";"06:29:34";2026;"04/10/2026";"1º Turno";1;"AP";"06157";"SANTANA";6;242;1;"Principal";-1;1430;"ESCOLA MUNICIPAL NOSSA SENHORA DA CONCEICAO";1;"Convencional";"AV. JOSE DE ANCHIETA, 399-A";"COMERCIAL";"68925000";"99141164";"-,0497623";"-51,1757274";1;"ATIVO";-1;"ATIVO";1;"ATIVO";1;"Ativo";"0";"Sem acessibilidade";211;213;213;0;1430;"ESCOLA MUNICIPAL NOSSA SENHORA DA CONCEICAO";"AV. JOSE DE ANCHIETA, 399-A"
"05/10/2026";"06:29:34";2026;"04/10/2026";"1º Turno";1;"AP";"06017";"AMAPÁ";1;18;1;"Principal";-1;1104;"ESCOLA ESTADUAL VIDAL DE NEGREIROS";1;"Convencional";"AV. DESIDERIO ANTONIO COELHO, 470, CENTRO";"SETE MANGUEIRAS";"68950000";"-1";"2,0471077";"-50,7919131";1;"ATIVO";-1;"ATIVO";1;"ATIVO";1;"Ativo";"0";"Sem acessibilidade";278;275;275;0;1104;"ESCOLA ESTADUAL VIDAL DE NEGREIROS";"AV. DESIDERIO ANTONIO COELHO, 470, CENTRO"
"05/10/2026";"06:29:34";2026;"04/10/2026";"1º Turno";1;"AP";"06050";"MACAPÁ";2;756;1;"Principal";-1;2208;"ESCOLA MUNICIPAL DE ENSINO FUNDAMENTAL ESFORÇO POPULAR";1;"Convencional";"RUA RAIMUNDO FERREIRA DA SILVA - 241";"MUCA";"68900000";"32415652";",0116414";"-51,0773336";1;"ATIVO";-1;"ATIVO";1;"ATIVO";1;"Ativo";"1";"Com acessibilidade";258;257;257;0;2208;"ESCOLA MUNICIPAL DE ENSINO FUNDAMENTAL ESFORÇO POPULAR";"RUA RAIMUNDO FERREIRA DA SILVA - 241"
"05/10/2026";"06:29:34";2026;"04/10/2026";"1º Turno";1;"AP";"06050";"MACAPÁ";2;546;1;"Principal";-1;1996;"ESCOLA ESTADUAL PROFº ROBERTO JOSE MORAIS DE CASTRO";1;"Convencional";"RUA JOVINO DINOA, 152";"BEIROL";"68908110";"-1";",0181997";"-51,0612885";1;"ATIVO";-1;"ATIVO";1;"ATIVO";1;"Ativo";"0";"Sem acessibilidade";306;306;306;0;1996;"ESCOLA ESTADUAL PROFº ROBERTO JOSE MORAIS DE CASTRO";"RUA JOVINO DINOA, 152"
"05/10/2026";"06:29:34";2026;"04/10/2026";"1º Turno";1;"AP";"06050";"MACAPÁ";14;348;1;"Principal";-1;1490;"ESCOLA MUNICIPAL DE ENSINO FUNDAMENTAL RAIMUNDA DE LIMA GUEDES";1;"Convencional";"RUA 07 - N 194";"MARABAIXO I";"68900000";"+5596981389898";",0372505";"-51,1265339";1;"ATIVO";-1;"ATIVO";1;"ATIVO";1;"Ativo";"0";"Sem acessibilidade";284;282;282;0;1490;"ESCOLA MUNICIPAL DE ENSINO FUNDAMENTAL RAIMUNDA DE LIMA GUEDES";"RUA 07 - N 194"
"05/10/2026";"06:29:34";2026;"04/10/2026";"1º Turno";1;"AP";"06050";"MACAPÁ";2;712;1;"Principal";-1;2453;"ESCOLA MUNICIPAL DE ENSINO FUNDAMENTAL CAETANO DIAS TOMAZ";1;"Convencional";"RUA DO MATADOURO, 112";"DISTRITO DE FAZENDINHA";"68911012";"+5596999083324";"-,0463079";"-51,1164641";1;"ATIVO";-1;"ATIVO";1;"ATIVO";1;"Ativo";"0";"Sem acessibilidade";251;250;250;0;2453;"ESCOLA MUNICIPAL DE ENSINO FUNDAMENTAL CAETANO DIAS TOMAZ";"RUA DO MATADOURO, 112"
"05/10/2026";"06:29:34";2026;"04/10/2026";"1º Turno";1;"AP";"06157";"SANTANA";6;49;1;"Principal";-1;1082;"E.P.G. JOANIRA DEL CASTILO";1;"Convencional";"TV. PEDRO TEIXEIRA, 194";"NOVA BRASÍLIA I";"68927251";"3283 2659";"-,0407868";"-51,1662145";1;"ATIVO";-1;"ATIVO";1;"ATIVO";1;"Ativo";"0";"Sem acessibilidade";265;269;269;0;1082;"E.P.G. JOANIRA DEL CASTILO";"TV. PEDRO TEIXEIRA, 194"
"05/10/2026";"06:29:34";2026;"04/10/2026";"1º Turno";1;"AP";"06050";"MACAPÁ";14;247;1;"Principal";-1;1350;"ESCOLA ESTADUAL PREDICANDA CARNEIRO AMORIM LOPES";1;"Convencional";"RUA RIO GRANDE DO SUL                     131";"SANTA RITA";"68900000";"+5596991555522";",0384932";"-51,0808658";1;"ATIVO";-1;"ATIVO";1;"ATIVO";1;"Ativo";"0";"Sem acessibilidade";360;358;358;0;1350;"ESCOLA ESTADUAL PREDICANDA CARNEIRO AMORIM LOPES";"RUA RIO GRANDE DO SUL                     131"
"05/10/2026";"06:29:34";2026;"04/10/2026";"1º Turno";1;"AP";"06050";"MACAPÁ";14;9;1;"Principal";-1;1031;"CENTRO DE EDUCAÇÃO PROFISSIONAL GRAZIELA REIS";1;"Convencional";"AV DUQUE DE CAXIAS - 60";"CENTRO";"68900071";"+5596991535908";",0386917";"-51,0568429";1;"ATIVO";-1;"ATIVO";1;"ATIVO";1;"Ativo";"0";"Sem acessibilidade";229;229;229;0;1031;"CENTRO DE EDUCAÇÃO PROFISSIONAL GRAZIELA REIS";"AV DUQUE DE CAXIAS - 60"
"05/10/2026";"06:29:34";2026;"04/10/2026";"1º Turno";1;"AP";"06041";"ITAUBAL";10;376;1;"Principal";-1;1112;"PRÉDIO ANEXO DA ESCOLA ANA CLAUDINA PICANÇO";4;"Temporário";"VILA DO CARMO DO MACACOARI";"CARMO DO MACACOARI";"68976000";"969010415";"-1";"-1";1;"ATIVO";-1;"ATIVO";1;"ATIVO";1;"Ativo";"1";"Com acessibilidade";356;356;356;0;1015;"ESCOLA ESTADUAL ANA CLAUDINA PICANÇO";"VILA DO CARMO DO MACACOARI"
"05/10/2026";"06:29:34";2026;"04/10/2026";"1º Turno";1;"AP";"06068";"CUTIAS";10;452;1;"Principal";-1;1074;"ESCOLA ESTADUAL PRACUÚBA DO ARAGUARI";1;"Convencional";"VILA PRACUÚBA DO ARAGUARI";"RIO ARAGUARI";"68973000";"999127039";"1,0481068";"-50,5108194";1;"ATIVO";-1;"ATIVO";1;"ATIVO";1;"Ativo";"1";"Com acessibilidade";85;85;85;0;1074;"ESCOLA ESTADUAL PRACUÚBA DO ARAGUARI";"VILA PRACUÚBA DO ARAGUARI"
"05/10/2026";"06:29:34";2026;"04/10/2026";"1º Turno";1;"AP";"06050";"MACAPÁ";2;657;1;"Principal";-1;2020;"ESCOLA ESTADUAL PROFº ANTONIO MESSIAS GONÇALVES DA SILVA";1;"Convencional";"AV. DOM JOSÉ MARITANO, 622";"ZERAO";"68900000";"+5596991046541";"-,0022242";"-51,1001204";1;"ATIVO";-1;"ATIVO";1;"ATIVO";1;"Ativo";"0";"Sem acessibilidade";345;343;343;0;2020;"ESCOLA ESTADUAL PROFº ANTONIO MESSIAS GONÇALVES DA SILVA";"AV. DOM JOSÉ MARITANO, 622"
"05/10/2026";"06:29:34";2026;"04/10/2026";"1º Turno";1;"AP";"06157";"SANTANA";6;233;1;"Principal";-1;1074;"E.E.T.I.  AUGUSTO ANTUNES";1;"Convencional";"TRAVESSA PEDRO SALVADOR DINIZ, 1631";"NOVA BRASÍLIA I";"68927230";"3281 3067";"-,0440221";"-51,1648759";1;"ATIVO";-1;"ATIVO";1;"ATIVO";1;"Ativo";"0";"Sem acessibilidade";340;339;339;0;1074;"E.E.T.I.  AUGUSTO ANTUNES";"TRAVESSA PEDRO SALVADOR DINIZ, 1631"
"05/10/2026";"06:29:34";2026;"04/10/2026";"1º Turno";1;"AP";"06050";"MACAPÁ";2;878;1;"Principal";-1;2674;"ESCOLA ESTADUAL PROFª MARIA CARMELITA DO CARMO";1;"Convencional";"RUA BARAO DE MAUA, 345";"BURITIZAL";"68900460";"+5596991394217";",0273806";"-51,0750153";1;"ATIVO";-1;"ATIVO";1;"ATIVO";1;"Ativo";"0";"Sem acessibilidade";275;276;276;0;2674;"ESCOLA ESTADUAL PROFª MARIA CARMELITA DO CARMO";"RUA BARAO DE MAUA, 345"
"05/10/2026";"06:29:34";2026;"04/10/2026";"1º Turno";1;"AP";"06050";"MACAPÁ";10;170;1;"Principal";-1;1406;"ESCOLA ESTADUAL PROFESSORA ODETE ALMEIDA LOPES";1;"Convencional";"AV. RAIMUNDO REINALDO GUEDES FIGUEIRA, 151";"SAO LAZARO";"68900000";"-1";",0763855";"-51,0567027";1;"ATIVO";-1;"ATIVO";1;"ATIVO";1;"Ativo";"0";"Sem acessibilidade";332;328;328;0;1406;"ESCOLA ESTADUAL PROFESSORA ODETE ALMEIDA LOPES";"AV. RAIMUNDO REINALDO GUEDES FIGUEIRA, 151"
"05/10/2026";"06:29:34";2026;"04/10/2026";"1º Turno";1;"AP";"06050";"MACAPÁ";14;40;1;"Principal";-1;1074;"E.E JOSE DE ALENCAR";1;"Convencional";"RUA CANDIDO MENDES 269";"CENTRO";"68900000";"32125216";",0436565";"-51,049995";1;"ATIVO";-1;"ATIVO";1;"ATIVO";1;"Ativo";"0";"Sem acessibilidade";318;317;317;0;1074;"E.E JOSE DE ALENCAR";"RUA CANDIDO MENDES 269"
"05/10/2026";"06:29:34";2026;"04/10/2026";"1º Turno";1;"AP";"06050";"MACAPÁ";2;284;1;"Principal";-1;1155;"ESCOLA ESTADUAL PROFº ZOLITO DE JESUS NUNES";1;"Convencional";"RUA LEOPOLDO MACHADO                            160 - BEIROL";"BEIROL";"68902020";"+5596991150828";",0179869";"-51,0631282";1;"ATIVO";-1;"ATIVO";1;"ATIVO";1;"Ativo";"0";"Sem acessibilidade";364;362;362;0;1155;"ESCOLA ESTADUAL PROFº ZOLITO DE JESUS NUNES";"RUA LEOPOLDO MACHADO                            160 - BEIROL"
"05/10/2026";"06:29:34";2026;"04/10/2026";"1º Turno";1;"AP";"06050";"MACAPÁ";2;77;1;"Principal";-1;1139;"ESCOLA ESTADUAL PROFº JOSÉ FIRMO DO NASCIMENTO";1;"Convencional";"AV CLODOVIO COELHO  - 145  - TREM";"BEIROL";"68900000";"+5596981010886";",0232182";"-51,0625066";1;"ATIVO";-1;"ATIVO";1;"ATIVO";1;"Ativo";"0";"Sem acessibilidade";227;225;225;0;1139;"ESCOLA ESTADUAL PROFº JOSÉ FIRMO DO NASCIMENTO";"AV CLODOVIO COELHO  - 145  - TREM"
"05/10/2026";"06:29:34";2026;"04/10/2026";"1º Turno";1;"AP";"06050";"MACAPÁ";14;151;1;"Principal";-1;1210;"EPG PROF DEUSOLINA SALES FARIAS";1;"Convencional";"RUA GOIAS, 107";"PACOVAL";"68908340";"981331502";",0554256";"-51,0582209";1;"ATIVO";-1;"ATIVO";1;"ATIVO";1;"Ativo";"0";"Sem acessibilidade";333;332;332;0;1210;"EPG PROF DEUSOLINA SALES FARIAS";"RUA GOIAS, 107"
"05/10/2026";"06:29:34";2026;"04/10/2026";"1º Turno";1;"AP";"06050";"MACAPÁ";10;216;1;"Principal";-1;1511;"ESCOLA MUNICIPAL PROFESSORA RAIMUNDA DA SILVA VIRGOLINO";1;"Convencional";"RUA FERNANDO ALVES DE OLIVEIRA, 3091";"NOVO HORIZONTE";"68909806";"991169657";",0989525";"-51,0463256";1;"ATIVO";-1;"ATIVO";1;"ATIVO";1;"Ativo";"0";"Sem acessibilidade";330;330;330;0;1511;"ESCOLA MUNICIPAL PROFESSORA RAIMUNDA DA SILVA VIRGOLINO";"RUA FERNANDO ALVES DE OLIVEIRA, 3091"
"05/10/2026";"06:29:34";2026;"04/10/2026";"1º Turno";1;"AP";"06050";"MACAPÁ";14;396;1;"Principal";-1;1597;"ESCOLA ESTADUAL ITAMATATUBA";1;"Convencional";"VILA DE ITAMATATUBA";"DISTRITO DE BAILIQUE";"68900000";"-1";",7595281";"-50,2864222";1;"ATIVO";-1;"ATIVO";1;"ATIVO";1;"Ativo";"1";"Com acessibilidade";148;295;295;0;1597;"ESCOLA ESTADUAL ITAMATATUBA";"VILA DE ITAMATATUBA"
"05/10/2026";"06:29:34";2026;"04/10/2026";"1º Turno";1;"AP";"06050";"MACAPÁ";2;854;1;"Principal";-1;2658;"ESCOLA ESTADUAL IRMA SANTINA RIOLI";1;"Convencional";"RUA JOVINO DINOA, 2732";"TREM";"68900160";"-1";",027631";"-51,0607761";1;"ATIVO";-1;"ATIVO";1;"ATIVO";1;"Ativo";"0";"Sem acessibilidade";347;345;345;0;2658;"ESCOLA ESTADUAL IRMA SANTINA RIOLI";"RUA JOVINO DINOA, 2732"
"05/10/2026";"06:29:34";2026;"04/10/2026";"1º Turno";1;"AP";"06084";"PEDRA BRANCA DO AMAPARI";11;40;1;"Principal";-1;1074;"ESCOLA MUNICIPAL ERIKA DANIELLA DE CASTRO SILVA";1;"Convencional";"RUA SAO FRANCISCO, 2033 - REVIVER";"REVIVER";"68945000";"-1";"-1";"-1";1;"ATIVO";-1;"ATIVO";1;"ATIVO";1;"Ativo";"1";"Com acessibilidade";285;284;284;0;1074;"ESCOLA MUNICIPAL ERIKA DANIELLA DE CASTRO SILVA";"RUA SAO FRANCISCO, 2033 - REVIVER"
"05/10/2026";"06:29:34";2026;"04/10/2026";"1º Turno";1;"AP";"06092";"OIAPOQUE";4;85;1;"Principal";-1;1082;"ESCOLA DE PRIMEIRO GRAU URUCAUA";1;"Convencional";"VILA KUMENE";"ALDEIA KUMENE";"68980000";"-1";"3,49018667";"-51,48118333";1;"ATIVO";-1;"ATIVO";1;"ATIVO";1;"Ativo";"0";"Sem acessibilidade";264;267;267;0;1082;"ESCOLA DE PRIMEIRO GRAU URUCAUA";"VILA KUMENE"
"05/10/2026";"06:29:34";2026;"04/10/2026";"1º Turno";1;"AP";"06050";"MACAPÁ";14;69;1;"Principal";-1;1112;"EEEF AUGUSTO DOS ANJOS";1;"Convencional";"AV. MARCILIO DIAS, S/N";"LAGUINHO";"68900140";"991173805";",0505983";"-51,05564";1;"ATIVO";-1;"ATIVO";1;"ATIVO";1;"Ativo";"1";"Com acessibilidade";389;386;386;0;1112;"EEEF AUGUSTO DOS ANJOS";"AV. MARCILIO DIAS, S/N"
"05/10/2026";"06:29:34";2026;"04/10/2026";"1º Turno";1;"AP";"06050";"MACAPÁ";2;498;1;"Principal";-1;2020;"ESCOLA ESTADUAL PROFº ANTONIO MESSIAS GONÇALVES DA SILVA";1;"Convencional";"AV. DOM JOSÉ MARITANO, 622";"ZERAO";"68900000";"+5596991046541";"-,0022242";"-51,1001204";1;"ATIVO";-1;"ATIVO";1;"ATIVO";1;"Ativo";"0";"Sem acessibilidade";340;339;339;0;2020;"ESCOLA ESTADUAL PROFº ANTONIO MESSIAS GONÇALVES DA SILVA";"AV. DOM JOSÉ MARITANO, 622"
"05/10/2026";"06:29:34";2026;"04/10/2026";"1º Turno";1;"AP";"06050";"MACAPÁ";14;383;1;"Principal";-1;1546;"UNIVERSIDADE DO ESTADO DO AMAPÁ - UEAP";1;"Convencional";"AV PRESIDENTE VARGAS,650";"CENTRO";"68900070";"+5596991119207";",0383042";"-51,0555888";1;"ATIVO";-1;"ATIVO";1;"ATIVO";1;"Ativo";"0";"Sem acessibilidade";193;191;191;0;1546;"UNIVERSIDADE DO ESTADO DO AMAPÁ - UEAP";"AV PRESIDENTE VARGAS,650"
"05/10/2026";"06:29:34";2026;"04/10/2026";"1º Turno";1;"AP";"06050";"MACAPÁ";14;105;1;"Principal";-1;1155;"EMEF EUNICE DAS CHAGAS FERNANDES SOUZA";1;"Convencional";"RUA GUANABARA - 372";"PACOVAL";"68900000";"-1";",0558461";"-51,0543723";1;"ATIVO";-1;"ATIVO";1;"ATIVO";1;"Ativo";"0";"Sem acessibilidade";255;255;255;0;1155;"EMEF EUNICE DAS CHAGAS FERNANDES SOUZA";"RUA GUANABARA - 372"
"05/10/2026";"06:29:34";2026;"04/10/2026";"1º Turno";1;"AP";"06050";"MACAPÁ";10;199;1;"Principal";-1;1392;"ESCOLA ESTADUAL RAIMUNDA DOS PASSOS SANTOS";1;"Convencional";"AV. LOURENCO ARAUJO DE SÁ, 2162, NOVO HORIZONTE";"NOVO HORIZONTE";"68909829";"991549564";",0956351";"-51,0497879";1;"ATIVO";-1;"ATIVO";1;"ATIVO";1;"Ativo";"0";"Sem acessibilidade";387;387;387;0;1392;"ESCOLA ESTADUAL RAIMUNDA DOS PASSOS SANTOS";"AV. LOURENCO ARAUJO DE SÁ, 2162, NOVO HORIZONTE"
"05/10/2026";"06:29:34";2026;"04/10/2026";"1º Turno";1;"AP";"06050";"MACAPÁ";2;684;1;"Principal";-1;2240;"ESCOLA MUNICIPAL DE ENSINO FUNDAMENTAL ELITA NUNES MELO";1;"Convencional";"AVENIDA 14 DE JULHO - 1050";"NOVO BURITIZAL";"68904730";"+5596981226475";",018097";"-51,0788441";1;"ATIVO";-1;"ATIVO";1;"ATIVO";1;"Ativo";"0";"Sem acessibilidade";189;187;187;0;2232;"ESCOLA MUNICIPAL DE ENSINO FUNDAMENTAL RAIMUNDO OLIVEIRA ALENCAR";"RUA VINTE E NOVE DE JULHO - 155"
"05/10/2026";"06:29:34";2026;"04/10/2026";"1º Turno";1;"AP";"06050";"MACAPÁ";2;730;1;"Principal";-1;1961;"ESCOLA MUNICIPAL DE ENSINO INFANTIL ANA LUIZA DE SOUZA MORAES";1;"Convencional";"RUA CLAUDOMIRO DE MORAES, 802";"NOVO BURITIZAL";"68904000";"-1";",0183376";"-51,0795418";1;"ATIVO";-1;"ATIVO";1;"ATIVO";1;"Ativo";"1";"Com acessibilidade";193;195;195;0;2232;"ESCOLA MUNICIPAL DE ENSINO FUNDAMENTAL RAIMUNDO OLIVEIRA ALENCAR";"RUA VINTE E NOVE DE JULHO - 155"
"05/10/2026";"06:29:34";2026;"04/10/2026";"1º Turno";1;"AP";"06050";"MACAPÁ";2;93;1;"Principal";-1;1155;"ESCOLA ESTADUAL PROFº ZOLITO DE JESUS NUNES";1;"Convencional";"RUA LEOPOLDO MACHADO                            160 - BEIROL";"BEIROL";"68902020";"+5596991150828";",0179869";"-51,0631282";1;"ATIVO";-1;"ATIVO";1;"ATIVO";1;"Ativo";"0";"Sem acessibilidade";365;364;364;0;1155;"ESCOLA ESTADUAL PROFº ZOLITO DE JESUS NUNES";"RUA LEOPOLDO MACHADO                            160 - BEIROL"
"05/10/2026";"06:29:34";2026;"04/10/2026";"1º Turno";1;"AP";"06050";"MACAPÁ";14;224;1;"Principal";-1;1708;"ESCOLA ESTADUAL ANTONIO JOÃO";4;"Temporário";"RUA HILDEMAR MAIA, 674";"SANTA RITA";"68908119";"96991320828";"-1";"-1";1;"ATIVO";-1;"ATIVO";1;"ATIVO";1;"Ativo";"0";"Sem acessibilidade";291;289;289;0;1325;"ESCOLA ESTADUAL  JOSÉ DE ANCHIETA";"AV CORA DE CARVALHO, SN"
"05/10/2026";"06:29:34";2026;"04/10/2026";"1º Turno";1;"AP";"06157";"SANTANA";6;173;1;"Principal";-1;1163;"E.E. AFONSO ARINOS";1;"Convencional";"AV. AMAPA, 825";"ÁREA PORTUARIA";"68925055";"3283 1639";"-,05528917";"-51,17832245";1;"ATIVO";-1;"ATIVO";1;"ATIVO";1;"Ativo";"0";"Sem acessibilidade";346;345;345;0;1163;"E.E. AFONSO ARINOS";"AV. AMAPA, 825"
"05/10/2026";"06:29:34";2026;"04/10/2026";"1º Turno";1;"AP";"06050";"MACAPÁ";10;369;1;"Principal";-1;1724;"ESCOLA ESTADUAL PROFESSOR ANTONIO MUNHOZ LOPES";1;"Convencional";"CONJUNTO HABITACIONAL MACAPABA";"MACAPABA";"68900000";"-1";",086194";"-51,0949749";1;"ATIVO";-1;"ATIVO";1;"ATIVO";1;"Ativo";"0";"Sem acessibilidade";381;377;377;0;1724;"ESCOLA ESTADUAL PROFESSOR ANTONIO MUNHOZ LOPES";"CONJUNTO HABITACIONAL MACAPABA"
"05/10/2026";"06:29:34";2026;"04/10/2026";"1º Turno";1;"AP";"06130";"LARANJAL DO JARI";7;13;1;"Principal";-1;1210;"CENTRO MUNICIPAL DE ENSINO - CMEF";1;"Convencional";"AV. TANCREDO NEVES, S/N";"CENTRO";"68920000";"-1";"-,8522667";"-52,5352814";1;"ATIVO";-1;"ATIVO";1;"ATIVO";1;"Ativo";"0";"Sem acessibilidade";215;215;215;0;1210;"CENTRO MUNICIPAL DE ENSINO - CMEF";"AV. TANCREDO NEVES, S/N"
"05/10/2026";"06:29:34";2026;"04/10/2026";"1º Turno";1;"AP";"06050";"MACAPÁ";14;87;1;"Principal";-1;1139;"EEEF MARIA IVONE DE MENEZES";1;"Convencional";"RUA ANTONIO PELAES DE SOUZA 1320";"PERPETUO SOCORRO";"68900000";"-1";",0526608";"-51,0423583";5;"BLOQUEADO";-1;"ATIVO";1;"ATIVO";1;"Ativo";"0";"Sem acessibilidade";389;389;389;0;1139;"EEEF MARIA IVONE DE MENEZES";"RUA ANTONIO PELAES DE SOUZA 1320"
"05/10/2026";"06:29:34";2026;"04/10/2026";"1º Turno";1;"AP";"06050";"MACAPÁ";10;398;1;"Principal";-1;1724;"ESCOLA ESTADUAL PROFESSOR ANTONIO MUNHOZ LOPES";1;"Convencional";"CONJUNTO HABITACIONAL MACAPABA";"MACAPABA";"68900000";"-1";",086194";"-51,0949749";1;"ATIVO";-1;"ATIVO";1;"ATIVO";1;"Ativo";"0";"Sem acessibilidade";370;367;367;0;1724;"ESCOLA ESTADUAL PROFESSOR ANTONIO MUNHOZ LOPES";"CONJUNTO HABITACIONAL MACAPABA"
"05/10/2026";"06:29:34";2026;"04/10/2026";"1º Turno";1;"AP";"06017";"AMAPÁ";1;1;1;"Principal";-1;1317;"ESCOLA MUNICIPAL PIMPOLHO";1;"Convencional";"AV FAB";"CENTRO";"68950000";"-1";"-1";"-1";1;"ATIVO";-1;"ATIVO";1;"ATIVO";1;"Ativo";"0";"Sem acessibilidade";265;265;265;0;1015;"ESCOLA ESTADUAL VEIGA CABRAL";"AV. FAB, S/N"
"05/10/2026";"06:29:34";2026;"04/10/2026";"1º Turno";1;"AP";"06092";"OIAPOQUE";4;79;2;"Agregada";90;1210;"ESCOLA ESTADUAL DUQUE DE CAXIAS";1;"Convencional";"DISTRITO DE CLEVELANDIA DO NORTE";"CLEVELANDIA DO NORTE";"68980000";"-1";"-1";"-1";1;"ATIVO";-1;"ATIVO";1;"ATIVO";1;"Ativo";"0";"Sem acessibilidade";125;0;0;0;1210;"ESCOLA ESTADUAL DUQUE DE CAXIAS";"DISTRITO DE CLEVELANDIA DO NORTE"
"05/10/2026";"06:29:34";2026;"04/10/2026";"1º Turno";1;"AP";"06050";"MACAPÁ";10;485;2;"Agregada";340;1252;"ESCOLA MUNICIPAL ERIDIO ROCHA DA CONCEIÇÃO";1;"Convencional";"RUA ERÍDIO ROCHA, S/N";"TRACAJATUBA I";"68912500";"984204946";",7207985";"-50,7087286";1;"ATIVO";-1;"ATIVO";1;"ATIVO";1;"Ativo";"0";"Sem acessibilidade";48;0;0;0;1252;"ESCOLA MUNICIPAL ERIDIO ROCHA DA CONCEIÇÃO";"RUA ERÍDIO ROCHA, S/N"
"05/10/2026";"06:29:34";2026;"04/10/2026";"1º Turno";1;"AP";"06050";"MACAPÁ";14;400;2;"Agregada";399;1600;"ESCOLA ESTADUAL MANOEL PEREIRA HERCULANO-JABURUZINHO";1;"Convencional";"COMUNIDADE DE JABURUZINHO";"DISTRITO DE BAILIQUE";"68900000";"-1";",8544875";"-50,2423683";1;"ATIVO";-1;"ATIVO";1;"ATIVO";1;"Ativo";"0";"Sem acessibilidade";96;0;0;0;1600;"ESCOLA ESTADUAL MANOEL PEREIRA HERCULANO-JABURUZINHO";"COMUNIDADE DE JABURUZINHO"
"05/10/2026";"06:29:34";2026;"04/10/2026";"1º Turno";1;"AP";"06050";"MACAPÁ";2;873;1;"Principal";-1;2674;"ESCOLA ESTADUAL PROFª MARIA CARMELITA DO CARMO";1;"Convencional";"RUA BARAO DE MAUA, 345";"BURITIZAL";"68900460";"+5596991394217";",0273806";"-51,0750153";1;"ATIVO";-1;"ATIVO";1;"ATIVO";1;"Ativo";"1";"Com acessibilidade";276;276;276;0;2674;"ESCOLA ESTADUAL PROFª MARIA CARMELITA DO CARMO";"RUA BARAO DE MAUA, 345"
"05/10/2026";"06:29:34";2026;"04/10/2026";"1º Turno";1;"AP";"06033";"CALÇOENE";1;57;1;"Principal";-1;1023;"ESCOLA ESTADUAL LOBO D ALMADA";1;"Convencional";"AV PADRE MARCOS, N. 727";"CENTRO";"68960000";"-1";"2,4928043";"-50,9508726";1;"ATIVO";-1;"ATIVO";1;"ATIVO";1;"Ativo";"0";"Sem acessibilidade";275;279;275;0;1023;"ESCOLA ESTADUAL LOBO D ALMADA";"AV PADRE MARCOS, N. 727"
"05/10/2026";"06:29:34";2026;"04/10/2026";"1º Turno";1;"AP";"06050";"MACAPÁ";14;33;1;"Principal";-1;1066;"E. E. SANTUÁRIO PERPÉTUO SOCORRO";1;"Convencional";"AV. JOSÉ TUPINAMBÁ  113,  PERPÉTUO SOCORRO";"PERPETUO SOCORRO";"68900000";"991005782";",0461677";"-51,0495477";1;"ATIVO";-1;"ATIVO";1;"ATIVO";1;"Ativo";"0";"Sem acessibilidade";349;349;349;0;1066;"E. E. SANTUÁRIO PERPÉTUO SOCORRO";"AV. JOSÉ TUPINAMBÁ  113,  PERPÉTUO SOCORRO"
"05/10/2026";"06:29:34";2026;"04/10/2026";"1º Turno";1;"AP";"06157";"SANTANA";6;131;1;"Principal";-1;1180;"E.E. MARIA CATARINA DANTAS TIBURCIO";1;"Convencional";"AV. MARIA IZABEL PEREIRA DA SILVA, 110";"NOVO HORIZONTE ";"68925000";"3283 2815";"-,0558208";"-51,164729";1;"ATIVO";-1;"ATIVO";1;"ATIVO";1;"Ativo";"0";"Sem acessibilidade";335;334;334;0;1180;"E.E. MARIA CATARINA DANTAS TIBURCIO";"AV. MARIA IZABEL PEREIRA DA SILVA, 110"
"05/10/2026";"06:29:34";2026;"04/10/2026";"1º Turno";1;"AP";"06050";"MACAPÁ";10;357;1;"Principal";-1;2097;"LOCAL 2 PRÉDIO ANEXO DA ESCOLA JARDIM FELICIDADE";4;"Temporário";"TRAVESSA DO HORTO, 1621 (PRÓXIMO AO HORTO MUNICIPAL)";"JARDIM FELICIDADE I";"68909818";"991634333";"-1";"-1";1;"ATIVO";-1;"ATIVO";1;"ATIVO";1;"Ativo";"0";"Sem acessibilidade";344;341;341;0;1198;"ESCOLA MUNICIPAL JARDIM FELICIDADE";"RUA VEREADOR JULIO MARIA PINTO PEREIRA 629"
"05/10/2026";"06:29:34";2026;"04/10/2026";"1º Turno";1;"AP";"06157";"SANTANA";6;7;1;"Principal";-1;1031;"E.E. FRANCISCO DE OLIVEIRA FILHO (ANAUERAPUCU)";1;"Convencional";"RODOVIA MACAPÁ / MAZAGÃO, S/N";"ANAUERAPUCU";"68925000";"+559632819103";"-,0681603";"-51,2580235";1;"ATIVO";-1;"ATIVO";1;"ATIVO";1;"Ativo";"0";"Sem acessibilidade";340;342;342;0;1031;"E.E. FRANCISCO DE OLIVEIRA FILHO (ANAUERAPUCU)";"RODOVIA MACAPÁ / MAZAGÃO, S/N"
"05/10/2026";"06:29:34";2026;"04/10/2026";"1º Turno";1;"AP";"06050";"MACAPÁ";14;128;1;"Principal";-1;1686;"E.E. SÃO BENEDITO";4;"Temporário";"ESCOLA ESTADUAL SÃO BENEDITO";"LAGUINHO";"68901018";"9632125242";"-1";"-1";1;"ATIVO";-1;"ATIVO";1;"ATIVO";1;"Ativo";"1";"Com acessibilidade";329;329;329;0;1198;"EPG EDGAR LINO DA SILVA";"AV. ANA NERY, 233"
"05/10/2026";"06:29:34";2026;"04/10/2026";"1º Turno";1;"AP";"06050";"MACAPÁ";2;734;1;"Principal";-1;2119;"ESCOLA MUNICIPAL DE ENSINO FUNDAMENTAL WILSON MALCHER";1;"Convencional";"RUA JOÃO DE CASTRO , S/N";"JARDIM EQUATORIAL";"68900000";"+5596984144863";",0063263";"-51,0687238";1;"ATIVO";-1;"ATIVO";1;"ATIVO";1;"Ativo";"1";"Com acessibilidade";335;331;331;0;2119;"ESCOLA MUNICIPAL DE ENSINO FUNDAMENTAL WILSON MALCHER";"RUA JOÃO DE CASTRO , S/N"
"05/10/2026";"06:29:34";2026;"04/10/2026";"1º Turno";1;"AP";"06050";"MACAPÁ";10;327;1;"Principal";-1;1376;"ESCOLA ESTADUAL MARIA NEUZA DO CARMO";1;"Convencional";"RUA MILTON DE SOUZA CORREA , 500";"JARDIM FELICIDADE I";"68909068";"96991634333";",0837865";"-51,0656668";1;"ATIVO";-1;"ATIVO";1;"ATIVO";1;"Ativo";"0";"Sem acessibilidade";388;387;387;0;1376;"ESCOLA ESTADUAL MARIA NEUZA DO CARMO";"RUA MILTON DE SOUZA CORREA , 500"
"05/10/2026";"06:29:34";2026;"04/10/2026";"1º Turno";1;"AP";"06041";"ITAUBAL";10;8;1;"Principal";-1;1058;"ESCOLA ESTADUAL ESTEVAM DE CARVALHO COSTA";1;"Convencional";"SANTA MARIA DO CURICACA";"CURICACA";"68900000";"-1";",5789929";"-50,8000436";1;"ATIVO";-1;"ATIVO";1;"ATIVO";1;"Ativo";"0";"Sem acessibilidade";305;305;305;0;1058;"ESCOLA ESTADUAL ESTEVAM DE CARVALHO COSTA";"SANTA MARIA DO CURICACA"
"05/10/2026";"06:29:34";2026;"04/10/2026";"1º Turno";1;"AP";"06033";"CALÇOENE";1;62;1;"Principal";-1;1040;"ESCOLA ESTADUAL JUVENAL GUIMARÃES TEIXEIRA";1;"Convencional";"AVENIDA JOSE LOURENÇO";"LOURENÇO";"68970000";"34261125";"2,31124626";"-51,6322036";1;"ATIVO";-1;"ATIVO";1;"ATIVO";1;"Ativo";"0";"Sem acessibilidade";365;365;365;0;1040;"ESCOLA ESTADUAL JUVENAL GUIMARÃES TEIXEIRA";"AVENIDA JOSE LOURENÇO"
"05/10/2026";"06:29:34";2026;"04/10/2026";"1º Turno";1;"AP";"06157";"SANTANA";6;121;1;"Principal";-1;1201;"E.E. PROF. IZANETE VICTOR DOS SANTOS";1;"Convencional";"AV. COELHO NETO, 828";"PARAÍSO";"68925000";"3283 2783";"-,0294157";"-51,1673923";1;"ATIVO";-1;"ATIVO";1;"ATIVO";1;"Ativo";"0";"Sem acessibilidade";371;370;370;0;1201;"E.E. PROF. IZANETE VICTOR DOS SANTOS";"AV. COELHO NETO, 828"
"05/10/2026";"06:29:34";2026;"04/10/2026";"1º Turno";1;"AP";"06114";"FERREIRA GOMES";12;69;1;"Principal";-1;1058;"ESCOLA MUNICIPAL VALDIR FERREIRA MENDES";1;"Convencional";"ASSENTAMENTO FERREIRINHA";"FERREIRINHA";"68915000";"-1";",79615931";"-51,03048806";1;"ATIVO";-1;"ATIVO";1;"ATIVO";1;"Ativo";"1";"Com acessibilidade";244;244;244;0;1058;"ESCOLA MUNICIPAL VALDIR FERREIRA MENDES";"ASSENTAMENTO FERREIRINHA"
"05/10/2026";"06:29:34";2026;"04/10/2026";"1º Turno";1;"AP";"06050";"MACAPÁ";14;356;1;"Principal";-1;1503;"ESCOLA MUNICIPAL DE ENSINO INFANTIL MEU PE DE LARANJA LIMA";1;"Convencional";"AV. MENDONÇA JUNIOR, 2838";"SANTA RITA";"68901282";"96981065958";",036583";"-51,0690465";1;"ATIVO";-1;"ATIVO";1;"ATIVO";1;"Ativo";"0";"Sem acessibilidade";251;248;248;0;1503;"ESCOLA MUNICIPAL DE ENSINO INFANTIL MEU PE DE LARANJA LIMA";"AV. MENDONÇA JUNIOR, 2838"
"05/10/2026";"06:29:34";2026;"04/10/2026";"1º Turno";1;"AP";"06050";"MACAPÁ";2;908;1;"Principal";-1;1090;"ESCOLA ESTADUAL DR.COARACY NUNES";1;"Convencional";"AV MENDONCA JUNIOR          1651         CENTRO";"CENTRO";"68900000";"+5596981025968";",0338216";"-51,0647025";1;"ATIVO";-1;"ATIVO";1;"ATIVO";1;"Ativo";"0";"Sem acessibilidade";243;239;239;0;1090;"ESCOLA ESTADUAL DR.COARACY NUNES";"AV MENDONCA JUNIOR          1651         CENTRO"
"05/10/2026";"06:29:34";2026;"04/10/2026";"1º Turno";1;"AP";"06157";"SANTANA";6;261;1;"Principal";-1;1023;"E.E. OSVALDINA FERREIRA DA SILVA";1;"Convencional";"RUA PETER VAN SCHUPEMBERG, 90";"ILHA DE SANTANA";"68925000";"+559632841170";"-1";"-1";1;"ATIVO";-1;"ATIVO";1;"ATIVO";1;"Ativo";"0";"Sem acessibilidade";375;376;376;0;1023;"E.E. OSVALDINA FERREIRA DA SILVA";"RUA PETER VAN SCHUPEMBERG, 90"
"05/10/2026";"06:29:34";2026;"04/10/2026";"1º Turno";1;"AP";"06076";"MAZAGÃO";5;64;1;"Principal";-1;1236;"ESCOLA ESTADUAL DE 1º GRAU PIQUIAZAL";1;"Convencional";"COMUNIDADE SÃO FRANCISCO DO ASSENT. AGRÍCOLA PIQUIAZAL, S/N.";"PIQUIAZAL";"68940000";"-1";"-,14875371";"-51,48618484";1;"ATIVO";-1;"ATIVO";1;"ATIVO";1;"Ativo";"0";"Sem acessibilidade";308;367;367;0;1236;"ESCOLA ESTADUAL DE 1º GRAU PIQUIAZAL";"COMUNIDADE SÃO FRANCISCO DO ASSENT. AGRÍCOLA PIQUIAZAL, S/N."
"05/10/2026";"06:29:34";2026;"04/10/2026";"1º Turno";1;"AP";"06050";"MACAPÁ";2;283;1;"Principal";-1;1600;"ESCOLA ESTADUAL MÁRIO QUIRINO DA SILVA";1;"Convencional";"RUA CLAUDOMIRO DE MORAIS                    SN";"NOVO BURITIZAL";"68900000";"32125283";",0154748";"-51,0823276";1;"ATIVO";-1;"ATIVO";1;"ATIVO";1;"Ativo";"0";"Sem acessibilidade";394;392;392;0;1600;"ESCOLA ESTADUAL MÁRIO QUIRINO DA SILVA";"RUA CLAUDOMIRO DE MORAIS                    SN"
"05/10/2026";"06:29:34";2026;"04/10/2026";"1º Turno";1;"AP";"06050";"MACAPÁ";2;483;1;"Principal";-1;1295;"ESCOLA ESTADUAL JOSÉ DO PATROCINIO";1;"Convencional";"RUA DO ESTALEIRO, 203, FAZENDINHA ";"DISTRITO DE FAZENDINHA";"68911465";"00000000";"-,0541101";"-51,1131405";1;"ATIVO";-1;"ATIVO";1;"ATIVO";1;"Ativo";"0";"Sem acessibilidade";254;254;254;0;1295;"ESCOLA ESTADUAL JOSÉ DO PATROCINIO";"RUA DO ESTALEIRO, 203, FAZENDINHA "
"05/10/2026";"06:29:34";2026;"04/10/2026";"1º Turno";1;"AP";"06122";"VITÓRIA DO JARI";7;184;1;"Principal";-1;1090;"ESCOLA MUNICIPAL FELINTO BATISTA";1;"Convencional";"AV. PEDRO LADISLAU";"PRAINHA";"68924000";"+5596991183910";"-,9222582";"-52,4199182";1;"ATIVO";-1;"ATIVO";1;"ATIVO";1;"Ativo";"0";"Sem acessibilidade";290;288;288;0;1090;"ESCOLA MUNICIPAL FELINTO BATISTA";"AV. PEDRO LADISLAU"
"05/10/2026";"06:29:34";2026;"04/10/2026";"1º Turno";1;"AP";"06157";"SANTANA";6;197;1;"Principal";-1;1287;"E.E. RODOVAL BORGES SILVA";1;"Convencional";"TRAVESSA L-8, 05";"FONTE NOVA";"68925000";"3283 1213";"-,01659399";"-51,17809187";1;"ATIVO";-1;"ATIVO";1;"ATIVO";1;"Ativo";"0";"Sem acessibilidade";368;369;369;0;1287;"E.E. RODOVAL BORGES SILVA";"TRAVESSA L-8, 05"
"05/10/2026";"06:29:34";2026;"04/10/2026";"1º Turno";1;"AP";"06033";"CALÇOENE";1;67;1;"Principal";-1;1058;"ESCOLA DE ESTADUAL DE ENSINO DE 1º GRAU JOSE RODRIGUES CORDEIRO";1;"Convencional";"AV MANOEL SARMENTO, SN, CENTRO";"CENTRO";"68960000";"-1";"2,49782599";"-50,95739285";1;"ATIVO";-1;"ATIVO";1;"ATIVO";1;"Ativo";"0";"Sem acessibilidade";308;308;308;0;1058;"ESCOLA DE ESTADUAL DE ENSINO DE 1º GRAU JOSE RODRIGUES CORDEIRO";"AV MANOEL SARMENTO, SN, CENTRO"
"05/10/2026";"06:29:34";2026;"04/10/2026";"1º Turno";1;"AP";"06050";"MACAPÁ";10;450;1;"Principal";-1;2054;"ASSEMBLEIA DE DEUS DE ANÁPOLIS - NOVA CANAÃ";4;"Temporário";"RODOVIA ALCEU PAULO RAMOS";"RESSACA DA PEDREIRA";"68912995";"981238142";"-1";"-1";1;"ATIVO";-1;"ATIVO";1;"ATIVO";1;"Ativo";"1";"Com acessibilidade";258;258;258;0;1910;"ESCOLA QUILOMBOLA ESTADUAL NESTOR BARBOSA DA SILVA";"RODOVIA ALCEU PAULO RAMOS, 2091"
"05/10/2026";"06:29:34";2026;"04/10/2026";"1º Turno";1;"AP";"06050";"MACAPÁ";2;466;1;"Principal";-1;1600;"ESCOLA ESTADUAL MÁRIO QUIRINO DA SILVA";1;"Convencional";"RUA CLAUDOMIRO DE MORAIS                    SN";"NOVO BURITIZAL";"68900000";"32125283";",0154748";"-51,0823276";1;"ATIVO";-1;"ATIVO";1;"ATIVO";1;"Ativo";"0";"Sem acessibilidade";251;250;250;0;2046;"ESCOLA ESTADUAL PROFª BENIGNA MOREIRA DE SOUZA";"RUA RAUL MONTEIRO VALDEZ - 1500"
"05/10/2026";"06:29:34";2026;"04/10/2026";"1º Turno";1;"AP";"06122";"VITÓRIA DO JARI";7;162;1;"Principal";-1;1082;"ESCOLA MUNICIPAL ÁLVARO MARQUES GONÇALVES";1;"Convencional";"PAS JOSÉ SIMEÃO DE SOUZA - 1361";"MINA";"68924000";"+5509636221243";"-,9193051";"-52,4146888";1;"ATIVO";-1;"ATIVO";1;"ATIVO";1;"Ativo";"0";"Sem acessibilidade";216;215;215;0;1082;"ESCOLA MUNICIPAL ÁLVARO MARQUES GONÇALVES";"PAS JOSÉ SIMEÃO DE SOUZA - 1361"
"05/10/2026";"06:29:34";2026;"04/10/2026";"1º Turno";1;"AP";"06050";"MACAPÁ";2;82;1;"Principal";-1;1139;"ESCOLA ESTADUAL PROFº JOSÉ FIRMO DO NASCIMENTO";1;"Convencional";"AV CLODOVIO COELHO  - 145  - TREM";"BEIROL";"68900000";"+5596981010886";",0232182";"-51,0625066";1;"ATIVO";-1;"ATIVO";1;"ATIVO";1;"Ativo";"0";"Sem acessibilidade";231;230;230;0;1139;"ESCOLA ESTADUAL PROFº JOSÉ FIRMO DO NASCIMENTO";"AV CLODOVIO COELHO  - 145  - TREM"
"05/10/2026";"06:29:34";2026;"04/10/2026";"1º Turno";1;"AP";"06050";"MACAPÁ";14;390;1;"Principal";-1;1562;"ESCOLA ESTADUAL CLAUDIO DOS SANTOS BARBOSA";1;"Convencional";"VILA PROGESSO";"DISTRITO DE BAILIQUE";"68900000";"33321130";",8699606";"-50,0451417";1;"ATIVO";-1;"ATIVO";1;"ATIVO";1;"Ativo";"0";"Sem acessibilidade";311;312;312;0;1562;"ESCOLA ESTADUAL CLAUDIO DOS SANTOS BARBOSA";"VILA PROGESSO"
"05/10/2026";"06:29:34";2026;"04/10/2026";"1º Turno";1;"AP";"06050";"MACAPÁ";2;543;1;"Principal";-1;1902;"ESCOLA ESTADUAL REINALDO MAURICIO GOLBERT DAMASCENO";1;"Convencional";"AV 13 DE SETEMBRO      S/N";"CUBA DE ASFALTO";"68900000";"+5596981481320";",023435";"-51,0861323";1;"ATIVO";-1;"ATIVO";1;"ATIVO";1;"Ativo";"1";"Com acessibilidade";381;382;382;0;1902;"ESCOLA ESTADUAL REINALDO MAURICIO GOLBERT DAMASCENO";"AV 13 DE SETEMBRO      S/N"
"05/10/2026";"06:29:34";2026;"04/10/2026";"1º Turno";1;"AP";"06050";"MACAPÁ";2;791;1;"Principal";-1;2208;"ESCOLA MUNICIPAL DE ENSINO FUNDAMENTAL ESFORÇO POPULAR";1;"Convencional";"RUA RAIMUNDO FERREIRA DA SILVA - 241";"MUCA";"68900000";"32415652";",0116414";"-51,0773336";1;"ATIVO";-1;"ATIVO";1;"ATIVO";1;"Ativo";"0";"Sem acessibilidade";267;267;267;0;2208;"ESCOLA MUNICIPAL DE ENSINO FUNDAMENTAL ESFORÇO POPULAR";"RUA RAIMUNDO FERREIRA DA SILVA - 241"
"05/10/2026";"06:29:34";2026;"04/10/2026";"1º Turno";1;"AP";"06050";"MACAPÁ";14;405;2;"Agregada";403;1651;"ESCOLA ESTADUAL ROSA DOS SANTOS SARGES";1;"Convencional";"COMUNIDADE DO ARRAIOL";"DISTRITO DE BAILIQUE";"68909398";"-1";"-1";"-1";1;"ATIVO";-1;"ATIVO";1;"ATIVO";1;"Ativo";"0";"Sem acessibilidade";95;0;0;0;1651;"ESCOLA ESTADUAL ROSA DOS SANTOS SARGES";"COMUNIDADE DO ARRAIOL"
"05/10/2026";"06:29:34";2026;"04/10/2026";"1º Turno";1;"AP";"06050";"MACAPÁ";2;117;1;"Principal";-1;1970;"ESCOLA ESTADUAL PROFª ARACY MIRANDA DE MONT ALVERNE";1;"Convencional";"AV. CARAMURU, 351";"BURITIZAL";"68900000";"+5596991390611";",0206229";"-51,0752537";1;"ATIVO";-1;"ATIVO";1;"ATIVO";1;"Ativo";"0";"Sem acessibilidade";317;316;316;0;1970;"ESCOLA ESTADUAL PROFª ARACY MIRANDA DE MONT ALVERNE";"AV. CARAMURU, 351"
"05/10/2026";"06:29:34";2026;"04/10/2026";"1º Turno";1;"AP";"06157";"SANTANA";6;35;1;"Principal";-1;1147;"E.P.G. JOSE DE RIBAMAR PESTANA";1;"Convencional";"TV. PALMIRA MIRANDA DE ANDRADE, 540";"NOVA BRASÍLIA I";"68925000";"3283 2837";"-,0464025";"-51,1602663";1;"ATIVO";-1;"ATIVO";1;"ATIVO";1;"Ativo";"0";"Sem acessibilidade";338;338;338;0;1147;"E.P.G. JOSE DE RIBAMAR PESTANA";"TV. PALMIRA MIRANDA DE ANDRADE, 540"
"05/10/2026";"06:29:34";2026;"04/10/2026";"1º Turno";1;"AP";"06157";"SANTANA";6;235;1;"Principal";-1;1139;"E.E. ALBERTO SANTOS DUMONT (ELESBÃO)";1;"Convencional";"RAMAL DA OLARIA, 286";"ELESBÃO";"68925000";"3281 1191";"-,04720407";"-51,18649262";1;"ATIVO";-1;"ATIVO";1;"ATIVO";1;"Ativo";"0";"Sem acessibilidade";367;369;369;0;1139;"E.E. ALBERTO SANTOS DUMONT (ELESBÃO)";"RAMAL DA OLARIA, 286"
"05/10/2026";"06:29:34";2026;"04/10/2026";"1º Turno";1;"AP";"06050";"MACAPÁ";2;96;2;"Agregada";95;1163;"ESCOLA MUNICIPAL DE ENSINO FUNDAMENTAL RORAIMA";1;"Convencional";"RUA HILDEMAR MAIA ,   2549";"BURITIZAL";"68902870";"000000000";",0239286";"-51,0709472";1;"ATIVO";-1;"ATIVO";1;"ATIVO";1;"Ativo";"1";"Com acessibilidade";190;0;0;0;1163;"ESCOLA MUNICIPAL DE ENSINO FUNDAMENTAL RORAIMA";"RUA HILDEMAR MAIA ,   2549"
"05/10/2026";"06:29:34";2026;"04/10/2026";"1º Turno";1;"AP";"06157";"SANTANA";6;219;1;"Principal";-1;1341;"ESCOLA ESTADUAL SAO PAULO APOSTOLO";1;"Convencional";"AVENIDA SAO PAULO APOSTOLO, 2384";"PARAÍSO";"68925000";"-1";"-,0356414";"-51,1799226";1;"ATIVO";-1;"ATIVO";1;"ATIVO";1;"Ativo";"0";"Sem acessibilidade";230;229;229;0;1341;"ESCOLA ESTADUAL SAO PAULO APOSTOLO";"AVENIDA SAO PAULO APOSTOLO, 2384"
"05/10/2026";"06:29:34";2026;"04/10/2026";"1º Turno";1;"AP";"06050";"MACAPÁ";10;60;1;"Principal";-1;1074;"ESCOLA ESTADUAL PROFESSORA RUTH DE ALMEIDA BEZERRA";1;"Convencional";"RUA ADILSON JOSÉ PINTO PEREIRA 109";"SAO LAZARO";"68908571";"991283485";",0670284";"-51,057224";1;"ATIVO";-1;"ATIVO";1;"ATIVO";1;"Ativo";"0";"Sem acessibilidade";352;350;350;0;1074;"ESCOLA ESTADUAL PROFESSORA RUTH DE ALMEIDA BEZERRA";"RUA ADILSON JOSÉ PINTO PEREIRA 109"
"05/10/2026";"06:29:34";2026;"04/10/2026";"1º Turno";1;"AP";"06050";"MACAPÁ";14;123;1;"Principal";-1;1180;"EPG CASTRO ALVES";1;"Convencional";"AV. PEDRO AMERICO, 114";"JESUS DE NAZARE";"68908220";"981011638";",0519541";"-51,0593394";1;"ATIVO";-1;"ATIVO";1;"ATIVO";1;"Ativo";"0";"Sem acessibilidade";352;350;350;0;1180;"EPG CASTRO ALVES";"AV. PEDRO AMERICO, 114"
"05/10/2026";"06:29:34";2026;"04/10/2026";"1º Turno";1;"AP";"06157";"SANTANA";6;1;1;"Principal";-1;1015;"E.P.G. ELIZABETH PICANCO ESTEVES";1;"Convencional";"AV. DAS NAÇÕES, 678";"HOSPITALIDADE";"68925000";"3283 2827";"-,0466519";"-51,172363";1;"ATIVO";-1;"ATIVO";1;"ATIVO";1;"Ativo";"0";"Sem acessibilidade";371;371;371;0;1015;"E.P.G. ELIZABETH PICANCO ESTEVES";"AV. DAS NAÇÕES, 678"
"05/10/2026";"06:29:34";2026;"04/10/2026";"1º Turno";1;"AP";"06025";"PORTO GRANDE";12;41;1;"Principal";-1;1163;"ESCOLA MUNICIPAL AMÉLIA BITENCOURT BESSA DE OLIVEIRA";1;"Convencional";"AV. SOLDADO VALDINEI DE OLIVEIRA, N 58";"NOVA ESPERANÇA";"68997000";"-1";",69580207";"-51,40205414";1;"ATIVO";-1;"ATIVO";1;"ATIVO";1;"Ativo";"1";"Com acessibilidade";392;391;391;0;1163;"ESCOLA MUNICIPAL AMÉLIA BITENCOURT BESSA DE OLIVEIRA";"AV. SOLDADO VALDINEI DE OLIVEIRA, N 58"
"05/10/2026";"06:29:34";2026;"04/10/2026";"1º Turno";1;"AP";"06157";"SANTANA";6;112;1;"Principal";-1;1198;"E.E. FONTE NOVA";1;"Convencional";"AV. DOM PEDRO I, 4286";"FONTE NOVA";"68928163";"3281 3288";"-,01910818";"-51,16939163";1;"ATIVO";-1;"ATIVO";1;"ATIVO";1;"Ativo";"0";"Sem acessibilidade";294;296;296;0;1198;"E.E. FONTE NOVA";"AV. DOM PEDRO I, 4286"
"05/10/2026";"06:29:34";2026;"04/10/2026";"1º Turno";1;"AP";"06050";"MACAPÁ";10;102;1;"Principal";-1;1279;"ESCOLA ESTADUAL MARIA DO CARMO VIANA DOS ANJOS";1;"Convencional";"RUA FRANCISCO ALVES CORRÊA, 30, JARDIM FELICIDADE II";"JARDIM FELICIDADE II";"68900000";"991296548";",0968478";"-51,056575";1;"ATIVO";-1;"ATIVO";1;"ATIVO";1;"Ativo";"0";"Sem acessibilidade";353;349;349;0;1279;"ESCOLA ESTADUAL MARIA DO CARMO VIANA DOS ANJOS";"RUA FRANCISCO ALVES CORRÊA, 30, JARDIM FELICIDADE II"
"05/10/2026";"06:29:34";2026;"04/10/2026";"1º Turno";1;"AP";"06092";"OIAPOQUE";4;38;1;"Principal";-1;1236;"EMEF ANETE FARIAS DA SILVA";1;"Convencional";"RUA LÉLIO SILVA, N 261, CENTRO";"CENTRO";"68980000";"-1";"-1";"-1";1;"ATIVO";-1;"ATIVO";1;"ATIVO";1;"Ativo";"0";"Sem acessibilidade";278;275;275;0;1236;"EMEF ANETE FARIAS DA SILVA";"RUA LÉLIO SILVA, N 261, CENTRO"
"05/10/2026";"06:29:34";2026;"04/10/2026";"1º Turno";1;"AP";"06009";"PRACUÚBA";1;27;1;"Principal";-1;1058;"ESCOLA ESTADUAL PEDRO TEIXEIRA";1;"Convencional";"RAMAL DO PRACUUBA, S/N";"FLEXAL";"68918000";"-1";"1,7286679";"-50,8780576";1;"ATIVO";-1;"ATIVO";1;"ATIVO";1;"Ativo";"0";"Sem acessibilidade";272;272;272;0;1058;"ESCOLA ESTADUAL PEDRO TEIXEIRA";"RAMAL DO PRACUUBA, S/N"
"05/10/2026";"06:29:34";2026;"04/10/2026";"1º Turno";1;"AP";"06050";"MACAPÁ";10;326;1;"Principal";-1;1678;"ESCOLA ESTADUAL RISALVA FREITAS DO AMARAL";1;"Convencional";"AV CECILIA VICENTE DA PAIXÃO, S/N";"PANTANAL";"68907311";"-1";",0710676";"-51,046337";1;"ATIVO";-1;"ATIVO";1;"ATIVO";1;"Ativo";"0";"Sem acessibilidade";391;390;390;0;1678;"ESCOLA ESTADUAL RISALVA FREITAS DO AMARAL";"AV CECILIA VICENTE DA PAIXÃO, S/N"
"05/10/2026";"06:29:34";2026;"04/10/2026";"1º Turno";1;"AP";"06025";"PORTO GRANDE";12;28;1;"Principal";-1;1058;"ESC. EST. ELIAS FREITAS TRAJANO DE SOUZA";1;"Convencional";"RUA BELA VISTA, S/N";"AEROPORTO";"68997000";"-1";",70372892";"-51,40372491";1;"ATIVO";-1;"ATIVO";1;"ATIVO";1;"Ativo";"1";"Com acessibilidade";370;366;366;0;1058;"ESC. EST. ELIAS FREITAS TRAJANO DE SOUZA";"RUA BELA VISTA, S/N"
"05/10/2026";"06:29:34";2026;"04/10/2026";"1º Turno";1;"AP";"06050";"MACAPÁ";14;58;1;"Principal";-1;1090;"E.M.E.I.  MUNDO DA CRIANÇA";1;"Convencional";"AV. PARAIBA - 201";"PACOVAL";"68908280";"991223819";",057793";"-51,0545661";1;"ATIVO";-1;"ATIVO";1;"ATIVO";1;"Ativo";"1";"Com acessibilidade";312;312;312;0;1090;"E.M.E.I.  MUNDO DA CRIANÇA";"AV. PARAIBA - 201"
"05/10/2026";"06:29:34";2026;"04/10/2026";"1º Turno";1;"AP";"06050";"MACAPÁ";2;103;1;"Principal";-1;1171;"ESCOLA ESTADUAL PROFª SEBASTIANA LENIR DE ALMEIDA";1;"Convencional";"AV DIOGENES SILVA         123        BURITIZAL";"BURITIZAL";"68902891";"+5596991579520";",0258939";"-51,0728225";1;"ATIVO";-1;"ATIVO";1;"ATIVO";1;"Ativo";"1";"Com acessibilidade";295;298;298;0;1171;"ESCOLA ESTADUAL PROFª SEBASTIANA LENIR DE ALMEIDA";"AV DIOGENES SILVA         123        BURITIZAL"
"05/10/2026";"06:29:34";2026;"04/10/2026";"1º Turno";1;"AP";"06033";"CALÇOENE";1;73;1;"Principal";-1;1082;"E. M. PROF.ª NELMA SUELI BARATA ALVES";1;"Convencional";"RUA PADRE DÁRIO, S/N, PALMEIRAS";"PALMEIRAS";"68960000";"-1";"2,4973244";"-50,9532186";1;"ATIVO";-1;"ATIVO";1;"ATIVO";1;"Ativo";"0";"Sem acessibilidade";373;372;372;0;1082;"E. M. PROF.ª NELMA SUELI BARATA ALVES";"RUA PADRE DÁRIO, S/N, PALMEIRAS"
"05/10/2026";"06:29:34";2026;"04/10/2026";"1º Turno";1;"AP";"06076";"MAZAGÃO";5;100;1;"Principal";-1;1384;"ESCOLA MUNICIPAL PROF. OTAVIO CALDEIRA AFONSO";1;"Convencional";"TRAVESSA 3, S/N";"UNIAO";"68940000";"-1";"-,11492606";"-51,29468746";1;"ATIVO";-1;"ATIVO";1;"ATIVO";1;"Ativo";"0";"Sem acessibilidade";227;227;227;0;1384;"ESCOLA MUNICIPAL PROF. OTAVIO CALDEIRA AFONSO";"TRAVESSA 3, S/N"
"05/10/2026";"06:29:34";2026;"04/10/2026";"1º Turno";1;"AP";"06106";"SERRA DO NAVIO";11;9;1;"Principal";-1;1015;"ESCOLA ESTADUAL DOUTOR HERMELINO HERBSTER GUSMAO";1;"Convencional";"BC7, 589, SERRA DO NAVIO";"CENTRO";"68900000";"-1";"-1";"-1";1;"ATIVO";-1;"ATIVO";1;"ATIVO";1;"Ativo";"0";"Sem acessibilidade";326;326;326;0;1015;"ESCOLA ESTADUAL DOUTOR HERMELINO HERBSTER GUSMAO";"BC7, 589, SERRA DO NAVIO"
"05/10/2026";"06:29:34";2026;"04/10/2026";"1º Turno";1;"AP";"06157";"SANTANA";6;143;1;"Principal";-1;1260;"ESCOLA ESTADUAL SÃO JOÃO APÓSTOLO";1;"Convencional";"AV. MARIA COLARES, 1905";"NOVA BRASÍLIA I";"68927229";"32831015";"-,0369626";"-51,1661291";1;"ATIVO";-1;"ATIVO";1;"ATIVO";1;"Ativo";"0";"Sem acessibilidade";226;231;231;0;1260;"ESCOLA ESTADUAL SÃO JOÃO APÓSTOLO";"AV. MARIA COLARES, 1905"
"05/10/2026";"06:29:34";2026;"04/10/2026";"1º Turno";1;"AP";"06050";"MACAPÁ";14;322;1;"Principal";-1;1465;"ESCOLA MUNICIPAL DE ENSINO FUNDAMENTAL ARACY NASCIMENTO";1;"Convencional";"RUA MARCELO CANDIA                  615";"SANTA RITA";"68901341";"+5596981077738";",0396117";"-51,0740881";1;"ATIVO";-1;"ATIVO";1;"ATIVO";1;"Ativo";"1";"Com acessibilidade";217;215;215;0;1465;"ESCOLA MUNICIPAL DE ENSINO FUNDAMENTAL ARACY NASCIMENTO";"RUA MARCELO CANDIA                  615"
"05/10/2026";"06:29:34";2026;"04/10/2026";"1º Turno";1;"AP";"06122";"VITÓRIA DO JARI";7;161;1;"Principal";-1;1066;"ESCOLA MUNICIPAL FRANCISCA DE FREITAS ARAUJO";1;"Convencional";"RUA PEDRO LADISLAU, S/N";"CIDADE LIVRE";"68920000";"36221448";"-,9205129";"-52,4051767";1;"ATIVO";-1;"ATIVO";1;"ATIVO";1;"Ativo";"0";"Sem acessibilidade";220;218;218;0;1066;"ESCOLA MUNICIPAL FRANCISCA DE FREITAS ARAUJO";"RUA PEDRO LADISLAU, S/N"
"05/10/2026";"06:29:34";2026;"04/10/2026";"1º Turno";1;"AP";"06068";"CUTIAS";10;396;1;"Principal";-1;1015;"ESCOLA ESTADUAL LOURIMAR SIMÕES PAES";1;"Convencional";"RUA LÉO VIRGÍLIO TOLOSA, 624";"CENTRO";"68973000";"-1";",9696012";"-50,7978857";1;"ATIVO";-1;"ATIVO";1;"ATIVO";1;"Ativo";"1";"Com acessibilidade";303;308;308;0;1015;"ESCOLA ESTADUAL LOURIMAR SIMÕES PAES";"RUA LÉO VIRGÍLIO TOLOSA, 624"
"05/10/2026";"06:29:34";2026;"04/10/2026";"1º Turno";1;"AP";"06050";"MACAPÁ";10;316;1;"Principal";-1;1414;"ESCOLA MUNICIPAL PROFESSORA VERA LUCIA PINON NERY";1;"Convencional";"AV. CARLOS LINS CORTES, 1405";"INFRAERO II";"68900000";"32511330";",0708299";"-51,0829593";1;"ATIVO";-1;"ATIVO";1;"ATIVO";1;"Ativo";"0";"Sem acessibilidade";385;385;385;0;1414;"ESCOLA MUNICIPAL PROFESSORA VERA LUCIA PINON NERY";"AV. CARLOS LINS CORTES, 1405"
"05/10/2026";"06:29:34";2026;"04/10/2026";"1º Turno";1;"AP";"06050";"MACAPÁ";2;601;1;"Principal";-1;1147;"ESCOLA MUNICIPAL DE ENSINO FUNDAMENTAL AMAPA";1;"Convencional";"RUA JOVINO DINOA, 3188";"TREM";"68900030";"5596984032652";",0247643";"-51,0628301";1;"ATIVO";-1;"ATIVO";1;"ATIVO";1;"Ativo";"0";"Sem acessibilidade";261;259;259;0;1147;"ESCOLA MUNICIPAL DE ENSINO FUNDAMENTAL AMAPA";"RUA JOVINO DINOA, 3188"
"05/10/2026";"06:29:34";2026;"04/10/2026";"1º Turno";1;"AP";"06050";"MACAPÁ";2;395;1;"Principal";-1;1899;"UNIVERSIDADE FEDERAL DO AMAPA - UNIFAP";1;"Convencional";"ROD. JOSMAR CHAVES PINTO, KM 02   JARDIM MARCO ZERO";"UNIVERSIDADE";"68903419";"+5596981159919";"-,0065359";"-51,0845096";1;"ATIVO";-1;"ATIVO";1;"ATIVO";1;"Ativo";"0";"Sem acessibilidade";381;378;378;0;1899;"UNIVERSIDADE FEDERAL DO AMAPA - UNIFAP";"ROD. JOSMAR CHAVES PINTO, KM 02   JARDIM MARCO ZERO"
"05/10/2026";"06:29:34";2026;"04/10/2026";"1º Turno";1;"AP";"06050";"MACAPÁ";14;275;1;"Principal";-1;1384;"ESCOLA ESTADUAL PROF.GABRIEL ALMEIDA CAFÉ";1;"Convencional";"AV FAB, 091";"CENTRO";"68900000";"+5596991622848";",040525";"-51,0610346";1;"ATIVO";-1;"ATIVO";1;"ATIVO";1;"Ativo";"0";"Sem acessibilidade";243;241;241;0;1384;"ESCOLA ESTADUAL PROF.GABRIEL ALMEIDA CAFÉ";"AV FAB, 091"
"05/10/2026";"06:29:34";2026;"04/10/2026";"1º Turno";1;"AP";"06050";"MACAPÁ";2;788;1;"Principal";-1;1902;"ESCOLA ESTADUAL REINALDO MAURICIO GOLBERT DAMASCENO";1;"Convencional";"AV 13 DE SETEMBRO      S/N";"CUBA DE ASFALTO";"68900000";"+5596981481320";",023435";"-51,0861323";1;"ATIVO";-1;"ATIVO";1;"ATIVO";1;"Ativo";"0";"Sem acessibilidade";379;375;375;0;1902;"ESCOLA ESTADUAL REINALDO MAURICIO GOLBERT DAMASCENO";"AV 13 DE SETEMBRO      S/N"
"05/10/2026";"06:29:34";2026;"04/10/2026";"1º Turno";1;"AP";"06130";"LARANJAL DO JARI";7;109;1;"Principal";-1;1228;"ESCOLA MUNICIPAL ZÉLIA CONCEIÇÃO SOUSA DA SILVA";1;"Convencional";"RUA 19 DE ABRIL, 2822";"NOVA ESPERANCA";"68920000";"-1";"-,8430562";"-52,5112463";1;"ATIVO";-1;"ATIVO";1;"ATIVO";1;"Ativo";"0";"Sem acessibilidade";329;327;327;0;1228;"ESCOLA MUNICIPAL ZÉLIA CONCEIÇÃO SOUSA DA SILVA";"RUA 19 DE ABRIL, 2822"
"05/10/2026";"06:29:34";2026;"04/10/2026";"1º Turno";1;"AP";"06130";"LARANJAL DO JARI";7;119;1;"Principal";-1;1287;"ESCOLA ESTADUAL BOM AMIGO MANOEL MANDI";1;"Convencional";"AV. VIOLETA S/N";"LOTEAMENTO SARNEY";"68920000";"+5596991210208";"-,8224539";"-52,5053175";1;"ATIVO";-1;"ATIVO";1;"ATIVO";1;"Ativo";"0";"Sem acessibilidade";365;365;365;0;1287;"ESCOLA ESTADUAL BOM AMIGO MANOEL MANDI";"AV. VIOLETA S/N"
"05/10/2026";"06:29:34";2026;"04/10/2026";"1º Turno";1;"AP";"06050";"MACAPÁ";2;629;1;"Principal";-1;2267;"ESCOLA ESTADUAL PROFª MARIA DE NAZARÉ PEREIRA VASCONCELOS";1;"Convencional";"RUA VILA DAS OLIVEIRAS - 372";"PEDRINHAS";"68900000";"+5596981440137";",0080908";"-51,0648757";1;"ATIVO";-1;"ATIVO";1;"ATIVO";1;"Ativo";"0";"Sem acessibilidade";356;355;355;0;2267;"ESCOLA ESTADUAL PROFª MARIA DE NAZARÉ PEREIRA VASCONCELOS";"RUA VILA DAS OLIVEIRAS - 372"
"05/10/2026";"06:29:34";2026;"04/10/2026";"1º Turno";1;"AP";"06050";"MACAPÁ";14;165;1;"Principal";-1;1252;"ESCOLA ESTADUAL ANTONIO CORDEIRO PONTES";1;"Convencional";"AV FAB  , 264";"CENTRO";"68900000";"32231039";",04041684";"-51,05211013";1;"ATIVO";-1;"ATIVO";1;"ATIVO";1;"Ativo";"0";"Sem acessibilidade";238;235;235;0;1252;"ESCOLA ESTADUAL ANTONIO CORDEIRO PONTES";"AV FAB  , 264"
"05/10/2026";"06:29:34";2026;"04/10/2026";"1º Turno";1;"AP";"06050";"MACAPÁ";10;490;1;"Principal";-1;1309;"ESCOLA ESTADUAL BRASIL NOVO";1;"Convencional";"RUA FLORESTA, 15, BRASIL NOVO";"BRASIL NOVO";"68909319";"991485632";",0883937";"-51,0860517";1;"ATIVO";-1;"ATIVO";1;"ATIVO";1;"Ativo";"0";"Sem acessibilidade";69;70;70;0;1309;"ESCOLA ESTADUAL BRASIL NOVO";"RUA FLORESTA, 15, BRASIL NOVO"
"05/10/2026";"06:29:34";2026;"04/10/2026";"1º Turno";1;"AP";"06050";"MACAPÁ";2;589;1;"Principal";-1;2151;"ESCOLA ESTADUAL RAIMUNDA VIRGOLINO";1;"Convencional";"RUA VILA DOS OLIVEIRAS, 837";"PEDRINHAS";"68903095";"32125268";",00756662";"-51,06437555";1;"ATIVO";-1;"ATIVO";1;"ATIVO";1;"Ativo";"1";"Com acessibilidade";218;218;218;0;2151;"ESCOLA ESTADUAL RAIMUNDA VIRGOLINO";"RUA VILA DOS OLIVEIRAS, 837"
"05/10/2026";"06:29:34";2026;"04/10/2026";"1º Turno";1;"AP";"06050";"MACAPÁ";14;216;1;"Principal";-1;1708;"ESCOLA ESTADUAL ANTONIO JOÃO";4;"Temporário";"RUA HILDEMAR MAIA, 674";"SANTA RITA";"68908119";"96991320828";"-1";"-1";1;"ATIVO";-1;"ATIVO";1;"ATIVO";1;"Ativo";"1";"Com acessibilidade";290;291;291;0;1325;"ESCOLA ESTADUAL  JOSÉ DE ANCHIETA";"AV CORA DE CARVALHO, SN"
"05/10/2026";"06:29:34";2026;"04/10/2026";"1º Turno";1;"AP";"06041";"ITAUBAL";10;461;1;"Principal";-1;1104;"ESCOLA MUNICIPAL JOSÉ ALMEIDA";1;"Convencional";"RUA RAIMUNDO PALMEIRIM FERREIRA";"CENTRO";"68900000";"-1";",602765";"-50,6994147";1;"ATIVO";-1;"ATIVO";1;"ATIVO";1;"Ativo";"0";"Sem acessibilidade";282;277;277;0;1104;"ESCOLA MUNICIPAL JOSÉ ALMEIDA";"RUA RAIMUNDO PALMEIRIM FERREIRA"
"05/10/2026";"06:29:34";2026;"04/10/2026";"1º Turno";1;"AP";"06050";"MACAPÁ";10;343;1;"Principal";-1;1520;"ESCOLA ESTADUAL PROFESSOR ANTONIO FERREIRA DE LIMA NETO";1;"Convencional";"AV. FRANCISCO FELIPPE DE MIRANDA  NERY - 2336";"LOTEAMENTO BURITIS";"68908805";"+5596991423491";",0713059";"-51,0898494";1;"ATIVO";-1;"ATIVO";1;"ATIVO";1;"Ativo";"0";"Sem acessibilidade";388;385;385;0;1520;"ESCOLA ESTADUAL PROFESSOR ANTONIO FERREIRA DE LIMA NETO";"AV. FRANCISCO FELIPPE DE MIRANDA  NERY - 2336"
"05/10/2026";"06:29:34";2026;"04/10/2026";"1º Turno";1;"AP";"06050";"MACAPÁ";2;920;1;"Principal";-1;2720;"ESCOLA ESTADUAL DR.ALEXANDRE VAZ TAVARES";1;"Convencional";"AV FELICIANO COELHO                                SN";"TREM";"68900000";"+5596984097424";",0294743";"-51,0595886";1;"ATIVO";-1;"ATIVO";1;"ATIVO";1;"Ativo";"1";"Com acessibilidade";331;328;328;0;2720;"ESCOLA ESTADUAL DR.ALEXANDRE VAZ TAVARES";"AV FELICIANO COELHO                                SN"
"05/10/2026";"06:29:34";2026;"04/10/2026";"1º Turno";1;"AP";"06076";"MAZAGÃO";5;95;2;"Agregada";86;1139;"ESCOLA MUNICIPAL DO RIO ARIRAMBA";1;"Convencional";"VILA RIO ARIRAMBA";"VILA BETEL";"68940000";"-1";"-,5984567";"-51,6283817";1;"ATIVO";-1;"ATIVO";1;"ATIVO";1;"Ativo";"0";"Sem acessibilidade";189;0;0;0;1139;"ESCOLA MUNICIPAL DO RIO ARIRAMBA";"VILA RIO ARIRAMBA"
"05/10/2026";"06:29:34";2026;"04/10/2026";"1º Turno";1;"AP";"06157";"SANTANA";6;215;1;"Principal";-1;1210;"E.E. IGARAPE DA FORTALEZA";1;"Convencional";"RUA RIO MATAPI, 121";"IGARAPÉ DA FORTALEZA";"68925000";"3283 2250";"-,0473052";"-51,1450026";1;"ATIVO";-1;"ATIVO";1;"ATIVO";1;"Ativo";"0";"Sem acessibilidade";174;348;348;0;1384;"ESCOLA ESTADUAL ANA DIAS DA COSTA";"RODOVIA SALVADOR DINIZ, 1414"
"05/10/2026";"06:29:34";2026;"04/10/2026";"1º Turno";1;"AP";"06050";"MACAPÁ";10;138;1;"Principal";-1;1309;"ESCOLA ESTADUAL BRASIL NOVO";1;"Convencional";"RUA FLORESTA, 15, BRASIL NOVO";"BRASIL NOVO";"68909319";"991485632";",0883937";"-51,0860517";1;"ATIVO";-1;"ATIVO";1;"ATIVO";1;"Ativo";"0";"Sem acessibilidade";385;383;383;0;1309;"ESCOLA ESTADUAL BRASIL NOVO";"RUA FLORESTA, 15, BRASIL NOVO"
"05/10/2026";"06:29:34";2026;"04/10/2026";"1º Turno";1;"AP";"06050";"MACAPÁ";14;79;1;"Principal";-1;1716;"ESCOLA ESTADUAL BARÃO DO RIO BRANCO";4;"Temporário";"AV. FAB, 122";"CENTRAL";"68900073";"-1";"-1";"-1";1;"ATIVO";-1;"ATIVO";1;"ATIVO";1;"Ativo";"0";"Sem acessibilidade";344;340;340;0;1120;"EEEF GENERAL AZEVEDO COSTA";"AV. JOSE ANTONIO SIQUEIRA 111"
"05/10/2026";"06:29:34";2026;"04/10/2026";"1º Turno";1;"AP";"06157";"SANTANA";6;65;1;"Principal";-1;1112;"E.E. ALMIRANTE BARROSO";1;"Convencional";"AV. 7 DE SETEMBRO, 533";"COMERCIAL";"68925108";"3281 3018";"-,04850279";"-51,17737876";1;"ATIVO";-1;"ATIVO";1;"ATIVO";1;"Ativo";"0";"Sem acessibilidade";299;297;297;0;1112;"E.E. ALMIRANTE BARROSO";"AV. 7 DE SETEMBRO, 533"
"05/10/2026";"06:29:34";2026;"04/10/2026";"1º Turno";1;"AP";"06076";"MAZAGÃO";5;125;1;"Principal";-1;1384;"ESCOLA MUNICIPAL PROF. OTAVIO CALDEIRA AFONSO";1;"Convencional";"TRAVESSA 3, S/N";"UNIAO";"68940000";"-1";"-,11492606";"-51,29468746";1;"ATIVO";-1;"ATIVO";1;"ATIVO";1;"Ativo";"0";"Sem acessibilidade";232;232;232;0;1384;"ESCOLA MUNICIPAL PROF. OTAVIO CALDEIRA AFONSO";"TRAVESSA 3, S/N"
"05/10/2026";"06:29:34";2026;"04/10/2026";"1º Turno";1;"AP";"06050";"MACAPÁ";14;225;1;"Principal";-1;1708;"ESCOLA ESTADUAL ANTONIO JOÃO";4;"Temporário";"RUA HILDEMAR MAIA, 674";"SANTA RITA";"68908119";"96991320828";"-1";"-1";1;"ATIVO";-1;"ATIVO";1;"ATIVO";1;"Ativo";"0";"Sem acessibilidade";285;280;280;0;1325;"ESCOLA ESTADUAL  JOSÉ DE ANCHIETA";"AV CORA DE CARVALHO, SN"
"05/10/2026";"06:29:34";2026;"04/10/2026";"1º Turno";1;"AP";"06050";"MACAPÁ";2;952;1;"Principal";-1;2747;"ESCOLA ESTADUAL CECILIA PINTO";1;"Convencional";"RUA PROF TOSTES              122         BURITIZAL";"BURITIZAL";"68902210";"+5596992016136";",0143256";"-51,0700748";1;"ATIVO";-1;"ATIVO";1;"ATIVO";1;"Ativo";"1";"Com acessibilidade";298;297;297;0;2747;"ESCOLA ESTADUAL CECILIA PINTO";"RUA PROF TOSTES              122         BURITIZAL"
"05/10/2026";"06:29:34";2026;"04/10/2026";"1º Turno";1;"AP";"06050";"MACAPÁ";2;950;1;"Principal";-1;2747;"ESCOLA ESTADUAL CECILIA PINTO";1;"Convencional";"RUA PROF TOSTES              122         BURITIZAL";"BURITIZAL";"68902210";"+5596992016136";",0143256";"-51,0700748";1;"ATIVO";-1;"ATIVO";1;"ATIVO";1;"Ativo";"0";"Sem acessibilidade";295;294;294;0;2747;"ESCOLA ESTADUAL CECILIA PINTO";"RUA PROF TOSTES              122         BURITIZAL"
"05/10/2026";"06:29:34";2026;"04/10/2026";"1º Turno";1;"AP";"06033";"CALÇOENE";1;71;1;"Principal";-1;1074;"ESCOLA ESTADUAL AMARO BRASILINO  DE FARIAS FILHO";1;"Convencional";"AVENIDA EULÁLIO MODESTO, N 2408";"BEIRA RIO";"68960000";"34231417";"2,49220243";"-50,9470054";1;"ATIVO";-1;"ATIVO";1;"ATIVO";1;"Ativo";"0";"Sem acessibilidade";260;260;260;0;1074;"ESCOLA ESTADUAL AMARO BRASILINO  DE FARIAS FILHO";"AVENIDA EULÁLIO MODESTO, N 2408"
"05/10/2026";"06:29:34";2026;"04/10/2026";"1º Turno";1;"AP";"06050";"MACAPÁ";2;896;1;"Principal";-1;2690;"ESCOLA MUNICIPAL DE ENSINO FUNDAMENTAL HILDEMAR MAIA";1;"Convencional";"AV CONEGO DOMINGOS MALTEZ                            SN";"TREM";"68900000";"5596981166806";",028695";"-51,0593602";1;"ATIVO";-1;"ATIVO";1;"ATIVO";1;"Ativo";"1";"Com acessibilidade";217;218;218;0;2690;"ESCOLA MUNICIPAL DE ENSINO FUNDAMENTAL HILDEMAR MAIA";"AV CONEGO DOMINGOS MALTEZ                            SN"
"05/10/2026";"06:29:34";2026;"04/10/2026";"1º Turno";1;"AP";"06084";"PEDRA BRANCA DO AMAPARI";11;35;1;"Principal";-1;1031;"ESCOLA ESTADUAL JOSE FERNANDES DA SILVA";1;"Convencional";"PERIMETRAL NORTE, 1037, AGUA FRIA";"COMUNIDADE DE AGUA FRIA";"68945000";"-1";"-1";"-1";1;"ATIVO";-1;"ATIVO";1;"ATIVO";1;"Ativo";"0";"Sem acessibilidade";382;382;382;0;1031;"ESCOLA ESTADUAL JOSE FERNANDES DA SILVA";"PERIMETRAL NORTE, 1037, AGUA FRIA"
"05/10/2026";"06:29:34";2026;"04/10/2026";"1º Turno";1;"AP";"06092";"OIAPOQUE";4;56;1;"Principal";-1;1120;"CAMPUS UNIVERSITÁRIO BINACIONAL - UNIFAP";1;"Convencional";"BR 156 - KM 01";"UNIVERSIDADE";"68980000";"-1";"3,83941796";"-51,81908173";1;"ATIVO";-1;"ATIVO";1;"ATIVO";1;"Ativo";"0";"Sem acessibilidade";276;274;274;0;1120;"CAMPUS UNIVERSITÁRIO BINACIONAL - UNIFAP";"BR 156 - KM 01"
"05/10/2026";"06:29:34";2026;"04/10/2026";"1º Turno";1;"AP";"06130";"LARANJAL DO JARI";7;93;1;"Principal";-1;1163;"ESCOLA MUNICIPAL JOÃO QUEIROGA DE SOUZA";1;"Convencional";"RUA DA USINA, N. 1118";"MALVINAS";"68920000";"36211913";"-,853397";"-52,5389456";1;"ATIVO";-1;"ATIVO";1;"ATIVO";1;"Ativo";"0";"Sem acessibilidade";165;165;165;0;1163;"ESCOLA MUNICIPAL JOÃO QUEIROGA DE SOUZA";"RUA DA USINA, N. 1118"
"05/10/2026";"06:29:34";2026;"04/10/2026";"1º Turno";1;"AP";"06033";"CALÇOENE";1;59;1;"Principal";-1;1023;"ESCOLA ESTADUAL LOBO D ALMADA";1;"Convencional";"AV PADRE MARCOS, N. 727";"CENTRO";"68960000";"-1";"2,4928043";"-50,9508726";1;"ATIVO";-1;"ATIVO";1;"ATIVO";1;"Ativo";"0";"Sem acessibilidade";275;273;273;0;1023;"ESCOLA ESTADUAL LOBO D ALMADA";"AV PADRE MARCOS, N. 727"
"05/10/2026";"06:29:34";2026;"04/10/2026";"1º Turno";1;"AP";"06050";"MACAPÁ";10;324;1;"Principal";-1;1279;"ESCOLA ESTADUAL MARIA DO CARMO VIANA DOS ANJOS";1;"Convencional";"RUA FRANCISCO ALVES CORRÊA, 30, JARDIM FELICIDADE II";"JARDIM FELICIDADE II";"68900000";"991296548";",0968478";"-51,056575";1;"ATIVO";-1;"ATIVO";1;"ATIVO";1;"Ativo";"0";"Sem acessibilidade";350;350;350;0;1279;"ESCOLA ESTADUAL MARIA DO CARMO VIANA DOS ANJOS";"RUA FRANCISCO ALVES CORRÊA, 30, JARDIM FELICIDADE II"
"05/10/2026";"06:29:34";2026;"04/10/2026";"1º Turno";1;"AP";"06130";"LARANJAL DO JARI";7;131;1;"Principal";-1;1287;"ESCOLA ESTADUAL BOM AMIGO MANOEL MANDI";1;"Convencional";"AV. VIOLETA S/N";"LOTEAMENTO SARNEY";"68920000";"+5596991210208";"-,8224539";"-52,5053175";1;"ATIVO";-1;"ATIVO";1;"ATIVO";1;"Ativo";"0";"Sem acessibilidade";371;370;370;0;1287;"ESCOLA ESTADUAL BOM AMIGO MANOEL MANDI";"AV. VIOLETA S/N"
"05/10/2026";"06:29:34";2026;"04/10/2026";"1º Turno";1;"AP";"06050";"MACAPÁ";10;160;1;"Principal";-1;1430;"ESCOLA MUNICIPAL BENEDITA TAVARES";1;"Convencional";"RUA CATANZAL, 232";"VILA DO CANTANZAL";"68912800";"984136539";",8030768";"-50,6889128";1;"ATIVO";-1;"ATIVO";1;"ATIVO";1;"Ativo";"0";"Sem acessibilidade";171;345;345;0;1430;"ESCOLA MUNICIPAL BENEDITA TAVARES";"RUA CATANZAL, 232"
"05/10/2026";"06:29:34";2026;"04/10/2026";"1º Turno";1;"AP";"06076";"MAZAGÃO";5;33;1;"Principal";-1;1147;"ESCOLA MUNICIPAL BARRO ALTO";1;"Convencional";"RIO MARACÁ";"VILA BARRO ALTO DO MARACA";"68940000";"-1";"-,2974311";"-51,5943125";1;"ATIVO";-1;"ATIVO";1;"ATIVO";1;"Ativo";"0";"Sem acessibilidade";67;67;67;0;1147;"ESCOLA MUNICIPAL BARRO ALTO";"RIO MARACÁ"
"05/10/2026";"06:29:34";2026;"04/10/2026";"1º Turno";1;"AP";"06130";"LARANJAL DO JARI";7;115;1;"Principal";-1;1040;"ESCOLA ESTADUAL SONIA HENRIQUES BARRETO";1;"Convencional";"AVENIDA TANCREDO NEVES, N. 1174";"CENTRO";"68920000";"36211459";"-,8538408";"-52,5388352";1;"ATIVO";-1;"ATIVO";1;"ATIVO";1;"Ativo";"0";"Sem acessibilidade";267;266;266;0;1040;"ESCOLA ESTADUAL SONIA HENRIQUES BARRETO";"AVENIDA TANCREDO NEVES, N. 1174"
"05/10/2026";"06:29:34";2026;"04/10/2026";"1º Turno";1;"AP";"06050";"MACAPÁ";2;359;1;"Principal";-1;2313;"ESCOLA MUNICIPAL DE ENSINO FUNDAMENTAL ANTONIO BARBOSA";1;"Convencional";"RUA NOVO HORIZONTE, 153";"SANTA INES";"68900000";"+5596988052658";",01499";"-51,0577573";1;"ATIVO";-1;"ATIVO";1;"ATIVO";1;"Ativo";"0";"Sem acessibilidade";157;158;158;0;2313;"ESCOLA MUNICIPAL DE ENSINO FUNDAMENTAL ANTONIO BARBOSA";"RUA NOVO HORIZONTE, 153"
"05/10/2026";"06:29:34";2026;"04/10/2026";"1º Turno";1;"AP";"06050";"MACAPÁ";14;23;1;"Principal";-1;1058;"E. E. PROFª DEUZUITE CAVALCANTE";1;"Convencional";"AV. JOSÉ TUPINAMBÁ, 556, PERPÉTUO SOCORRO";"PERPETUO SOCORRO";"68900000";"991416677";",0457954";"-51,0448561";1;"ATIVO";-1;"ATIVO";1;"ATIVO";1;"Ativo";"0";"Sem acessibilidade";389;389;389;0;1058;"E. E. PROFª DEUZUITE CAVALCANTE";"AV. JOSÉ TUPINAMBÁ, 556, PERPÉTUO SOCORRO"
"05/10/2026";"06:29:34";2026;"04/10/2026";"1º Turno";1;"AP";"06050";"MACAPÁ";10;443;1;"Principal";-1;1848;"ESCOLA ESTADUAL PROFESSOR. CARLOS ALBERTO VIANA MARQUES";1;"Convencional";"CONJUNTO HABITACIONAL MIRACEMA - BLOCO 24";"conjunto miracema";"68908911";"00000";",0581829";"-51,0950666";1;"ATIVO";-1;"ATIVO";1;"ATIVO";1;"Ativo";"0";"Sem acessibilidade";295;296;296;0;1848;"ESCOLA ESTADUAL PROFESSOR. CARLOS ALBERTO VIANA MARQUES";"CONJUNTO HABITACIONAL MIRACEMA - BLOCO 24"
"05/10/2026";"06:29:34";2026;"04/10/2026";"1º Turno";1;"AP";"06157";"SANTANA";6;243;1;"Principal";-1;1295;"E.E. FOZ DO RIO PIRATIVA";1;"Convencional";"COMUNIDADE SÃO RAIMUNDO DO PIRATIVA";"SÃO RAIMUNDO DO PIRATIVA";"68925001";"96991137367";",0382516";"-51,2512599";1;"ATIVO";-1;"ATIVO";1;"ATIVO";1;"Ativo";"0";"Sem acessibilidade";239;241;241;0;1295;"E.E. FOZ DO RIO PIRATIVA";"COMUNIDADE SÃO RAIMUNDO DO PIRATIVA"
"05/10/2026";"06:29:34";2026;"04/10/2026";"1º Turno";1;"AP";"06157";"SANTANA";6;157;1;"Principal";-1;1260;"ESCOLA ESTADUAL SÃO JOÃO APÓSTOLO";1;"Convencional";"AV. MARIA COLARES, 1905";"NOVA BRASÍLIA I";"68927229";"32831015";"-,0369626";"-51,1661291";1;"ATIVO";-1;"ATIVO";1;"ATIVO";1;"Ativo";"0";"Sem acessibilidade";212;210;210;0;1260;"ESCOLA ESTADUAL SÃO JOÃO APÓSTOLO";"AV. MARIA COLARES, 1905"
"05/10/2026";"06:29:34";2026;"04/10/2026";"1º Turno";1;"AP";"06157";"SANTANA";6;188;1;"Principal";-1;1287;"E.E. RODOVAL BORGES SILVA";1;"Convencional";"TRAVESSA L-8, 05";"FONTE NOVA";"68925000";"3283 1213";"-,01659399";"-51,17809187";1;"ATIVO";-1;"ATIVO";1;"ATIVO";1;"Ativo";"0";"Sem acessibilidade";372;369;369;0;1287;"E.E. RODOVAL BORGES SILVA";"TRAVESSA L-8, 05"
"05/10/2026";"06:29:34";2026;"04/10/2026";"1º Turno";1;"AP";"06106";"SERRA DO NAVIO";11;14;1;"Principal";-1;1031;"ESCOLA ESTADUAL SETE DE SETEMBRO";1;"Convencional";"VILA CACHACO, SN";"COMUNIDADE DO CACHACO";"68914000";"-1";"-1";"-1";1;"ATIVO";-1;"ATIVO";1;"ATIVO";1;"Ativo";"1";"Com acessibilidade";340;340;340;0;1031;"ESCOLA ESTADUAL SETE DE SETEMBRO";"VILA CACHACO, SN"
"05/10/2026";"06:29:34";2026;"04/10/2026";"1º Turno";1;"AP";"06157";"SANTANA";6;196;1;"Principal";-1;1198;"E.E. FONTE NOVA";1;"Convencional";"AV. DOM PEDRO I, 4286";"FONTE NOVA";"68928163";"3281 3288";"-,01910818";"-51,16939163";1;"ATIVO";-1;"ATIVO";1;"ATIVO";1;"Ativo";"0";"Sem acessibilidade";291;289;289;0;1198;"E.E. FONTE NOVA";"AV. DOM PEDRO I, 4286"
"05/10/2026";"06:29:34";2026;"04/10/2026";"1º Turno";1;"AP";"06050";"MACAPÁ";2;902;1;"Principal";-1;1090;"ESCOLA ESTADUAL DR.COARACY NUNES";1;"Convencional";"AV MENDONCA JUNIOR          1651         CENTRO";"CENTRO";"68900000";"+5596981025968";",0338216";"-51,0647025";1;"ATIVO";-1;"ATIVO";1;"ATIVO";1;"Ativo";"0";"Sem acessibilidade";288;287;287;0;1090;"ESCOLA ESTADUAL DR.COARACY NUNES";"AV MENDONCA JUNIOR          1651         CENTRO"
"05/10/2026";"06:29:34";2026;"04/10/2026";"1º Turno";1;"AP";"06157";"SANTANA";6;145;1;"Principal";-1;1252;"E.E. SAO BENTO";1;"Convencional";"RUA GENERAL EMILIO GARRASTAZU MEDICI, 844";"PARAÍSO";"68925000";"3281 4179";"-,03030393";"-51,17387979";1;"ATIVO";-1;"ATIVO";1;"ATIVO";1;"Ativo";"0";"Sem acessibilidade";312;312;312;0;1252;"E.E. SAO BENTO";"RUA GENERAL EMILIO GARRASTAZU MEDICI, 844"
"05/10/2026";"06:29:34";2026;"04/10/2026";"1º Turno";1;"AP";"06050";"MACAPÁ";14;62;1;"Principal";-1;1104;"EEEF ARACARY CORREA ALVES";1;"Convencional";"RUA RIO JAVARI, N 23";"PERPETUO SOCORRO";"68900000";"-1";",0439533";"-51,0487376";1;"ATIVO";-1;"ATIVO";1;"ATIVO";1;"Ativo";"0";"Sem acessibilidade";341;341;341;0;1104;"EEEF ARACARY CORREA ALVES";"RUA RIO JAVARI, N 23"
"05/10/2026";"06:29:34";2026;"04/10/2026";"1º Turno";1;"AP";"06076";"MAZAGÃO";5;34;1;"Principal";-1;1392;"ESCOLA MUNICIPAL PORÇÃO DO RIO PRETO";1;"Convencional";"PORÇÃO DO RIO PRETO";"poçao do rio preto";"68940000";"-1";"-,3346696";"-51,4627024";1;"ATIVO";-1;"ATIVO";1;"ATIVO";1;"Ativo";"0";"Sem acessibilidade";195;195;195;0;1392;"ESCOLA MUNICIPAL PORÇÃO DO RIO PRETO";"PORÇÃO DO RIO PRETO"
"05/10/2026";"06:29:34";2026;"04/10/2026";"1º Turno";1;"AP";"06050";"MACAPÁ";14;44;1;"Principal";-1;1694;"ESCOLA APAE";4;"Temporário";"AV. PARAÍBA, 168";"PACOVAL";"68908280";"96991999118";"-1";"-1";1;"ATIVO";-1;"ATIVO";1;"ATIVO";1;"Ativo";"0";"Sem acessibilidade";352;351;351;0;1082;"E.M.E.F. JOSE DUARTE DE AZEVEDO";"RUA SAO PAULO, 670"
"05/10/2026";"06:29:34";2026;"04/10/2026";"1º Turno";1;"AP";"06050";"MACAPÁ";2;175;1;"Principal";-1;1295;"ESCOLA ESTADUAL JOSÉ DO PATROCINIO";1;"Convencional";"RUA DO ESTALEIRO, 203, FAZENDINHA ";"DISTRITO DE FAZENDINHA";"68911465";"00000000";"-,0541101";"-51,1131405";1;"ATIVO";-1;"ATIVO";1;"ATIVO";1;"Ativo";"0";"Sem acessibilidade";257;257;257;0;1295;"ESCOLA ESTADUAL JOSÉ DO PATROCINIO";"RUA DO ESTALEIRO, 203, FAZENDINHA "
"05/10/2026";"06:29:34";2026;"04/10/2026";"1º Turno";1;"AP";"06050";"MACAPÁ";2;402;1;"Principal";-1;1848;"ESCOLA ESTADUAL PROFº ANTONIO CASTRO MONTEIRO";1;"Convencional";"AV. DOM JOSE MARITANO         700";"ZERAO";"68900000";"+5596984136039";"-,0018708";"-51,097023";1;"ATIVO";-1;"ATIVO";1;"ATIVO";1;"Ativo";"0";"Sem acessibilidade";340;341;341;0;1848;"ESCOLA ESTADUAL PROFº ANTONIO CASTRO MONTEIRO";"AV. DOM JOSE MARITANO         700"
"05/10/2026";"06:29:34";2026;"04/10/2026";"1º Turno";1;"AP";"06157";"SANTANA";6;229;1;"Principal";-1;1333;"ESCOLA MUNICIPAL GENTILA ANSELMO NOBRE";1;"Convencional";"RUA EVERALDO VASCONCELOS, 365";"FONTE NOVA";"68925000";"-1";"-,02133618";"-51,1769795";1;"ATIVO";-1;"ATIVO";1;"ATIVO";1;"Ativo";"1";"Com acessibilidade";298;298;298;0;1333;"ESCOLA MUNICIPAL GENTILA ANSELMO NOBRE";"RUA EVERALDO VASCONCELOS, 365"
"05/10/2026";"06:29:34";2026;"04/10/2026";"1º Turno";1;"AP";"06157";"SANTANA";6;72;1;"Principal";-1;1023;"E.E. OSVALDINA FERREIRA DA SILVA";1;"Convencional";"RUA PETER VAN SCHUPEMBERG, 90";"ILHA DE SANTANA";"68925000";"+559632841170";"-1";"-1";1;"ATIVO";-1;"ATIVO";1;"ATIVO";1;"Ativo";"1";"Com acessibilidade";371;370;370;0;1023;"E.E. OSVALDINA FERREIRA DA SILVA";"RUA PETER VAN SCHUPEMBERG, 90"
"05/10/2026";"06:29:34";2026;"04/10/2026";"1º Turno";1;"AP";"06050";"MACAPÁ";2;605;1;"Principal";-1;2356;"ESCOLA ESTADUAL GONÇALVES DIAS";1;"Convencional";"RUA SANTOS DUMONT     BURITIZAL      N° 121";"BURITIZAL";"68902880";"+5596991451429";",0203216";"-51,073305";1;"ATIVO";-1;"ATIVO";1;"ATIVO";1;"Ativo";"0";"Sem acessibilidade";315;314;314;0;2356;"ESCOLA ESTADUAL GONÇALVES DIAS";"RUA SANTOS DUMONT     BURITIZAL      N° 121"
"05/10/2026";"06:29:34";2026;"04/10/2026";"1º Turno";1;"AP";"06122";"VITÓRIA DO JARI";7;164;1;"Principal";-1;1082;"ESCOLA MUNICIPAL ÁLVARO MARQUES GONÇALVES";1;"Convencional";"PAS JOSÉ SIMEÃO DE SOUZA - 1361";"MINA";"68924000";"+5509636221243";"-,9193051";"-52,4146888";1;"ATIVO";-1;"ATIVO";1;"ATIVO";1;"Ativo";"0";"Sem acessibilidade";213;213;213;0;1082;"ESCOLA MUNICIPAL ÁLVARO MARQUES GONÇALVES";"PAS JOSÉ SIMEÃO DE SOUZA - 1361"
"05/10/2026";"06:29:34";2026;"04/10/2026";"1º Turno";1;"AP";"06122";"VITÓRIA DO JARI";7;142;1;"Principal";-1;1015;"ESCOLA ESTADUAL MUNGUBA DO JARI";1;"Convencional";"PASSARELA PRINCIPAL JOSÉ SEMEÃO DE SOUZA, N. 473";"PRAINHA";"68920000";"36221244";"-,9292493";"-52,4277488";5;"BLOQUEADO";-1;"ATIVO";1;"ATIVO";1;"Ativo";"0";"Sem acessibilidade";183;183;183;0;1015;"ESCOLA ESTADUAL MUNGUBA DO JARI";"PASSARELA PRINCIPAL JOSÉ SEMEÃO DE SOUZA, N. 473"
"05/10/2026";"06:29:34";2026;"04/10/2026";"1º Turno";1;"AP";"06033";"CALÇOENE";1;70;1;"Principal";-1;1074;"ESCOLA ESTADUAL AMARO BRASILINO  DE FARIAS FILHO";1;"Convencional";"AVENIDA EULÁLIO MODESTO, N 2408";"BEIRA RIO";"68960000";"34231417";"2,49220243";"-50,9470054";1;"ATIVO";-1;"ATIVO";1;"ATIVO";1;"Ativo";"0";"Sem acessibilidade";262;261;261;0;1074;"ESCOLA ESTADUAL AMARO BRASILINO  DE FARIAS FILHO";"AVENIDA EULÁLIO MODESTO, N 2408"
"05/10/2026";"06:29:34";2026;"04/10/2026";"1º Turno";1;"AP";"06050";"MACAPÁ";2;403;1;"Principal";-1;2151;"ESCOLA ESTADUAL RAIMUNDA VIRGOLINO";1;"Convencional";"RUA VILA DOS OLIVEIRAS, 837";"PEDRINHAS";"68903095";"32125268";",00756662";"-51,06437555";1;"ATIVO";-1;"ATIVO";1;"ATIVO";1;"Ativo";"0";"Sem acessibilidade";220;219;219;0;2151;"ESCOLA ESTADUAL RAIMUNDA VIRGOLINO";"RUA VILA DOS OLIVEIRAS, 837"
"05/10/2026";"06:29:34";2026;"04/10/2026";"1º Turno";1;"AP";"06050";"MACAPÁ";2;702;1;"Principal";-1;2267;"ESCOLA ESTADUAL PROFª MARIA DE NAZARÉ PEREIRA VASCONCELOS";1;"Convencional";"RUA VILA DAS OLIVEIRAS - 372";"PEDRINHAS";"68900000";"+5596981440137";",0080908";"-51,0648757";1;"ATIVO";-1;"ATIVO";1;"ATIVO";1;"Ativo";"0";"Sem acessibilidade";357;356;356;0;2267;"ESCOLA ESTADUAL PROFª MARIA DE NAZARÉ PEREIRA VASCONCELOS";"RUA VILA DAS OLIVEIRAS - 372"
"05/10/2026";"06:29:34";2026;"04/10/2026";"1º Turno";1;"AP";"06050";"MACAPÁ";10;447;1;"Principal";-1;1899;"ESCOLA MUNICIPAL PROFESSORA ELIANA FLEXA VILHENA";1;"Convencional";"RUA CLODOALDO DA SILVA MATIAS, 1550";"JARDIM FELICIDADE I";"68909067";"-1";",0852289";"-51,0567692";1;"ATIVO";-1;"ATIVO";1;"ATIVO";1;"Ativo";"1";"Com acessibilidade";186;190;190;0;1899;"ESCOLA MUNICIPAL PROFESSORA ELIANA FLEXA VILHENA";"RUA CLODOALDO DA SILVA MATIAS, 1550"
"05/10/2026";"06:29:34";2026;"04/10/2026";"1º Turno";1;"AP";"06092";"OIAPOQUE";4;66;1;"Principal";-1;1040;"ESCOLA DE PRIMEIRO GRAU MANGA";1;"Convencional";"ALDEIA MANGA";"ALDEIA MANGA";"68980000";"-1";"3,72512803";"-51,72036655";1;"ATIVO";-1;"ATIVO";1;"ATIVO";1;"Ativo";"0";"Sem acessibilidade";268;268;268;0;1040;"ESCOLA DE PRIMEIRO GRAU MANGA";"ALDEIA MANGA"
"05/10/2026";"06:29:34";2026;"04/10/2026";"1º Turno";1;"AP";"06050";"MACAPÁ";14;252;1;"Principal";-1;1350;"ESCOLA ESTADUAL PREDICANDA CARNEIRO AMORIM LOPES";1;"Convencional";"RUA RIO GRANDE DO SUL                     131";"SANTA RITA";"68900000";"+5596991555522";",0384932";"-51,0808658";1;"ATIVO";-1;"ATIVO";1;"ATIVO";1;"Ativo";"1";"Com acessibilidade";362;357;357;0;1350;"ESCOLA ESTADUAL PREDICANDA CARNEIRO AMORIM LOPES";"RUA RIO GRANDE DO SUL                     131"
"05/10/2026";"06:29:34";2026;"04/10/2026";"1º Turno";1;"AP";"06050";"MACAPÁ";14;378;1;"Principal";-1;1546;"UNIVERSIDADE DO ESTADO DO AMAPÁ - UEAP";1;"Convencional";"AV PRESIDENTE VARGAS,650";"CENTRO";"68900070";"+5596991119207";",0383042";"-51,0555888";1;"ATIVO";-1;"ATIVO";1;"ATIVO";1;"Ativo";"0";"Sem acessibilidade";200;200;200;0;1546;"UNIVERSIDADE DO ESTADO DO AMAPÁ - UEAP";"AV PRESIDENTE VARGAS,650"
"05/10/2026";"06:29:34";2026;"04/10/2026";"1º Turno";1;"AP";"06130";"LARANJAL DO JARI";7;99;1;"Principal";-1;1163;"ESCOLA MUNICIPAL JOÃO QUEIROGA DE SOUZA";1;"Convencional";"RUA DA USINA, N. 1118";"MALVINAS";"68920000";"36211913";"-,853397";"-52,5389456";1;"ATIVO";-1;"ATIVO";1;"ATIVO";1;"Ativo";"0";"Sem acessibilidade";165;165;165;0;1163;"ESCOLA MUNICIPAL JOÃO QUEIROGA DE SOUZA";"RUA DA USINA, N. 1118"
"05/10/2026";"06:29:34";2026;"04/10/2026";"1º Turno";1;"AP";"06050";"MACAPÁ";2;743;1;"Principal";-1;2321;"ESCOLA ESTADUAL PROFª NANCI NINA COSTA";1;"Convencional";"AV. INSPETOR AIMORÉ, 1331";"ZERAO";"68900000";"+5596981452190";",0015588";"-51,0873044";1;"ATIVO";-1;"ATIVO";1;"ATIVO";1;"Ativo";"0";"Sem acessibilidade";381;380;380;0;2321;"ESCOLA ESTADUAL PROFª NANCI NINA COSTA";"AV. INSPETOR AIMORÉ, 1331"
"05/10/2026";"06:29:34";2026;"04/10/2026";"1º Turno";1;"AP";"06050";"MACAPÁ";14;45;1;"Principal";-1;1694;"ESCOLA APAE";4;"Temporário";"AV. PARAÍBA, 168";"PACOVAL";"68908280";"96991999118";"-1";"-1";1;"ATIVO";-1;"ATIVO";1;"ATIVO";1;"Ativo";"0";"Sem acessibilidade";355;355;355;0;1082;"E.M.E.F. JOSE DUARTE DE AZEVEDO";"RUA SAO PAULO, 670"
"05/10/2026";"06:29:34";2026;"04/10/2026";"1º Turno";1;"AP";"06157";"SANTANA";6;71;1;"Principal";-1;1139;"E.E. ALBERTO SANTOS DUMONT (ELESBÃO)";1;"Convencional";"RAMAL DA OLARIA, 286";"ELESBÃO";"68925000";"3281 1191";"-,04720407";"-51,18649262";1;"ATIVO";-1;"ATIVO";1;"ATIVO";1;"Ativo";"0";"Sem acessibilidade";360;362;362;0;1139;"E.E. ALBERTO SANTOS DUMONT (ELESBÃO)";"RAMAL DA OLARIA, 286"
"05/10/2026";"06:29:34";2026;"04/10/2026";"1º Turno";1;"AP";"06114";"FERREIRA GOMES";12;54;1;"Principal";-1;1066;"CRECHE MUNICIPAL SARAH SALOMÃO";4;"Temporário";"AVENIDA MANOEL LINO LEAL, S/N";"MONTANHA";"68915000";"-1";"-1";"-1";1;"ATIVO";-1;"ATIVO";1;"ATIVO";1;"Ativo";"1";"Com acessibilidade";362;361;361;0;1031;"ESCOLA MUNICIPAL JOÃO FREIRE CORDEIRO";"AV. MANOEL LINO LEAL, 925"
"05/10/2026";"06:29:34";2026;"04/10/2026";"1º Turno";1;"AP";"06050";"MACAPÁ";10;191;1;"Principal";-1;1546;"ESCOLA ESTADUAL PROFESSORA MARIA CAVALCANTE DE AZEVEDO PICANÇO";1;"Convencional";"RUA CAJUEIRO, 543, BRASIL NOVO";"BRASIL NOVO";"68909312";"991495422";",0920931";"-51,0860936";1;"ATIVO";-1;"ATIVO";1;"ATIVO";1;"Ativo";"0";"Sem acessibilidade";388;387;387;0;1546;"ESCOLA ESTADUAL PROFESSORA MARIA CAVALCANTE DE AZEVEDO PICANÇO";"RUA CAJUEIRO, 543, BRASIL NOVO"
"05/10/2026";"06:29:34";2026;"04/10/2026";"1º Turno";1;"AP";"06050";"MACAPÁ";10;466;1;"Principal";-1;1970;"ESCOLA ESTADUAL ARIRI";1;"Convencional";"BR 210 - KM 33, NÚMERO 2148";"VILA DO ARIRI";"68900000";"96984001408";",2977347";"-51,1333385";1;"ATIVO";-1;"ATIVO";1;"ATIVO";1;"Ativo";"1";"Com acessibilidade";271;271;271;0;1970;"ESCOLA ESTADUAL ARIRI";"BR 210 - KM 33, NÚMERO 2148"
"05/10/2026";"06:29:34";2026;"04/10/2026";"1º Turno";1;"AP";"06050";"MACAPÁ";2;518;1;"Principal";-1;2151;"ESCOLA ESTADUAL RAIMUNDA VIRGOLINO";1;"Convencional";"RUA VILA DOS OLIVEIRAS, 837";"PEDRINHAS";"68903095";"32125268";",00756662";"-51,06437555";1;"ATIVO";-1;"ATIVO";1;"ATIVO";1;"Ativo";"0";"Sem acessibilidade";219;219;219;0;2151;"ESCOLA ESTADUAL RAIMUNDA VIRGOLINO";"RUA VILA DOS OLIVEIRAS, 837"
"05/10/2026";"06:29:34";2026;"04/10/2026";"1º Turno";1;"AP";"06025";"PORTO GRANDE";12;70;1;"Principal";-1;1074;"ESC. EST. SANTA MARIA";1;"Convencional";"GARIMPO DO VILA NOVA";"GARIMPO DO VILA NOVA";"68997000";"-1";",7018994";"-51,4025828";1;"ATIVO";-1;"ATIVO";1;"ATIVO";1;"Ativo";"0";"Sem acessibilidade";191;379;379;0;1074;"ESC. EST. SANTA MARIA";"GARIMPO DO VILA NOVA"
"05/10/2026";"06:29:34";2026;"04/10/2026";"1º Turno";1;"AP";"06025";"PORTO GRANDE";12;18;1;"Principal";-1;1031;"ESC. EST. CAMPO VERDE";1;"Convencional";"RODOVIA PERIMETRAL NORTE, KM 119, S/N";"CAMPO VERDE";"68997000";"-1";",6768532";"-51,51482237";1;"ATIVO";-1;"ATIVO";1;"ATIVO";1;"Ativo";"1";"Com acessibilidade";314;314;314;0;1031;"ESC. EST. CAMPO VERDE";"RODOVIA PERIMETRAL NORTE, KM 119, S/N"
"05/10/2026";"06:29:34";2026;"04/10/2026";"1º Turno";1;"AP";"06050";"MACAPÁ";14;265;1;"Principal";-1;1368;"ESCOLA ESTADUAL PROF. NILTON BALIEIRO MACHADO";1;"Convencional";"DECIMA QUINTA AVENIDA, S/N (ESQUINA COM A QUINTA RUA)";"MARABAIXO III";"68900000";"+5596991539690";",0441313";"-51,127965";1;"ATIVO";-1;"ATIVO";1;"ATIVO";1;"Ativo";"0";"Sem acessibilidade";388;387;387;0;1368;"ESCOLA ESTADUAL PROF. NILTON BALIEIRO MACHADO";"DECIMA QUINTA AVENIDA, S/N (ESQUINA COM A QUINTA RUA)"
"05/10/2026";"06:29:34";2026;"04/10/2026";"1º Turno";1;"AP";"06050";"MACAPÁ";2;104;1;"Principal";-1;1171;"ESCOLA ESTADUAL PROFª SEBASTIANA LENIR DE ALMEIDA";1;"Convencional";"AV DIOGENES SILVA         123        BURITIZAL";"BURITIZAL";"68902891";"+5596991579520";",0258939";"-51,0728225";1;"ATIVO";-1;"ATIVO";1;"ATIVO";1;"Ativo";"0";"Sem acessibilidade";293;293;293;0;1171;"ESCOLA ESTADUAL PROFª SEBASTIANA LENIR DE ALMEIDA";"AV DIOGENES SILVA         123        BURITIZAL"
"05/10/2026";"06:29:34";2026;"04/10/2026";"1º Turno";1;"AP";"06076";"MAZAGÃO";5;63;1;"Principal";-1;1228;"ESCOLA ESTADUAL DOM PEDRO I";1;"Convencional";"AV INTENDENTE ALFREDO PINTO, 1205";"CENTRO";"68930000";"-1";"-,11608132";"-51,28560926";1;"ATIVO";-1;"ATIVO";1;"ATIVO";1;"Ativo";"1";"Com acessibilidade";234;234;234;0;1228;"ESCOLA ESTADUAL DOM PEDRO I";"AV INTENDENTE ALFREDO PINTO, 1205"
"05/10/2026";"06:29:34";2026;"04/10/2026";"1º Turno";1;"AP";"06157";"SANTANA";6;80;1;"Principal";-1;1112;"E.E. ALMIRANTE BARROSO";1;"Convencional";"AV. 7 DE SETEMBRO, 533";"COMERCIAL";"68925108";"3281 3018";"-,04850279";"-51,17737876";1;"ATIVO";-1;"ATIVO";1;"ATIVO";1;"Ativo";"1";"Com acessibilidade";290;290;290;0;1112;"E.E. ALMIRANTE BARROSO";"AV. 7 DE SETEMBRO, 533"
"05/10/2026";"06:29:34";2026;"04/10/2026";"1º Turno";1;"AP";"06050";"MACAPÁ";2;894;1;"Principal";-1;2690;"ESCOLA MUNICIPAL DE ENSINO FUNDAMENTAL HILDEMAR MAIA";1;"Convencional";"AV CONEGO DOMINGOS MALTEZ                            SN";"TREM";"68900000";"5596981166806";",028695";"-51,0593602";1;"ATIVO";-1;"ATIVO";1;"ATIVO";1;"Ativo";"0";"Sem acessibilidade";211;212;212;0;2690;"ESCOLA MUNICIPAL DE ENSINO FUNDAMENTAL HILDEMAR MAIA";"AV CONEGO DOMINGOS MALTEZ                            SN"
"05/10/2026";"06:29:34";2026;"04/10/2026";"1º Turno";1;"AP";"06050";"MACAPÁ";14;55;1;"Principal";-1;1090;"E.M.E.I.  MUNDO DA CRIANÇA";1;"Convencional";"AV. PARAIBA - 201";"PACOVAL";"68908280";"991223819";",057793";"-51,0545661";1;"ATIVO";-1;"ATIVO";1;"ATIVO";1;"Ativo";"0";"Sem acessibilidade";314;315;315;0;1090;"E.M.E.I.  MUNDO DA CRIANÇA";"AV. PARAIBA - 201"
"05/10/2026";"06:29:34";2026;"04/10/2026";"1º Turno";1;"AP";"06157";"SANTANA";6;129;1;"Principal";-1;1155;"E.E. PROF. FRANCISCO WALCY LOBATO LIMA";1;"Convencional";"AV. MARIA COLARES, 1940";"NOVA BRASÍLIA I";"68927299";"3283 2601";"-,0365765";"-51,1660317";1;"ATIVO";-1;"ATIVO";1;"ATIVO";1;"Ativo";"0";"Sem acessibilidade";301;300;300;0;1155;"E.E. PROF. FRANCISCO WALCY LOBATO LIMA";"AV. MARIA COLARES, 1940"
"05/10/2026";"06:29:34";2026;"04/10/2026";"1º Turno";1;"AP";"06050";"MACAPÁ";2;942;1;"Principal";-1;2739;"ESCOLA ESTADUAL COELHO NETO";1;"Convencional";"AV CLODOVIO COELHO                   124";"BURITIZAL";"68905160";"+5596991197151";",0245373";"-51,0765101";1;"ATIVO";-1;"ATIVO";1;"ATIVO";1;"Ativo";"0";"Sem acessibilidade";218;220;220;0;2739;"ESCOLA ESTADUAL COELHO NETO";"AV CLODOVIO COELHO                   124"
"05/10/2026";"06:29:34";2026;"04/10/2026";"1º Turno";1;"AP";"06050";"MACAPÁ";2;928;1;"Principal";-1;2720;"ESCOLA ESTADUAL DR.ALEXANDRE VAZ TAVARES";1;"Convencional";"AV FELICIANO COELHO                                SN";"TREM";"68900000";"+5596984097424";",0294743";"-51,0595886";1;"ATIVO";-1;"ATIVO";1;"ATIVO";1;"Ativo";"0";"Sem acessibilidade";330;327;327;0;2720;"ESCOLA ESTADUAL DR.ALEXANDRE VAZ TAVARES";"AV FELICIANO COELHO                                SN"
"05/10/2026";"06:29:34";2026;"04/10/2026";"1º Turno";1;"AP";"06114";"FERREIRA GOMES";12;65;1;"Principal";-1;1040;"ESCOLA MUNICIPAL PASTOR JACI TORQUATO";1;"Convencional";"AV COSTA E SILVA, 1002";"CENTRO";"68915000";"-1";",8526622";"-51,18396644";1;"ATIVO";-1;"ATIVO";1;"ATIVO";1;"Ativo";"1";"Com acessibilidade";248;249;249;0;1040;"ESCOLA MUNICIPAL PASTOR JACI TORQUATO";"AV COSTA E SILVA, 1002"
"05/10/2026";"06:29:34";2026;"04/10/2026";"1º Turno";1;"AP";"06157";"SANTANA";6;236;1;"Principal";-1;1392;"ESCOLA ESTADUAL PADRE SIMAO CORRIDORI";1;"Convencional";"RUA CLAUDIO LUCIO MONTEIRO, 1737";"REMEDIOS II";"68925000";"-1";"-,0533839";"-51,1636298";1;"ATIVO";-1;"ATIVO";1;"ATIVO";1;"Ativo";"0";"Sem acessibilidade";287;287;287;0;1392;"ESCOLA ESTADUAL PADRE SIMAO CORRIDORI";"RUA CLAUDIO LUCIO MONTEIRO, 1737"
"05/10/2026";"06:29:34";2026;"04/10/2026";"1º Turno";1;"AP";"06157";"SANTANA";6;190;1;"Principal";-1;1180;"E.E. MARIA CATARINA DANTAS TIBURCIO";1;"Convencional";"AV. MARIA IZABEL PEREIRA DA SILVA, 110";"NOVO HORIZONTE ";"68925000";"3283 2815";"-,0558208";"-51,164729";1;"ATIVO";-1;"ATIVO";1;"ATIVO";1;"Ativo";"0";"Sem acessibilidade";337;337;337;0;1180;"E.E. MARIA CATARINA DANTAS TIBURCIO";"AV. MARIA IZABEL PEREIRA DA SILVA, 110"
"05/10/2026";"06:29:34";2026;"04/10/2026";"1º Turno";1;"AP";"06076";"MAZAGÃO";5;86;1;"Principal";-1;1139;"ESCOLA MUNICIPAL DO RIO ARIRAMBA";1;"Convencional";"VILA RIO ARIRAMBA";"VILA BETEL";"68940000";"-1";"-,5984567";"-51,6283817";1;"ATIVO";-1;"ATIVO";1;"ATIVO";1;"Ativo";"0";"Sem acessibilidade";186;375;375;0;1139;"ESCOLA MUNICIPAL DO RIO ARIRAMBA";"VILA RIO ARIRAMBA"
"05/10/2026";"06:29:34";2026;"04/10/2026";"1º Turno";1;"AP";"06173";"TARTARUGALZINHO";8;37;1;"Principal";-1;1244;"E.E PROFESSORA MARIA JOSÉ DE NAZARÉ FERREIRA LIMA";1;"Convencional";"RUA MÃE VERÔNICA, 767";"CENTRO";"68990000";"88088926";"1,50622058";"-50,91279023";1;"ATIVO";-1;"ATIVO";1;"ATIVO";1;"Ativo";"0";"Sem acessibilidade";325;322;322;0;1244;"E.E PROFESSORA MARIA JOSÉ DE NAZARÉ FERREIRA LIMA";"RUA MÃE VERÔNICA, 767"
"05/10/2026";"06:29:34";2026;"04/10/2026";"1º Turno";1;"AP";"06050";"MACAPÁ";14;237;1;"Principal";-1;1341;"ESCOLA ESTADUAL MARIA DO SOCORRO ANDRADE SMITH";1;"Convencional";"CONJUNTO CABRALZINHO                  CABRALZINHO        SN";"CABRALZINHO";"68900000";"32611826";",0317255";"-51,1158339";1;"ATIVO";-1;"ATIVO";1;"ATIVO";1;"Ativo";"1";"Com acessibilidade";354;354;354;0;1341;"ESCOLA ESTADUAL MARIA DO SOCORRO ANDRADE SMITH";"CONJUNTO CABRALZINHO                  CABRALZINHO        SN"
"05/10/2026";"06:29:34";2026;"04/10/2026";"1º Turno";1;"AP";"06106";"SERRA DO NAVIO";11;8;1;"Principal";-1;1015;"ESCOLA ESTADUAL DOUTOR HERMELINO HERBSTER GUSMAO";1;"Convencional";"BC7, 589, SERRA DO NAVIO";"CENTRO";"68900000";"-1";"-1";"-1";1;"ATIVO";-1;"ATIVO";1;"ATIVO";1;"Ativo";"0";"Sem acessibilidade";320;317;317;0;1015;"ESCOLA ESTADUAL DOUTOR HERMELINO HERBSTER GUSMAO";"BC7, 589, SERRA DO NAVIO"
"05/10/2026";"06:29:34";2026;"04/10/2026";"1º Turno";1;"AP";"06050";"MACAPÁ";2;368;1;"Principal";-1;1791;"ESCOLA ESTADUAL IRINEU DA GAMA PAES";1;"Convencional";"AV RAIMUNDO CAXIAS DE SOUZA                      SN";"CONGOS";"68900000";"+5596981151638";",0090684";"-51,0934478";1;"ATIVO";-1;"ATIVO";1;"ATIVO";1;"Ativo";"0";"Sem acessibilidade";363;362;362;0;1791;"ESCOLA ESTADUAL IRINEU DA GAMA PAES";"AV RAIMUNDO CAXIAS DE SOUZA                      SN"
"05/10/2026";"06:29:34";2026;"04/10/2026";"1º Turno";1;"AP";"06050";"MACAPÁ";2;871;1;"Principal";-1;2674;"ESCOLA ESTADUAL PROFª MARIA CARMELITA DO CARMO";1;"Convencional";"RUA BARAO DE MAUA, 345";"BURITIZAL";"68900460";"+5596991394217";",0273806";"-51,0750153";1;"ATIVO";-1;"ATIVO";1;"ATIVO";1;"Ativo";"0";"Sem acessibilidade";274;272;272;0;2674;"ESCOLA ESTADUAL PROFª MARIA CARMELITA DO CARMO";"RUA BARAO DE MAUA, 345"
"05/10/2026";"06:29:34";2026;"04/10/2026";"1º Turno";1;"AP";"06050";"MACAPÁ";10;341;1;"Principal";-1;1074;"ESCOLA ESTADUAL PROFESSORA RUTH DE ALMEIDA BEZERRA";1;"Convencional";"RUA ADILSON JOSÉ PINTO PEREIRA 109";"SAO LAZARO";"68908571";"991283485";",0670284";"-51,057224";1;"ATIVO";-1;"ATIVO";1;"ATIVO";1;"Ativo";"0";"Sem acessibilidade";346;343;343;0;1074;"ESCOLA ESTADUAL PROFESSORA RUTH DE ALMEIDA BEZERRA";"RUA ADILSON JOSÉ PINTO PEREIRA 109"
"05/10/2026";"06:29:34";2026;"04/10/2026";"1º Turno";1;"AP";"06050";"MACAPÁ";10;470;1;"Principal";-1;1996;"ESCOLA QUILOMBOLA ESTADUAL ANTÔNIO FIGUEIREDO DA SILVA";1;"Convencional";"BR 156 MACAPA - JARI, KM 21";"Torrão do Matapi";"68900000";"000000";",2324716";"-51,1865224";1;"ATIVO";-1;"ATIVO";1;"ATIVO";1;"Ativo";"1";"Com acessibilidade";206;206;206;0;1996;"ESCOLA QUILOMBOLA ESTADUAL ANTÔNIO FIGUEIREDO DA SILVA";"BR 156 MACAPA - JARI, KM 21"
"05/10/2026";"06:29:34";2026;"04/10/2026";"1º Turno";1;"AP";"06050";"MACAPÁ";2;349;1;"Principal";-1;1139;"ESCOLA ESTADUAL PROFº JOSÉ FIRMO DO NASCIMENTO";1;"Convencional";"AV CLODOVIO COELHO  - 145  - TREM";"BEIROL";"68900000";"+5596981010886";",0232182";"-51,0625066";1;"ATIVO";-1;"ATIVO";1;"ATIVO";1;"Ativo";"0";"Sem acessibilidade";230;230;230;0;1139;"ESCOLA ESTADUAL PROFº JOSÉ FIRMO DO NASCIMENTO";"AV CLODOVIO COELHO  - 145  - TREM"
"05/10/2026";"06:29:34";2026;"04/10/2026";"1º Turno";1;"AP";"06050";"MACAPÁ";14;94;1;"Principal";-1;1147;"EEEF MARIO DAVID ANDREAZZA";1;"Convencional";"RAIMUNDO RAMOS DOS PASSOS 495";"PERPETUO SOCORRO";"68900000";"32125271";",0483913";"-51,0467397";1;"ATIVO";-1;"ATIVO";1;"ATIVO";1;"Ativo";"0";"Sem acessibilidade";394;395;395;0;1147;"EEEF MARIO DAVID ANDREAZZA";"RAIMUNDO RAMOS DOS PASSOS 495"
"05/10/2026";"06:29:34";2026;"04/10/2026";"1º Turno";1;"AP";"06017";"AMAPÁ";1;20;1;"Principal";-1;1171;"ESCOLA MUNICIPAL LOURENÇO BORGES FAÇANHA";1;"Convencional";"JUSCELINO KUBSTCHEK, 119";"VILA NOVA";"68950000";"-1";"2,0533041";"-50,7911965";1;"ATIVO";-1;"ATIVO";1;"ATIVO";1;"Ativo";"0";"Sem acessibilidade";346;345;345;0;1171;"ESCOLA MUNICIPAL LOURENÇO BORGES FAÇANHA";"JUSCELINO KUBSTCHEK, 119"
"05/10/2026";"06:29:34";2026;"04/10/2026";"1º Turno";1;"AP";"06050";"MACAPÁ";14;375;1;"Principal";-1;1546;"UNIVERSIDADE DO ESTADO DO AMAPÁ - UEAP";1;"Convencional";"AV PRESIDENTE VARGAS,650";"CENTRO";"68900070";"+5596991119207";",0383042";"-51,0555888";1;"ATIVO";-1;"ATIVO";1;"ATIVO";1;"Ativo";"0";"Sem acessibilidade";198;195;195;0;1546;"UNIVERSIDADE DO ESTADO DO AMAPÁ - UEAP";"AV PRESIDENTE VARGAS,650"
"05/10/2026";"06:29:34";2026;"04/10/2026";"1º Turno";1;"AP";"06050";"MACAPÁ";14;31;1;"Principal";-1;1066;"E. E. SANTUÁRIO PERPÉTUO SOCORRO";1;"Convencional";"AV. JOSÉ TUPINAMBÁ  113,  PERPÉTUO SOCORRO";"PERPETUO SOCORRO";"68900000";"991005782";",0461677";"-51,0495477";1;"ATIVO";-1;"ATIVO";1;"ATIVO";1;"Ativo";"0";"Sem acessibilidade";348;346;346;0;1066;"E. E. SANTUÁRIO PERPÉTUO SOCORRO";"AV. JOSÉ TUPINAMBÁ  113,  PERPÉTUO SOCORRO"
"05/10/2026";"06:29:34";2026;"04/10/2026";"1º Turno";1;"AP";"06050";"MACAPÁ";14;117;1;"Principal";-1;1171;"EMEF RONDONIA";1;"Convencional";"RUA JOVINO DINOA 741";"JESUS DE NAZARE";"68900000";"-1";",0454089";"-51,059362";1;"ATIVO";-1;"ATIVO";1;"ATIVO";1;"Ativo";"0";"Sem acessibilidade";347;345;345;0;1171;"EMEF RONDONIA";"RUA JOVINO DINOA 741"
"05/10/2026";"06:29:34";2026;"04/10/2026";"1º Turno";1;"AP";"06050";"MACAPÁ";2;491;1;"Principal";-1;1902;"ESCOLA ESTADUAL REINALDO MAURICIO GOLBERT DAMASCENO";1;"Convencional";"AV 13 DE SETEMBRO      S/N";"CUBA DE ASFALTO";"68900000";"+5596981481320";",023435";"-51,0861323";1;"ATIVO";-1;"ATIVO";1;"ATIVO";1;"Ativo";"0";"Sem acessibilidade";383;380;380;0;1902;"ESCOLA ESTADUAL REINALDO MAURICIO GOLBERT DAMASCENO";"AV 13 DE SETEMBRO      S/N"
"05/10/2026";"06:29:34";2026;"04/10/2026";"1º Turno";1;"AP";"06050";"MACAPÁ";2;728;1;"Principal";-1;2267;"ESCOLA ESTADUAL PROFª MARIA DE NAZARÉ PEREIRA VASCONCELOS";1;"Convencional";"RUA VILA DAS OLIVEIRAS - 372";"PEDRINHAS";"68900000";"+5596981440137";",0080908";"-51,0648757";1;"ATIVO";-1;"ATIVO";1;"ATIVO";1;"Ativo";"0";"Sem acessibilidade";346;346;346;0;2267;"ESCOLA ESTADUAL PROFª MARIA DE NAZARÉ PEREIRA VASCONCELOS";"RUA VILA DAS OLIVEIRAS - 372"
"05/10/2026";"06:29:34";2026;"04/10/2026";"1º Turno";1;"AP";"06157";"SANTANA";6;38;1;"Principal";-1;1074;"E.E.T.I.  AUGUSTO ANTUNES";1;"Convencional";"TRAVESSA PEDRO SALVADOR DINIZ, 1631";"NOVA BRASÍLIA I";"68927230";"3281 3067";"-,0440221";"-51,1648759";1;"ATIVO";-1;"ATIVO";1;"ATIVO";1;"Ativo";"0";"Sem acessibilidade";344;341;341;0;1074;"E.E.T.I.  AUGUSTO ANTUNES";"TRAVESSA PEDRO SALVADOR DINIZ, 1631"
"05/10/2026";"06:29:34";2026;"04/10/2026";"1º Turno";1;"AP";"06173";"TARTARUGALZINHO";8;30;1;"Principal";-1;1180;"ESCOLA ESTADUAL ALZIRA DE LIMA SANTOS";1;"Convencional";"RUA GETÚLIO VARGAS, S/N";"PLANALTINA I (NOVO I)";"68990000";"34221200";"1,50689638";"-50,91014865";1;"ATIVO";-1;"ATIVO";1;"ATIVO";1;"Ativo";"0";"Sem acessibilidade";342;338;338;0;1180;"ESCOLA ESTADUAL ALZIRA DE LIMA SANTOS";"RUA GETÚLIO VARGAS, S/N"
"05/10/2026";"06:29:34";2026;"04/10/2026";"1º Turno";1;"AP";"06122";"VITÓRIA DO JARI";7;144;1;"Principal";-1;1015;"ESCOLA ESTADUAL MUNGUBA DO JARI";1;"Convencional";"PASSARELA PRINCIPAL JOSÉ SEMEÃO DE SOUZA, N. 473";"PRAINHA";"68920000";"36221244";"-,9292493";"-52,4277488";5;"BLOQUEADO";-1;"ATIVO";1;"ATIVO";1;"Ativo";"0";"Sem acessibilidade";188;187;187;0;1015;"ESCOLA ESTADUAL MUNGUBA DO JARI";"PASSARELA PRINCIPAL JOSÉ SEMEÃO DE SOUZA, N. 473"
"05/10/2026";"06:29:34";2026;"04/10/2026";"1º Turno";1;"AP";"06050";"MACAPÁ";2;100;2;"Agregada";99;1163;"ESCOLA MUNICIPAL DE ENSINO FUNDAMENTAL RORAIMA";1;"Convencional";"RUA HILDEMAR MAIA ,   2549";"BURITIZAL";"68902870";"000000000";",0239286";"-51,0709472";1;"ATIVO";-1;"ATIVO";1;"ATIVO";1;"Ativo";"0";"Sem acessibilidade";190;0;0;0;1163;"ESCOLA MUNICIPAL DE ENSINO FUNDAMENTAL RORAIMA";"RUA HILDEMAR MAIA ,   2549"
"05/10/2026";"06:29:34";2026;"04/10/2026";"1º Turno";1;"AP";"06050";"MACAPÁ";2;176;1;"Principal";-1;1295;"ESCOLA ESTADUAL JOSÉ DO PATROCINIO";1;"Convencional";"RUA DO ESTALEIRO, 203, FAZENDINHA ";"DISTRITO DE FAZENDINHA";"68911465";"00000000";"-,0541101";"-51,1131405";1;"ATIVO";-1;"ATIVO";1;"ATIVO";1;"Ativo";"1";"Com acessibilidade";256;256;255;0;1295;"ESCOLA ESTADUAL JOSÉ DO PATROCINIO";"RUA DO ESTALEIRO, 203, FAZENDINHA "
"05/10/2026";"06:29:34";2026;"04/10/2026";"1º Turno";1;"AP";"06050";"MACAPÁ";2;526;1;"Principal";-1;1600;"ESCOLA ESTADUAL MÁRIO QUIRINO DA SILVA";1;"Convencional";"RUA CLAUDOMIRO DE MORAIS                    SN";"NOVO BURITIZAL";"68900000";"32125283";",0154748";"-51,0823276";1;"ATIVO";-1;"ATIVO";1;"ATIVO";1;"Ativo";"0";"Sem acessibilidade";247;246;246;0;2046;"ESCOLA ESTADUAL PROFª BENIGNA MOREIRA DE SOUZA";"RUA RAUL MONTEIRO VALDEZ - 1500"
"05/10/2026";"06:29:34";2026;"04/10/2026";"1º Turno";1;"AP";"06157";"SANTANA";6;182;1;"Principal";-1;1260;"ESCOLA ESTADUAL SÃO JOÃO APÓSTOLO";1;"Convencional";"AV. MARIA COLARES, 1905";"NOVA BRASÍLIA I";"68927229";"32831015";"-,0369626";"-51,1661291";1;"ATIVO";-1;"ATIVO";1;"ATIVO";1;"Ativo";"0";"Sem acessibilidade";212;211;211;0;1260;"ESCOLA ESTADUAL SÃO JOÃO APÓSTOLO";"AV. MARIA COLARES, 1905"
"05/10/2026";"06:29:34";2026;"04/10/2026";"1º Turno";1;"AP";"06076";"MAZAGÃO";5;72;1;"Principal";-1;1201;"ESCOLA ESTADUAL FAGUNDES VARELA";1;"Convencional";"RUA JOSE DOS REIS BARRETO, 1313 - CENTRO";"DISTRITO DO CARVAO";"68940000";"-1";"-,184611";"-51,3552501";1;"ATIVO";-1;"ATIVO";1;"ATIVO";1;"Ativo";"0";"Sem acessibilidade";263;263;263;0;1201;"ESCOLA ESTADUAL FAGUNDES VARELA";"RUA JOSE DOS REIS BARRETO, 1313 - CENTRO"
"05/10/2026";"06:29:34";2026;"04/10/2026";"1º Turno";1;"AP";"06157";"SANTANA";6;39;1;"Principal";-1;1074;"E.E.T.I.  AUGUSTO ANTUNES";1;"Convencional";"TRAVESSA PEDRO SALVADOR DINIZ, 1631";"NOVA BRASÍLIA I";"68927230";"3281 3067";"-,0440221";"-51,1648759";1;"ATIVO";-1;"ATIVO";1;"ATIVO";1;"Ativo";"0";"Sem acessibilidade";341;341;341;0;1074;"E.E.T.I.  AUGUSTO ANTUNES";"TRAVESSA PEDRO SALVADOR DINIZ, 1631"
"05/10/2026";"06:29:34";2026;"04/10/2026";"1º Turno";1;"AP";"06092";"OIAPOQUE";4;53;1;"Principal";-1;1171;"ESCOLA ESTADUAL MÁRCIA DO SOCORRO LIMA DE FRANÇA";1;"Convencional";"RUA NORBERTO PENNAFORT, N 713, CENTRO";"CENTRO";"68980000";"-1";"3,84417641";"-51,83236672";1;"ATIVO";-1;"ATIVO";1;"ATIVO";1;"Ativo";"0";"Sem acessibilidade";275;275;275;0;1171;"ESCOLA ESTADUAL MÁRCIA DO SOCORRO LIMA DE FRANÇA";"RUA NORBERTO PENNAFORT, N 713, CENTRO"
"05/10/2026";"06:29:34";2026;"04/10/2026";"1º Turno";1;"AP";"06041";"ITAUBAL";10;464;1;"Principal";-1;1104;"ESCOLA MUNICIPAL JOSÉ ALMEIDA";1;"Convencional";"RUA RAIMUNDO PALMEIRIM FERREIRA";"CENTRO";"68900000";"-1";",602765";"-50,6994147";1;"ATIVO";-1;"ATIVO";1;"ATIVO";1;"Ativo";"0";"Sem acessibilidade";289;289;289;0;1104;"ESCOLA MUNICIPAL JOSÉ ALMEIDA";"RUA RAIMUNDO PALMEIRIM FERREIRA"
"05/10/2026";"06:29:34";2026;"04/10/2026";"1º Turno";1;"AP";"06157";"SANTANA";6;156;1;"Principal";-1;1082;"E.P.G. JOANIRA DEL CASTILO";1;"Convencional";"TV. PEDRO TEIXEIRA, 194";"NOVA BRASÍLIA I";"68927251";"3283 2659";"-,0407868";"-51,1662145";1;"ATIVO";-1;"ATIVO";1;"ATIVO";1;"Ativo";"0";"Sem acessibilidade";257;257;257;0;1082;"E.P.G. JOANIRA DEL CASTILO";"TV. PEDRO TEIXEIRA, 194"
"05/10/2026";"06:29:34";2026;"04/10/2026";"1º Turno";1;"AP";"06157";"SANTANA";6;237;1;"Principal";-1;1341;"ESCOLA ESTADUAL SAO PAULO APOSTOLO";1;"Convencional";"AVENIDA SAO PAULO APOSTOLO, 2384";"PARAÍSO";"68925000";"-1";"-,0356414";"-51,1799226";1;"ATIVO";-1;"ATIVO";1;"ATIVO";1;"Ativo";"0";"Sem acessibilidade";235;232;232;0;1341;"ESCOLA ESTADUAL SAO PAULO APOSTOLO";"AVENIDA SAO PAULO APOSTOLO, 2384"
"05/10/2026";"06:29:34";2026;"04/10/2026";"1º Turno";1;"AP";"06157";"SANTANA";6;221;1;"Principal";-1;1074;"E.E.T.I.  AUGUSTO ANTUNES";1;"Convencional";"TRAVESSA PEDRO SALVADOR DINIZ, 1631";"NOVA BRASÍLIA I";"68927230";"3281 3067";"-,0440221";"-51,1648759";1;"ATIVO";-1;"ATIVO";1;"ATIVO";1;"Ativo";"0";"Sem acessibilidade";342;341;341;0;1074;"E.E.T.I.  AUGUSTO ANTUNES";"TRAVESSA PEDRO SALVADOR DINIZ, 1631"
"05/10/2026";"06:29:34";2026;"04/10/2026";"1º Turno";1;"AP";"06017";"AMAPÁ";1;92;2;"Agregada";79;1309;"ESCOLA MUNICIPAL DO CRUZEIRO";1;"Convencional";"ASSENTAMENTO DO CRUZEIRO";"CRUZEIRO";"68950000";"-1";"1,9935855";"-50,9679392";1;"ATIVO";-1;"ATIVO";1;"ATIVO";1;"Ativo";"0";"Sem acessibilidade";10;0;0;0;1309;"ESCOLA MUNICIPAL DO CRUZEIRO";"ASSENTAMENTO DO CRUZEIRO"
"05/10/2026";"06:29:34";2026;"04/10/2026";"1º Turno";1;"AP";"06050";"MACAPÁ";10;397;1;"Principal";-1;1678;"ESCOLA ESTADUAL RISALVA FREITAS DO AMARAL";1;"Convencional";"AV CECILIA VICENTE DA PAIXÃO, S/N";"PANTANAL";"68907311";"-1";",0710676";"-51,046337";1;"ATIVO";-1;"ATIVO";1;"ATIVO";1;"Ativo";"1";"Com acessibilidade";386;381;381;0;1678;"ESCOLA ESTADUAL RISALVA FREITAS DO AMARAL";"AV CECILIA VICENTE DA PAIXÃO, S/N"
"05/10/2026";"06:29:34";2026;"04/10/2026";"1º Turno";1;"AP";"06050";"MACAPÁ";14;200;1;"Principal";-1;1309;"ESCOLA ESTADUAL GUANABARA";1;"Convencional";"RUA ELIEZER LEVI, 1601";"CENTRO";"68900000";"+5596999339417";",0375666";"-51,0561729";1;"ATIVO";-1;"ATIVO";1;"ATIVO";1;"Ativo";"1";"Com acessibilidade";215;214;214;0;1309;"ESCOLA ESTADUAL GUANABARA";"RUA ELIEZER LEVI, 1601"
"05/10/2026";"06:29:34";2026;"04/10/2026";"1º Turno";1;"AP";"06076";"MAZAGÃO";5;91;1;"Principal";-1;1244;"ESCOLA ESTADUAL MANOEL QUEIROZ BENJAMIM";1;"Convencional";"RUA PRESIDENTE VARGAS, SN";"OLARIA";"68940000";"-1";"-,12342933";"-51,28345931";1;"ATIVO";-1;"ATIVO";1;"ATIVO";1;"Ativo";"0";"Sem acessibilidade";242;242;242;0;1244;"ESCOLA ESTADUAL MANOEL QUEIROZ BENJAMIM";"RUA PRESIDENTE VARGAS, SN"
"05/10/2026";"06:29:34";2026;"04/10/2026";"1º Turno";1;"AP";"06130";"LARANJAL DO JARI";7;90;1;"Principal";-1;1155;"ESCOLA MUNICIPAL PROF. TEREZA TELES";1;"Convencional";"RUA FLORIANO PEIXOTO, N. 1024";"AGRESTE";"68920000";"96991318047";"-,8391003";"-52,5207507";1;"ATIVO";-1;"ATIVO";1;"ATIVO";1;"Ativo";"0";"Sem acessibilidade";187;186;186;0;1155;"ESCOLA MUNICIPAL PROF. TEREZA TELES";"RUA FLORIANO PEIXOTO, N. 1024"
"05/10/2026";"06:29:34";2026;"04/10/2026";"1º Turno";1;"AP";"06050";"MACAPÁ";10;375;1;"Principal";-1;1546;"ESCOLA ESTADUAL PROFESSORA MARIA CAVALCANTE DE AZEVEDO PICANÇO";1;"Convencional";"RUA CAJUEIRO, 543, BRASIL NOVO";"BRASIL NOVO";"68909312";"991495422";",0920931";"-51,0860936";1;"ATIVO";-1;"ATIVO";1;"ATIVO";1;"Ativo";"1";"Com acessibilidade";386;383;383;0;1546;"ESCOLA ESTADUAL PROFESSORA MARIA CAVALCANTE DE AZEVEDO PICANÇO";"RUA CAJUEIRO, 543, BRASIL NOVO"
"05/10/2026";"06:29:34";2026;"04/10/2026";"1º Turno";1;"AP";"06092";"OIAPOQUE";4;22;1;"Principal";-1;1112;"ESCOLA DE PRIMEIRO GRAU DO CASSIPORE";1;"Convencional";"PONTE DO RIO CASSIPORE KM 120";"RODOVIA BR 156";"68980000";"-1";"3,04375433";"-51,46132598";1;"ATIVO";-1;"ATIVO";1;"ATIVO";1;"Ativo";"0";"Sem acessibilidade";140;143;143;0;1112;"ESCOLA DE PRIMEIRO GRAU DO CASSIPORE";"PONTE DO RIO CASSIPORE KM 120"
"05/10/2026";"06:29:34";2026;"04/10/2026";"1º Turno";1;"AP";"06041";"ITAUBAL";10;433;1;"Principal";-1;1104;"ESCOLA MUNICIPAL JOSÉ ALMEIDA";1;"Convencional";"RUA RAIMUNDO PALMEIRIM FERREIRA";"CENTRO";"68900000";"-1";",602765";"-50,6994147";1;"ATIVO";-1;"ATIVO";1;"ATIVO";1;"Ativo";"0";"Sem acessibilidade";291;295;295;0;1104;"ESCOLA MUNICIPAL JOSÉ ALMEIDA";"RUA RAIMUNDO PALMEIRIM FERREIRA"
"05/10/2026";"06:29:34";2026;"04/10/2026";"1º Turno";1;"AP";"06050";"MACAPÁ";14;250;1;"Principal";-1;1350;"ESCOLA ESTADUAL PREDICANDA CARNEIRO AMORIM LOPES";1;"Convencional";"RUA RIO GRANDE DO SUL                     131";"SANTA RITA";"68900000";"+5596991555522";",0384932";"-51,0808658";1;"ATIVO";-1;"ATIVO";1;"ATIVO";1;"Ativo";"1";"Com acessibilidade";355;353;353;0;1350;"ESCOLA ESTADUAL PREDICANDA CARNEIRO AMORIM LOPES";"RUA RIO GRANDE DO SUL                     131"
"05/10/2026";"06:29:34";2026;"04/10/2026";"1º Turno";1;"AP";"06050";"MACAPÁ";10;467;1;"Principal";-1;1988;"ESCOLA ESTADUAL TESSALONICA";1;"Convencional";"VILA TESSALONICA SN";"VILA TESSALONICA";"68900000";"+5596981408001";",3599537";"-51,1239504";1;"ATIVO";-1;"ATIVO";1;"ATIVO";1;"Ativo";"0";"Sem acessibilidade";187;376;376;0;1988;"ESCOLA ESTADUAL TESSALONICA";"VILA TESSALONICA SN"
"05/10/2026";"06:29:34";2026;"04/10/2026";"1º Turno";1;"AP";"06050";"MACAPÁ";2;672;1;"Principal";-1;2216;"ESCOLA MUNICIPAL DE ENSINO FUNDAMENTAL PARAÍSO DAS ACÁCIAS";1;"Convencional";"RUA SANTOS DUMONT - 3800";"MUCA";"68900000";"32131223";",0112199";"-51,0742907";1;"ATIVO";-1;"ATIVO";1;"ATIVO";1;"Ativo";"0";"Sem acessibilidade";260;260;260;0;2216;"ESCOLA MUNICIPAL DE ENSINO FUNDAMENTAL PARAÍSO DAS ACÁCIAS";"RUA SANTOS DUMONT - 3800"
"05/10/2026";"06:29:34";2026;"04/10/2026";"1º Turno";1;"AP";"06009";"PRACUÚBA";1;40;1;"Principal";-1;1112;"ESCOLA MUNICIPAL AUGUSTO ROCHA DE OLIVEIRA";1;"Convencional";"AV. VILA SÃO PEDRO, S/N";"CENTRO";"68918000";"-1";"-1";"-1";1;"ATIVO";-1;"ATIVO";1;"ATIVO";1;"Ativo";"0";"Sem acessibilidade";300;300;300;0;1112;"ESCOLA MUNICIPAL AUGUSTO ROCHA DE OLIVEIRA";"AV. VILA SÃO PEDRO, S/N"
"05/10/2026";"06:29:34";2026;"04/10/2026";"1º Turno";1;"AP";"06157";"SANTANA";6;23;1;"Principal";-1;1538;"ANEXO DA PARÓQUIA NOSSA SENHORA DE FÁTIMA";4;"Temporário";"AVENIDA PRINCESA IZABEL";"CENTRO";"68925210";"-1";"-,0421617";"-51,1731822";1;"ATIVO";-1;"ATIVO";1;"ATIVO";1;"Ativo";"0";"Sem acessibilidade";321;321;321;0;1066;"E.P.G. AMAZONAS";"AV. 15 DE NOVEMBRO, 1132"
"05/10/2026";"06:29:34";2026;"04/10/2026";"1º Turno";1;"AP";"06157";"SANTANA";6;147;1;"Principal";-1;1180;"E.E. MARIA CATARINA DANTAS TIBURCIO";1;"Convencional";"AV. MARIA IZABEL PEREIRA DA SILVA, 110";"NOVO HORIZONTE ";"68925000";"3283 2815";"-,0558208";"-51,164729";1;"ATIVO";-1;"ATIVO";1;"ATIVO";1;"Ativo";"0";"Sem acessibilidade";336;335;335;0;1180;"E.E. MARIA CATARINA DANTAS TIBURCIO";"AV. MARIA IZABEL PEREIRA DA SILVA, 110"
"05/10/2026";"06:29:34";2026;"04/10/2026";"1º Turno";1;"AP";"06157";"SANTANA";6;75;1;"Principal";-1;1210;"E.E. IGARAPE DA FORTALEZA";1;"Convencional";"RUA RIO MATAPI, 121";"IGARAPÉ DA FORTALEZA";"68925000";"3283 2250";"-,0473052";"-51,1450026";1;"ATIVO";-1;"ATIVO";1;"ATIVO";1;"Ativo";"0";"Sem acessibilidade";279;277;277;0;1104;"E.P.G. PIAUI";"RUA CRISTO REI, 01"
"05/10/2026";"06:29:34";2026;"04/10/2026";"1º Turno";1;"AP";"06050";"MACAPÁ";2;70;1;"Principal";-1;2313;"ESCOLA MUNICIPAL DE ENSINO FUNDAMENTAL ANTONIO BARBOSA";1;"Convencional";"RUA NOVO HORIZONTE, 153";"SANTA INES";"68900000";"+5596988052658";",01499";"-51,0577573";1;"ATIVO";-1;"ATIVO";1;"ATIVO";1;"Ativo";"0";"Sem acessibilidade";156;158;158;0;2313;"ESCOLA MUNICIPAL DE ENSINO FUNDAMENTAL ANTONIO BARBOSA";"RUA NOVO HORIZONTE, 153"
"05/10/2026";"06:29:34";2026;"04/10/2026";"1º Turno";1;"AP";"06157";"SANTANA";6;168;2;"Agregada";118;1228;"E.P.G MATAO I";1;"Convencional";"COMUNIDADE DO RAMAL I DO PIACACA";"MATÃO I";"68925000";"96984283889";",2933376";"-51,494461";1;"ATIVO";-1;"ATIVO";1;"ATIVO";1;"Ativo";"0";"Sem acessibilidade";83;0;0;0;1228;"E.P.G MATAO I";"COMUNIDADE DO RAMAL I DO PIACACA"
"05/10/2026";"06:29:34";2026;"04/10/2026";"1º Turno";1;"AP";"06157";"SANTANA";6;36;1;"Principal";-1;1074;"E.E.T.I.  AUGUSTO ANTUNES";1;"Convencional";"TRAVESSA PEDRO SALVADOR DINIZ, 1631";"NOVA BRASÍLIA I";"68927230";"3281 3067";"-,0440221";"-51,1648759";1;"ATIVO";-1;"ATIVO";1;"ATIVO";1;"Ativo";"0";"Sem acessibilidade";341;343;343;0;1074;"E.E.T.I.  AUGUSTO ANTUNES";"TRAVESSA PEDRO SALVADOR DINIZ, 1631"
"05/10/2026";"06:29:34";2026;"04/10/2026";"1º Turno";1;"AP";"06050";"MACAPÁ";2;83;1;"Principal";-1;1147;"ESCOLA MUNICIPAL DE ENSINO FUNDAMENTAL AMAPA";1;"Convencional";"RUA JOVINO DINOA, 3188";"TREM";"68900030";"5596984032652";",0247643";"-51,0628301";1;"ATIVO";-1;"ATIVO";1;"ATIVO";1;"Ativo";"1";"Com acessibilidade";285;285;285;0;1147;"ESCOLA MUNICIPAL DE ENSINO FUNDAMENTAL AMAPA";"RUA JOVINO DINOA, 3188"
"05/10/2026";"06:29:34";2026;"04/10/2026";"1º Turno";1;"AP";"06157";"SANTANA";6;22;1;"Principal";-1;1538;"ANEXO DA PARÓQUIA NOSSA SENHORA DE FÁTIMA";4;"Temporário";"AVENIDA PRINCESA IZABEL";"CENTRO";"68925210";"-1";"-,0421617";"-51,1731822";1;"ATIVO";-1;"ATIVO";1;"ATIVO";1;"Ativo";"0";"Sem acessibilidade";316;316;316;0;1066;"E.P.G. AMAZONAS";"AV. 15 DE NOVEMBRO, 1132"
"05/10/2026";"06:29:34";2026;"04/10/2026";"1º Turno";1;"AP";"06025";"PORTO GRANDE";12;1;1;"Principal";-1;1015;"ESCOLA ESTADUAL JOSÉ RIBAMAR TEIXEIRA";1;"Convencional";"AVENIDA PEDRO TEIXEIRA, S/N, BAIRRO MALVINAS";"CENTRO";"68997000";"-1";",70812263";"-51,40810814";1;"ATIVO";-1;"ATIVO";1;"ATIVO";1;"Ativo";"1";"Com acessibilidade";362;363;363;0;1015;"ESCOLA ESTADUAL JOSÉ RIBAMAR TEIXEIRA";"AVENIDA PEDRO TEIXEIRA, S/N, BAIRRO MALVINAS"
"05/10/2026";"06:29:34";2026;"04/10/2026";"1º Turno";1;"AP";"06050";"MACAPÁ";14;215;1;"Principal";-1;1708;"ESCOLA ESTADUAL ANTONIO JOÃO";4;"Temporário";"RUA HILDEMAR MAIA, 674";"SANTA RITA";"68908119";"96991320828";"-1";"-1";1;"ATIVO";-1;"ATIVO";1;"ATIVO";1;"Ativo";"0";"Sem acessibilidade";290;289;289;0;1325;"ESCOLA ESTADUAL  JOSÉ DE ANCHIETA";"AV CORA DE CARVALHO, SN"
"05/10/2026";"06:29:34";2026;"04/10/2026";"1º Turno";1;"AP";"06050";"MACAPÁ";2;701;1;"Principal";-1;2330;"ESCOLA ESTADUAL NELITA ROCHA BRITO DIAS";1;"Convencional";"AV. NILO ALMEIDA, 01";"CONGOS";"68904396";"+5596991519421";",0096085";"-51,0919318";1;"ATIVO";-1;"ATIVO";1;"ATIVO";1;"Ativo";"0";"Sem acessibilidade";272;272;272;0;2330;"ESCOLA ESTADUAL NELITA ROCHA BRITO DIAS";"AV. NILO ALMEIDA, 01"
"05/10/2026";"06:29:34";2026;"04/10/2026";"1º Turno";1;"AP";"06025";"PORTO GRANDE";12;6;1;"Principal";-1;1015;"ESCOLA ESTADUAL JOSÉ RIBAMAR TEIXEIRA";1;"Convencional";"AVENIDA PEDRO TEIXEIRA, S/N, BAIRRO MALVINAS";"CENTRO";"68997000";"-1";",70812263";"-51,40810814";1;"ATIVO";-1;"ATIVO";1;"ATIVO";1;"Ativo";"1";"Com acessibilidade";356;355;355;0;1015;"ESCOLA ESTADUAL JOSÉ RIBAMAR TEIXEIRA";"AVENIDA PEDRO TEIXEIRA, S/N, BAIRRO MALVINAS"
"05/10/2026";"06:29:34";2026;"04/10/2026";"1º Turno";1;"AP";"06050";"MACAPÁ";14;81;1;"Principal";-1;1716;"ESCOLA ESTADUAL BARÃO DO RIO BRANCO";4;"Temporário";"AV. FAB, 122";"CENTRAL";"68900073";"-1";"-1";"-1";1;"ATIVO";-1;"ATIVO";1;"ATIVO";1;"Ativo";"1";"Com acessibilidade";345;345;345;0;1120;"EEEF GENERAL AZEVEDO COSTA";"AV. JOSE ANTONIO SIQUEIRA 111"
"05/10/2026";"06:29:34";2026;"04/10/2026";"1º Turno";1;"AP";"06157";"SANTANA";6;244;1;"Principal";-1;1333;"ESCOLA MUNICIPAL GENTILA ANSELMO NOBRE";1;"Convencional";"RUA EVERALDO VASCONCELOS, 365";"FONTE NOVA";"68925000";"-1";"-,02133618";"-51,1769795";1;"ATIVO";-1;"ATIVO";1;"ATIVO";1;"Ativo";"0";"Sem acessibilidade";298;294;294;0;1333;"ESCOLA MUNICIPAL GENTILA ANSELMO NOBRE";"RUA EVERALDO VASCONCELOS, 365"
"05/10/2026";"06:29:34";2026;"04/10/2026";"1º Turno";1;"AP";"06173";"TARTARUGALZINHO";8;32;1;"Principal";-1;1180;"ESCOLA ESTADUAL ALZIRA DE LIMA SANTOS";1;"Convencional";"RUA GETÚLIO VARGAS, S/N";"PLANALTINA I (NOVO I)";"68990000";"34221200";"1,50689638";"-50,91014865";1;"ATIVO";-1;"ATIVO";1;"ATIVO";1;"Ativo";"0";"Sem acessibilidade";340;337;337;0;1180;"ESCOLA ESTADUAL ALZIRA DE LIMA SANTOS";"RUA GETÚLIO VARGAS, S/N"
"05/10/2026";"06:29:34";2026;"04/10/2026";"1º Turno";1;"AP";"06025";"PORTO GRANDE";12;34;1;"Principal";-1;1120;"ESCOLA MUNICIPAL ADÃO FERREIRA";1;"Convencional";"RUA JOSE DE ARAUJO N. 1712";"AEROPORTO";"68997000";"-1";",7007033";"-51,39604331";1;"ATIVO";-1;"ATIVO";1;"ATIVO";1;"Ativo";"1";"Com acessibilidade";371;371;371;0;1120;"ESCOLA MUNICIPAL ADÃO FERREIRA";"RUA JOSE DE ARAUJO N. 1712"
"05/10/2026";"06:29:34";2026;"04/10/2026";"1º Turno";1;"AP";"06157";"SANTANA";6;12;1;"Principal";-1;1058;"E.P.G. JOSE BARROSO TOSTES";1;"Convencional";"AV. 7 DE SETEMBRO, 186";"CENTRO";"68925000";"3281 1542";"-,0415918";"-51,1768394";1;"ATIVO";-1;"ATIVO";1;"ATIVO";1;"Ativo";"0";"Sem acessibilidade";295;294;294;0;1058;"E.P.G. JOSE BARROSO TOSTES";"AV. 7 DE SETEMBRO, 186"
"05/10/2026";"06:29:34";2026;"04/10/2026";"1º Turno";1;"AP";"06017";"AMAPÁ";1;3;1;"Principal";-1;1031;"ESCOLA MUNICIPAL PROFª SHIRLEY MÁRCIA LOBATO ABREU";1;"Convencional";"RAMAL DA BASE AÉREA, 184 - LOCALIDADE CAJUEIRA";"CENTRO";"68950000";"-1";"2,0669863";"-50,82567";1;"ATIVO";-1;"ATIVO";1;"ATIVO";1;"Ativo";"0";"Sem acessibilidade";149;147;147;0;1031;"ESCOLA MUNICIPAL PROFª SHIRLEY MÁRCIA LOBATO ABREU";"RAMAL DA BASE AÉREA, 184 - LOCALIDADE CAJUEIRA"
"05/10/2026";"06:29:34";2026;"04/10/2026";"1º Turno";1;"AP";"06050";"MACAPÁ";2;810;1;"Principal";-1;1295;"ESCOLA ESTADUAL JOSÉ DO PATROCINIO";1;"Convencional";"RUA DO ESTALEIRO, 203, FAZENDINHA ";"DISTRITO DE FAZENDINHA";"68911465";"00000000";"-,0541101";"-51,1131405";1;"ATIVO";-1;"ATIVO";1;"ATIVO";1;"Ativo";"0";"Sem acessibilidade";260;261;261;0;1295;"ESCOLA ESTADUAL JOSÉ DO PATROCINIO";"RUA DO ESTALEIRO, 203, FAZENDINHA "
"05/10/2026";"06:29:34";2026;"04/10/2026";"1º Turno";1;"AP";"06050";"MACAPÁ";2;937;1;"Principal";-1;2739;"ESCOLA ESTADUAL COELHO NETO";1;"Convencional";"AV CLODOVIO COELHO                   124";"BURITIZAL";"68905160";"+5596991197151";",0245373";"-51,0765101";1;"ATIVO";-1;"ATIVO";1;"ATIVO";1;"Ativo";"0";"Sem acessibilidade";227;227;227;0;2739;"ESCOLA ESTADUAL COELHO NETO";"AV CLODOVIO COELHO                   124"
"05/10/2026";"06:29:34";2026;"04/10/2026";"1º Turno";1;"AP";"06050";"MACAPÁ";2;688;1;"Principal";-1;2267;"ESCOLA ESTADUAL PROFª MARIA DE NAZARÉ PEREIRA VASCONCELOS";1;"Convencional";"RUA VILA DAS OLIVEIRAS - 372";"PEDRINHAS";"68900000";"+5596981440137";",0080908";"-51,0648757";1;"ATIVO";-1;"ATIVO";1;"ATIVO";1;"Ativo";"0";"Sem acessibilidade";355;354;354;0;2267;"ESCOLA ESTADUAL PROFª MARIA DE NAZARÉ PEREIRA VASCONCELOS";"RUA VILA DAS OLIVEIRAS - 372"
"05/10/2026";"06:29:34";2026;"04/10/2026";"1º Turno";1;"AP";"06173";"TARTARUGALZINHO";8;25;1;"Principal";-1;1155;"ESCOLA MUNICIPAL IGARAPÉ DO PEIXE";1;"Convencional";"LOCALIDADE DE FLORESTAL";"ASSENTAMENTO APOREMA";"68990000";"-1";"1,08565998";"-50,8928987";1;"ATIVO";-1;"ATIVO";1;"ATIVO";1;"Ativo";"0";"Sem acessibilidade";186;187;187;0;1155;"ESCOLA MUNICIPAL IGARAPÉ DO PEIXE";"LOCALIDADE DE FLORESTAL"
"05/10/2026";"06:29:34";2026;"04/10/2026";"1º Turno";1;"AP";"06157";"SANTANA";6;69;1;"Principal";-1;1457;"IFAP INSTITUTO FEDERAL DO AMAPA";1;"Convencional";"RODOVIA DUCA SERRA 1133";"FONTE NOVA";"68928084";"-1";"-,02058645";"-51,18061816";1;"ATIVO";-1;"ATIVO";1;"ATIVO";1;"Ativo";"0";"Sem acessibilidade";303;303;303;0;1457;"IFAP INSTITUTO FEDERAL DO AMAPA";"RODOVIA DUCA SERRA 1133"
"05/10/2026";"06:29:34";2026;"04/10/2026";"1º Turno";1;"AP";"06092";"OIAPOQUE";4;77;1;"Principal";-1;1201;"IFAP - INSTITUTO FEDERAL DO AMAPÁ";1;"Convencional";"RUA JOAQUIM CAETANO DA SILVA";"CENTRO";"68980000";"+559635211386";"-1";"-1";1;"ATIVO";-1;"ATIVO";1;"ATIVO";1;"Ativo";"0";"Sem acessibilidade";208;209;209;0;1201;"IFAP - INSTITUTO FEDERAL DO AMAPÁ";"RUA JOAQUIM CAETANO DA SILVA"
"05/10/2026";"06:29:34";2026;"04/10/2026";"1º Turno";1;"AP";"06050";"MACAPÁ";2;898;1;"Principal";-1;2690;"ESCOLA MUNICIPAL DE ENSINO FUNDAMENTAL HILDEMAR MAIA";1;"Convencional";"AV CONEGO DOMINGOS MALTEZ                            SN";"TREM";"68900000";"5596981166806";",028695";"-51,0593602";1;"ATIVO";-1;"ATIVO";1;"ATIVO";1;"Ativo";"0";"Sem acessibilidade";215;211;211;0;2690;"ESCOLA MUNICIPAL DE ENSINO FUNDAMENTAL HILDEMAR MAIA";"AV CONEGO DOMINGOS MALTEZ                            SN"
"05/10/2026";"06:29:34";2026;"04/10/2026";"1º Turno";1;"AP";"06157";"SANTANA";6;273;1;"Principal";-1;1392;"ESCOLA ESTADUAL PADRE SIMAO CORRIDORI";1;"Convencional";"RUA CLAUDIO LUCIO MONTEIRO, 1737";"REMEDIOS II";"68925000";"-1";"-,0533839";"-51,1636298";1;"ATIVO";-1;"ATIVO";1;"ATIVO";1;"Ativo";"1";"Com acessibilidade";223;221;221;0;1392;"ESCOLA ESTADUAL PADRE SIMAO CORRIDORI";"RUA CLAUDIO LUCIO MONTEIRO, 1737"
"05/10/2026";"06:29:34";2026;"04/10/2026";"1º Turno";1;"AP";"06050";"MACAPÁ";14;353;1;"Principal";-1;1503;"ESCOLA MUNICIPAL DE ENSINO INFANTIL MEU PE DE LARANJA LIMA";1;"Convencional";"AV. MENDONÇA JUNIOR, 2838";"SANTA RITA";"68901282";"96981065958";",036583";"-51,0690465";1;"ATIVO";-1;"ATIVO";1;"ATIVO";1;"Ativo";"0";"Sem acessibilidade";250;249;249;0;1503;"ESCOLA MUNICIPAL DE ENSINO INFANTIL MEU PE DE LARANJA LIMA";"AV. MENDONÇA JUNIOR, 2838"
"05/10/2026";"06:29:34";2026;"04/10/2026";"1º Turno";1;"AP";"06050";"MACAPÁ";2;269;1;"Principal";-1;1600;"ESCOLA ESTADUAL MÁRIO QUIRINO DA SILVA";1;"Convencional";"RUA CLAUDOMIRO DE MORAIS                    SN";"NOVO BURITIZAL";"68900000";"32125283";",0154748";"-51,0823276";1;"ATIVO";-1;"ATIVO";1;"ATIVO";1;"Ativo";"1";"Com acessibilidade";389;387;387;0;1600;"ESCOLA ESTADUAL MÁRIO QUIRINO DA SILVA";"RUA CLAUDOMIRO DE MORAIS                    SN"
"05/10/2026";"06:29:34";2026;"04/10/2026";"1º Turno";1;"AP";"06050";"MACAPÁ";2;941;1;"Principal";-1;2739;"ESCOLA ESTADUAL COELHO NETO";1;"Convencional";"AV CLODOVIO COELHO                   124";"BURITIZAL";"68905160";"+5596991197151";",0245373";"-51,0765101";1;"ATIVO";-1;"ATIVO";1;"ATIVO";1;"Ativo";"0";"Sem acessibilidade";216;216;216;0;2739;"ESCOLA ESTADUAL COELHO NETO";"AV CLODOVIO COELHO                   124"
"05/10/2026";"06:29:34";2026;"04/10/2026";"1º Turno";1;"AP";"06157";"SANTANA";6;30;1;"Principal";-1;1538;"ANEXO DA PARÓQUIA NOSSA SENHORA DE FÁTIMA";4;"Temporário";"AVENIDA PRINCESA IZABEL";"CENTRO";"68925210";"-1";"-,0421617";"-51,1731822";1;"ATIVO";-1;"ATIVO";1;"ATIVO";1;"Ativo";"0";"Sem acessibilidade";314;312;312;0;1066;"E.P.G. AMAZONAS";"AV. 15 DE NOVEMBRO, 1132"
"05/10/2026";"06:29:34";2026;"04/10/2026";"1º Turno";1;"AP";"06050";"MACAPÁ";10;84;1;"Principal";-1;2089;"IGREJA SANTA CRUZ - ANEXO I";4;"Temporário";"RUA VEREADOR JÚLIO MARIA PINTO PEREIRA, 629";"JARDIM FELICIDADE I";"68909000";"991634333";"-1";"-1";1;"ATIVO";-1;"ATIVO";1;"ATIVO";1;"Ativo";"0";"Sem acessibilidade";341;339;339;0;1198;"ESCOLA MUNICIPAL JARDIM FELICIDADE";"RUA VEREADOR JULIO MARIA PINTO PEREIRA 629"
"05/10/2026";"06:29:34";2026;"04/10/2026";"1º Turno";1;"AP";"06033";"CALÇOENE";1;82;1;"Principal";-1;1058;"ESCOLA DE ESTADUAL DE ENSINO DE 1º GRAU JOSE RODRIGUES CORDEIRO";1;"Convencional";"AV MANOEL SARMENTO, SN, CENTRO";"CENTRO";"68960000";"-1";"2,49782599";"-50,95739285";1;"ATIVO";-1;"ATIVO";1;"ATIVO";1;"Ativo";"0";"Sem acessibilidade";310;309;309;0;1058;"ESCOLA DE ESTADUAL DE ENSINO DE 1º GRAU JOSE RODRIGUES CORDEIRO";"AV MANOEL SARMENTO, SN, CENTRO"
"05/10/2026";"06:29:34";2026;"04/10/2026";"1º Turno";1;"AP";"06092";"OIAPOQUE";4;33;1;"Principal";-1;1023;"ESCOLA DE PRIMEIRO GRAU JOAQUIM NABUCO";1;"Convencional";"RUA LELIO SILVA";"CENTRO";"68900000";"-1";"3,84401648";"-51,83412591";1;"ATIVO";-1;"ATIVO";1;"ATIVO";1;"Ativo";"0";"Sem acessibilidade";294;289;289;0;1023;"ESCOLA DE PRIMEIRO GRAU JOAQUIM NABUCO";"RUA LELIO SILVA"
"05/10/2026";"06:29:34";2026;"04/10/2026";"1º Turno";1;"AP";"06050";"MACAPÁ";10;445;1;"Principal";-1;1864;"ESCOLA MUNICIPAL SANDRA DO SOCORRO TOLOSA DA SILVA";1;"Convencional";"AV. CID BROGES DE SANTANA, 2237";"INFRAERO II";"68908052";"-1";",06782";"-51,0905476";1;"ATIVO";-1;"ATIVO";1;"ATIVO";1;"Ativo";"0";"Sem acessibilidade";381;383;383;0;1864;"ESCOLA MUNICIPAL SANDRA DO SOCORRO TOLOSA DA SILVA";"AV. CID BROGES DE SANTANA, 2237"
"05/10/2026";"06:29:34";2026;"04/10/2026";"1º Turno";1;"AP";"06050";"MACAPÁ";14;140;1;"Principal";-1;1201;"EPG JESUS DE NAZARÉ";1;"Convencional";"AV PRINCESA IZABEL, 255";"JESUS DE NAZARE";"68900000";"-1";",0452543";"-51,0639409";1;"ATIVO";-1;"ATIVO";1;"ATIVO";1;"Ativo";"1";"Com acessibilidade";348;346;346;0;1201;"EPG JESUS DE NAZARÉ";"AV PRINCESA IZABEL, 255"
"05/10/2026";"06:29:34";2026;"04/10/2026";"1º Turno";1;"AP";"06050";"MACAPÁ";14;91;1;"Principal";-1;1139;"EEEF MARIA IVONE DE MENEZES";1;"Convencional";"RUA ANTONIO PELAES DE SOUZA 1320";"PERPETUO SOCORRO";"68900000";"-1";",0526608";"-51,0423583";5;"BLOQUEADO";-1;"ATIVO";1;"ATIVO";1;"Ativo";"0";"Sem acessibilidade";386;386;386;0;1139;"EEEF MARIA IVONE DE MENEZES";"RUA ANTONIO PELAES DE SOUZA 1320"
"05/10/2026";"06:29:34";2026;"04/10/2026";"1º Turno";1;"AP";"06050";"MACAPÁ";10;177;1;"Principal";-1;1392;"ESCOLA ESTADUAL RAIMUNDA DOS PASSOS SANTOS";1;"Convencional";"AV. LOURENCO ARAUJO DE SÁ, 2162, NOVO HORIZONTE";"NOVO HORIZONTE";"68909829";"991549564";",0956351";"-51,0497879";1;"ATIVO";-1;"ATIVO";1;"ATIVO";1;"Ativo";"0";"Sem acessibilidade";389;386;386;0;1392;"ESCOLA ESTADUAL RAIMUNDA DOS PASSOS SANTOS";"AV. LOURENCO ARAUJO DE SÁ, 2162, NOVO HORIZONTE"
"05/10/2026";"06:29:34";2026;"04/10/2026";"1º Turno";1;"AP";"06050";"MACAPÁ";2;476;1;"Principal";-1;1600;"ESCOLA ESTADUAL MÁRIO QUIRINO DA SILVA";1;"Convencional";"RUA CLAUDOMIRO DE MORAIS                    SN";"NOVO BURITIZAL";"68900000";"32125283";",0154748";"-51,0823276";1;"ATIVO";-1;"ATIVO";1;"ATIVO";1;"Ativo";"0";"Sem acessibilidade";247;246;246;0;2046;"ESCOLA ESTADUAL PROFª BENIGNA MOREIRA DE SOUZA";"RUA RAUL MONTEIRO VALDEZ - 1500"
"05/10/2026";"06:29:34";2026;"04/10/2026";"1º Turno";1;"AP";"06050";"MACAPÁ";14;330;1;"Principal";-1;1473;"ESCOLA MUNICIPAL DE ENSINO FUNDAMENTAL GOIAS";1;"Convencional";"RUA SAO FRANCISCO DE ASSIS N 62";"VILA DO CORACAO";"68900000";"-1";",0199991";"-51,17262336";1;"ATIVO";-1;"ATIVO";1;"ATIVO";1;"Ativo";"0";"Sem acessibilidade";320;319;319;0;1473;"ESCOLA MUNICIPAL DE ENSINO FUNDAMENTAL GOIAS";"RUA SAO FRANCISCO DE ASSIS N 62"
"05/10/2026";"06:29:34";2026;"04/10/2026";"1º Turno";1;"AP";"06050";"MACAPÁ";14;76;1;"Principal";-1;1716;"ESCOLA ESTADUAL BARÃO DO RIO BRANCO";4;"Temporário";"AV. FAB, 122";"CENTRAL";"68900073";"-1";"-1";"-1";1;"ATIVO";-1;"ATIVO";1;"ATIVO";1;"Ativo";"0";"Sem acessibilidade";350;348;348;0;1120;"EEEF GENERAL AZEVEDO COSTA";"AV. JOSE ANTONIO SIQUEIRA 111"
"05/10/2026";"06:29:34";2026;"04/10/2026";"1º Turno";1;"AP";"06041";"ITAUBAL";10;423;1;"Principal";-1;1058;"ESCOLA ESTADUAL ESTEVAM DE CARVALHO COSTA";1;"Convencional";"SANTA MARIA DO CURICACA";"CURICACA";"68900000";"-1";",5789929";"-50,8000436";1;"ATIVO";-1;"ATIVO";1;"ATIVO";1;"Ativo";"1";"Com acessibilidade";311;310;310;0;1058;"ESCOLA ESTADUAL ESTEVAM DE CARVALHO COSTA";"SANTA MARIA DO CURICACA"
"05/10/2026";"06:29:34";2026;"04/10/2026";"1º Turno";1;"AP";"06050";"MACAPÁ";10;337;1;"Principal";-1;1414;"ESCOLA MUNICIPAL PROFESSORA VERA LUCIA PINON NERY";1;"Convencional";"AV. CARLOS LINS CORTES, 1405";"INFRAERO II";"68900000";"32511330";",0708299";"-51,0829593";1;"ATIVO";-1;"ATIVO";1;"ATIVO";1;"Ativo";"1";"Com acessibilidade";394;396;396;0;1414;"ESCOLA MUNICIPAL PROFESSORA VERA LUCIA PINON NERY";"AV. CARLOS LINS CORTES, 1405"
"05/10/2026";"06:29:34";2026;"04/10/2026";"1º Turno";1;"AP";"06050";"MACAPÁ";2;310;1;"Principal";-1;1600;"ESCOLA ESTADUAL MÁRIO QUIRINO DA SILVA";1;"Convencional";"RUA CLAUDOMIRO DE MORAIS                    SN";"NOVO BURITIZAL";"68900000";"32125283";",0154748";"-51,0823276";1;"ATIVO";-1;"ATIVO";1;"ATIVO";1;"Ativo";"0";"Sem acessibilidade";386;384;384;0;1600;"ESCOLA ESTADUAL MÁRIO QUIRINO DA SILVA";"RUA CLAUDOMIRO DE MORAIS                    SN"
"05/10/2026";"06:29:34";2026;"04/10/2026";"1º Turno";1;"AP";"06050";"MACAPÁ";2;867;1;"Principal";-1;2666;"ESCOLA ESTADUAL JOSEFA JUCILEIDE AMORAS COLARES";1;"Convencional";"AV.RAIMUNDO TEQUILO GOES DE ALMEIDA    000147";"NOVA ESPERANCA";"68901610";"+5596991990317";",0317616";"-51,0825624";1;"ATIVO";-1;"ATIVO";1;"ATIVO";1;"Ativo";"0";"Sem acessibilidade";366;364;364;0;2666;"ESCOLA ESTADUAL JOSEFA JUCILEIDE AMORAS COLARES";"AV.RAIMUNDO TEQUILO GOES DE ALMEIDA    000147"
"05/10/2026";"06:29:34";2026;"04/10/2026";"1º Turno";1;"AP";"06157";"SANTANA";6;252;1;"Principal";-1;1341;"ESCOLA ESTADUAL SAO PAULO APOSTOLO";1;"Convencional";"AVENIDA SAO PAULO APOSTOLO, 2384";"PARAÍSO";"68925000";"-1";"-,0356414";"-51,1799226";1;"ATIVO";-1;"ATIVO";1;"ATIVO";1;"Ativo";"0";"Sem acessibilidade";230;230;230;0;1341;"ESCOLA ESTADUAL SAO PAULO APOSTOLO";"AVENIDA SAO PAULO APOSTOLO, 2384"
"05/10/2026";"06:29:34";2026;"04/10/2026";"1º Turno";1;"AP";"06050";"MACAPÁ";2;276;1;"Principal";-1;1139;"ESCOLA ESTADUAL PROFº JOSÉ FIRMO DO NASCIMENTO";1;"Convencional";"AV CLODOVIO COELHO  - 145  - TREM";"BEIROL";"68900000";"+5596981010886";",0232182";"-51,0625066";1;"ATIVO";-1;"ATIVO";1;"ATIVO";1;"Ativo";"0";"Sem acessibilidade";233;233;233;0;1139;"ESCOLA ESTADUAL PROFº JOSÉ FIRMO DO NASCIMENTO";"AV CLODOVIO COELHO  - 145  - TREM"
"05/10/2026";"06:29:34";2026;"04/10/2026";"1º Turno";1;"AP";"06050";"MACAPÁ";14;103;1;"Principal";-1;1155;"EMEF EUNICE DAS CHAGAS FERNANDES SOUZA";1;"Convencional";"RUA GUANABARA - 372";"PACOVAL";"68900000";"-1";",0558461";"-51,0543723";1;"ATIVO";-1;"ATIVO";1;"ATIVO";1;"Ativo";"0";"Sem acessibilidade";257;257;257;0;1155;"EMEF EUNICE DAS CHAGAS FERNANDES SOUZA";"RUA GUANABARA - 372"
"05/10/2026";"06:29:34";2026;"04/10/2026";"1º Turno";1;"AP";"06050";"MACAPÁ";10;97;1;"Principal";-1;1279;"ESCOLA ESTADUAL MARIA DO CARMO VIANA DOS ANJOS";1;"Convencional";"RUA FRANCISCO ALVES CORRÊA, 30, JARDIM FELICIDADE II";"JARDIM FELICIDADE II";"68900000";"991296548";",0968478";"-51,056575";1;"ATIVO";-1;"ATIVO";1;"ATIVO";1;"Ativo";"0";"Sem acessibilidade";357;357;357;0;1279;"ESCOLA ESTADUAL MARIA DO CARMO VIANA DOS ANJOS";"RUA FRANCISCO ALVES CORRÊA, 30, JARDIM FELICIDADE II"
"05/10/2026";"06:29:34";2026;"04/10/2026";"1º Turno";1;"AP";"06050";"MACAPÁ";2;923;1;"Principal";-1;2720;"ESCOLA ESTADUAL DR.ALEXANDRE VAZ TAVARES";1;"Convencional";"AV FELICIANO COELHO                                SN";"TREM";"68900000";"+5596984097424";",0294743";"-51,0595886";1;"ATIVO";-1;"ATIVO";1;"ATIVO";1;"Ativo";"0";"Sem acessibilidade";326;326;326;0;2720;"ESCOLA ESTADUAL DR.ALEXANDRE VAZ TAVARES";"AV FELICIANO COELHO                                SN"
"05/10/2026";"06:29:34";2026;"04/10/2026";"1º Turno";1;"AP";"06050";"MACAPÁ";2;692;1;"Principal";-1;2119;"ESCOLA MUNICIPAL DE ENSINO FUNDAMENTAL WILSON MALCHER";1;"Convencional";"RUA JOÃO DE CASTRO , S/N";"JARDIM EQUATORIAL";"68900000";"+5596984144863";",0063263";"-51,0687238";1;"ATIVO";-1;"ATIVO";1;"ATIVO";1;"Ativo";"0";"Sem acessibilidade";338;336;336;0;2119;"ESCOLA MUNICIPAL DE ENSINO FUNDAMENTAL WILSON MALCHER";"RUA JOÃO DE CASTRO , S/N"
"05/10/2026";"06:29:34";2026;"04/10/2026";"1º Turno";1;"AP";"06050";"MACAPÁ";14;218;1;"Principal";-1;1708;"ESCOLA ESTADUAL ANTONIO JOÃO";4;"Temporário";"RUA HILDEMAR MAIA, 674";"SANTA RITA";"68908119";"96991320828";"-1";"-1";1;"ATIVO";-1;"ATIVO";1;"ATIVO";1;"Ativo";"0";"Sem acessibilidade";290;286;286;0;1325;"ESCOLA ESTADUAL  JOSÉ DE ANCHIETA";"AV CORA DE CARVALHO, SN"
"05/10/2026";"06:29:34";2026;"04/10/2026";"1º Turno";1;"AP";"06050";"MACAPÁ";10;446;1;"Principal";-1;1872;"ESCOLA ESTADUAL SÃO LÁZARO";1;"Convencional";"AV. JOSÉ ALVES PESSOA, 209";"SAO LAZARO";"68908480";"-1";",070427";"-51,0600006";1;"ATIVO";-1;"ATIVO";1;"ATIVO";1;"Ativo";"1";"Com acessibilidade";125;125;125;0;1872;"ESCOLA ESTADUAL SÃO LÁZARO";"AV. JOSÉ ALVES PESSOA, 209"
"05/10/2026";"06:29:34";2026;"04/10/2026";"1º Turno";1;"AP";"06173";"TARTARUGALZINHO";8;27;1;"Principal";-1;1180;"ESCOLA ESTADUAL ALZIRA DE LIMA SANTOS";1;"Convencional";"RUA GETÚLIO VARGAS, S/N";"PLANALTINA I (NOVO I)";"68990000";"34221200";"1,50689638";"-50,91014865";1;"ATIVO";-1;"ATIVO";1;"ATIVO";1;"Ativo";"0";"Sem acessibilidade";335;333;333;0;1180;"ESCOLA ESTADUAL ALZIRA DE LIMA SANTOS";"RUA GETÚLIO VARGAS, S/N"
"05/10/2026";"06:29:34";2026;"04/10/2026";"1º Turno";1;"AP";"06050";"MACAPÁ";10;135;1;"Principal";-1;1376;"ESCOLA ESTADUAL MARIA NEUZA DO CARMO";1;"Convencional";"RUA MILTON DE SOUZA CORREA , 500";"JARDIM FELICIDADE I";"68909068";"96991634333";",0837865";"-51,0656668";1;"ATIVO";-1;"ATIVO";1;"ATIVO";1;"Ativo";"0";"Sem acessibilidade";387;387;387;0;1376;"ESCOLA ESTADUAL MARIA NEUZA DO CARMO";"RUA MILTON DE SOUZA CORREA , 500"
"05/10/2026";"06:29:34";2026;"04/10/2026";"1º Turno";1;"AP";"06050";"MACAPÁ";14;72;1;"Principal";-1;1716;"ESCOLA ESTADUAL BARÃO DO RIO BRANCO";4;"Temporário";"AV. FAB, 122";"CENTRAL";"68900073";"-1";"-1";"-1";1;"ATIVO";-1;"ATIVO";1;"ATIVO";1;"Ativo";"0";"Sem acessibilidade";354;352;352;0;1120;"EEEF GENERAL AZEVEDO COSTA";"AV. JOSE ANTONIO SIQUEIRA 111"
"05/10/2026";"06:29:34";2026;"04/10/2026";"1º Turno";1;"AP";"06050";"MACAPÁ";2;882;1;"Principal";-1;2682;"ESCOLA ESTADUAL SANTA INÊS";1;"Convencional";"RUA BEIRA RIO                         SANTA INES";"SANTA INES";"68900000";"+5596991537535";",0259971";"-51,0541281";1;"ATIVO";-1;"ATIVO";1;"ATIVO";1;"Ativo";"0";"Sem acessibilidade";313;314;314;0;2682;"ESCOLA ESTADUAL SANTA INÊS";"RUA BEIRA RIO                         SANTA INES"
"05/10/2026";"06:29:34";2026;"04/10/2026";"1º Turno";1;"AP";"06122";"VITÓRIA DO JARI";7;153;1;"Principal";-1;1058;"ESCOLA MUNICIPAL BENEDITO LIMA PENELVA";1;"Convencional";"RUA PEDRO LADISLAU, S/N";"SANTA CLARA";"68920000";"36221235";"-,9342084";"-52,4328917";1;"ATIVO";-1;"ATIVO";1;"ATIVO";1;"Ativo";"0";"Sem acessibilidade";259;259;259;0;1058;"ESCOLA MUNICIPAL BENEDITO LIMA PENELVA";"RUA PEDRO LADISLAU, S/N"
"05/10/2026";"06:29:34";2026;"04/10/2026";"1º Turno";1;"AP";"06050";"MACAPÁ";14;158;1;"Principal";-1;1040;"CENTRO EDUCACIONAL IRMÃ CARMELA BONASSI";1;"Convencional";"AV. DEZOITO, 1792";"MARABAIXO III";"68909857";"+5596991360104";",0463151";"-51,1256065";1;"ATIVO";-1;"ATIVO";1;"ATIVO";1;"Ativo";"0";"Sem acessibilidade";267;266;266;0;1236;"EEEF PROF HELENISE WALMIRA DIAS DOS SANTOS";"LINHA B DO KM 09 S/N"
"05/10/2026";"06:29:34";2026;"04/10/2026";"1º Turno";1;"AP";"06050";"MACAPÁ";10;302;1;"Principal";-1;1317;"ESCOLA ESTADUAL PROFESSORA ESTHER DA SILVA VIRGOLINO";1;"Convencional";"RUA JOSE AURINO BORGES, 924";"SAO LAZARO";"68909806";"00000";",0989435";"-51,0463416";1;"ATIVO";-1;"ATIVO";1;"ATIVO";1;"Ativo";"0";"Sem acessibilidade";334;334;334;0;1317;"ESCOLA ESTADUAL PROFESSORA ESTHER DA SILVA VIRGOLINO";"RUA JOSE AURINO BORGES, 924"
"05/10/2026";"06:29:34";2026;"04/10/2026";"1º Turno";1;"AP";"06157";"SANTANA";6;73;1;"Principal";-1;1082;"E.P.G. JOANIRA DEL CASTILO";1;"Convencional";"TV. PEDRO TEIXEIRA, 194";"NOVA BRASÍLIA I";"68927251";"3283 2659";"-,0407868";"-51,1662145";1;"ATIVO";-1;"ATIVO";1;"ATIVO";1;"Ativo";"0";"Sem acessibilidade";263;263;263;0;1082;"E.P.G. JOANIRA DEL CASTILO";"TV. PEDRO TEIXEIRA, 194"
"05/10/2026";"06:29:34";2026;"04/10/2026";"1º Turno";1;"AP";"06050";"MACAPÁ";2;541;1;"Principal";-1;1295;"ESCOLA ESTADUAL JOSÉ DO PATROCINIO";1;"Convencional";"RUA DO ESTALEIRO, 203, FAZENDINHA ";"DISTRITO DE FAZENDINHA";"68911465";"00000000";"-,0541101";"-51,1131405";1;"ATIVO";-1;"ATIVO";1;"ATIVO";1;"Ativo";"0";"Sem acessibilidade";258;257;257;0;1295;"ESCOLA ESTADUAL JOSÉ DO PATROCINIO";"RUA DO ESTALEIRO, 203, FAZENDINHA "
"05/10/2026";"06:29:34";2026;"04/10/2026";"1º Turno";1;"AP";"06076";"MAZAGÃO";5;83;1;"Principal";-1;1210;"ESCOLA ESTADUAL EVILÁSIO PEDRO DE LIMA FERREIRA";1;"Convencional";"RODOVIA MACAPA JARI BR 156 KM 132, S/N";"DISTRITO DE MARACA";"68930000";"-1";"-,17971223";"-51,73465291";1;"ATIVO";-1;"ATIVO";1;"ATIVO";1;"Ativo";"0";"Sem acessibilidade";277;330;330;0;1210;"ESCOLA ESTADUAL EVILÁSIO PEDRO DE LIMA FERREIRA";"RODOVIA MACAPA JARI BR 156 KM 132, S/N"
"05/10/2026";"06:29:34";2026;"04/10/2026";"1º Turno";1;"AP";"06157";"SANTANA";6;76;1;"Principal";-1;1015;"E.P.G. ELIZABETH PICANCO ESTEVES";1;"Convencional";"AV. DAS NAÇÕES, 678";"HOSPITALIDADE";"68925000";"3283 2827";"-,0466519";"-51,172363";1;"ATIVO";-1;"ATIVO";1;"ATIVO";1;"Ativo";"0";"Sem acessibilidade";370;367;367;0;1015;"E.P.G. ELIZABETH PICANCO ESTEVES";"AV. DAS NAÇÕES, 678"
"05/10/2026";"06:29:34";2026;"04/10/2026";"1º Turno";1;"AP";"06050";"MACAPÁ";2;761;1;"Principal";-1;1902;"ESCOLA ESTADUAL REINALDO MAURICIO GOLBERT DAMASCENO";1;"Convencional";"AV 13 DE SETEMBRO      S/N";"CUBA DE ASFALTO";"68900000";"+5596981481320";",023435";"-51,0861323";1;"ATIVO";-1;"ATIVO";1;"ATIVO";1;"Ativo";"0";"Sem acessibilidade";384;382;382;0;1902;"ESCOLA ESTADUAL REINALDO MAURICIO GOLBERT DAMASCENO";"AV 13 DE SETEMBRO      S/N"
"05/10/2026";"06:29:34";2026;"04/10/2026";"1º Turno";1;"AP";"06092";"OIAPOQUE";4;36;1;"Principal";-1;1236;"EMEF ANETE FARIAS DA SILVA";1;"Convencional";"RUA LÉLIO SILVA, N 261, CENTRO";"CENTRO";"68980000";"-1";"-1";"-1";1;"ATIVO";-1;"ATIVO";1;"ATIVO";1;"Ativo";"0";"Sem acessibilidade";281;280;280;0;1236;"EMEF ANETE FARIAS DA SILVA";"RUA LÉLIO SILVA, N 261, CENTRO"
"05/10/2026";"06:29:34";2026;"04/10/2026";"1º Turno";1;"AP";"06130";"LARANJAL DO JARI";7;81;1;"Principal";-1;1139;"ESCOLA ESTADUAL PROF. VANDA MARIA DE SOUZA CABETE";1;"Convencional";"AV. FORTALEZA, N. 1456";"LOTEAMENTO CAJARY";"68920000";"36211625";"-,8283483";"-52,5120059";5;"BLOQUEADO";-1;"ATIVO";1;"ATIVO";1;"Ativo";"0";"Sem acessibilidade";276;275;275;0;1139;"ESCOLA ESTADUAL PROF. VANDA MARIA DE SOUZA CABETE";"AV. FORTALEZA, N. 1456"
"05/10/2026";"06:29:34";2026;"04/10/2026";"1º Turno";1;"AP";"06157";"SANTANA";6;27;1;"Principal";-1;1538;"ANEXO DA PARÓQUIA NOSSA SENHORA DE FÁTIMA";4;"Temporário";"AVENIDA PRINCESA IZABEL";"CENTRO";"68925210";"-1";"-,0421617";"-51,1731822";1;"ATIVO";-1;"ATIVO";1;"ATIVO";1;"Ativo";"0";"Sem acessibilidade";317;318;318;0;1066;"E.P.G. AMAZONAS";"AV. 15 DE NOVEMBRO, 1132"
"05/10/2026";"06:29:34";2026;"04/10/2026";"1º Turno";1;"AP";"06130";"LARANJAL DO JARI";7;112;1;"Principal";-1;1040;"ESCOLA ESTADUAL SONIA HENRIQUES BARRETO";1;"Convencional";"AVENIDA TANCREDO NEVES, N. 1174";"CENTRO";"68920000";"36211459";"-,8538408";"-52,5388352";1;"ATIVO";-1;"ATIVO";1;"ATIVO";1;"Ativo";"0";"Sem acessibilidade";262;261;261;0;1040;"ESCOLA ESTADUAL SONIA HENRIQUES BARRETO";"AVENIDA TANCREDO NEVES, N. 1174"
"05/10/2026";"06:29:34";2026;"04/10/2026";"1º Turno";1;"AP";"06130";"LARANJAL DO JARI";7;78;1;"Principal";-1;1210;"CENTRO MUNICIPAL DE ENSINO - CMEF";1;"Convencional";"AV. TANCREDO NEVES, S/N";"CENTRO";"68920000";"-1";"-,8522667";"-52,5352814";1;"ATIVO";-1;"ATIVO";1;"ATIVO";1;"Ativo";"0";"Sem acessibilidade";218;217;217;0;1210;"CENTRO MUNICIPAL DE ENSINO - CMEF";"AV. TANCREDO NEVES, S/N"
"05/10/2026";"06:29:34";2026;"04/10/2026";"1º Turno";1;"AP";"06157";"SANTANA";6;37;1;"Principal";-1;1074;"E.E.T.I.  AUGUSTO ANTUNES";1;"Convencional";"TRAVESSA PEDRO SALVADOR DINIZ, 1631";"NOVA BRASÍLIA I";"68927230";"3281 3067";"-,0440221";"-51,1648759";1;"ATIVO";-1;"ATIVO";1;"ATIVO";1;"Ativo";"0";"Sem acessibilidade";337;337;337;0;1074;"E.E.T.I.  AUGUSTO ANTUNES";"TRAVESSA PEDRO SALVADOR DINIZ, 1631"
"05/10/2026";"06:29:34";2026;"04/10/2026";"1º Turno";1;"AP";"06050";"MACAPÁ";2;597;1;"Principal";-1;1791;"ESCOLA ESTADUAL IRINEU DA GAMA PAES";1;"Convencional";"AV RAIMUNDO CAXIAS DE SOUZA                      SN";"CONGOS";"68900000";"+5596981151638";",0090684";"-51,0934478";1;"ATIVO";-1;"ATIVO";1;"ATIVO";1;"Ativo";"1";"Com acessibilidade";356;356;356;0;1791;"ESCOLA ESTADUAL IRINEU DA GAMA PAES";"AV RAIMUNDO CAXIAS DE SOUZA                      SN"
"05/10/2026";"06:29:34";2026;"04/10/2026";"1º Turno";1;"AP";"06050";"MACAPÁ";14;246;1;"Principal";-1;1350;"ESCOLA ESTADUAL PREDICANDA CARNEIRO AMORIM LOPES";1;"Convencional";"RUA RIO GRANDE DO SUL                     131";"SANTA RITA";"68900000";"+5596991555522";",0384932";"-51,0808658";1;"ATIVO";-1;"ATIVO";1;"ATIVO";1;"Ativo";"0";"Sem acessibilidade";360;358;358;0;1350;"ESCOLA ESTADUAL PREDICANDA CARNEIRO AMORIM LOPES";"RUA RIO GRANDE DO SUL                     131"
"05/10/2026";"06:29:34";2026;"04/10/2026";"1º Turno";1;"AP";"06050";"MACAPÁ";2;911;1;"Principal";-1;2712;"ESCOLA ESTADUAL DOM ARISTIDES PIRÓVANO";1;"Convencional";"AV HENRIQUE GALUCIO           1840       SANTA RITA";"SANTA RITA";"68900115";"-1";",0319754";"-51,0668908";1;"ATIVO";-1;"ATIVO";1;"ATIVO";1;"Ativo";"0";"Sem acessibilidade";341;338;338;0;2712;"ESCOLA ESTADUAL DOM ARISTIDES PIRÓVANO";"AV HENRIQUE GALUCIO           1840       SANTA RITA"
"05/10/2026";"06:29:34";2026;"04/10/2026";"1º Turno";1;"AP";"06050";"MACAPÁ";14;51;1;"Principal";-1;1694;"ESCOLA APAE";4;"Temporário";"AV. PARAÍBA, 168";"PACOVAL";"68908280";"96991999118";"-1";"-1";1;"ATIVO";-1;"ATIVO";1;"ATIVO";1;"Ativo";"1";"Com acessibilidade";354;354;354;0;1082;"E.M.E.F. JOSE DUARTE DE AZEVEDO";"RUA SAO PAULO, 670"
"05/10/2026";"06:29:34";2026;"04/10/2026";"1º Turno";1;"AP";"06050";"MACAPÁ";10;243;1;"Principal";-1;1163;"ESCOLA QUILOMBOLA ESTADUAL JOSÉ BONIFÁCIO";1;"Convencional";"RUA SANTO ANTÔNIO, 129";"VILA DO CURIAU";"68900000";"-1";",13441";"-51,05296";1;"ATIVO";-1;"ATIVO";1;"ATIVO";1;"Ativo";"0";"Sem acessibilidade";338;338;338;0;1163;"ESCOLA QUILOMBOLA ESTADUAL JOSÉ BONIFÁCIO";"RUA SANTO ANTÔNIO, 129"
"05/10/2026";"06:29:34";2026;"04/10/2026";"1º Turno";1;"AP";"06050";"MACAPÁ";14;261;1;"Principal";-1;1368;"ESCOLA ESTADUAL PROF. NILTON BALIEIRO MACHADO";1;"Convencional";"DECIMA QUINTA AVENIDA, S/N (ESQUINA COM A QUINTA RUA)";"MARABAIXO III";"68900000";"+5596991539690";",0441313";"-51,127965";1;"ATIVO";-1;"ATIVO";1;"ATIVO";1;"Ativo";"1";"Com acessibilidade";393;393;393;0;1368;"ESCOLA ESTADUAL PROF. NILTON BALIEIRO MACHADO";"DECIMA QUINTA AVENIDA, S/N (ESQUINA COM A QUINTA RUA)"
"05/10/2026";"06:29:34";2026;"04/10/2026";"1º Turno";1;"AP";"06157";"SANTANA";6;201;1;"Principal";-1;1287;"E.E. RODOVAL BORGES SILVA";1;"Convencional";"TRAVESSA L-8, 05";"FONTE NOVA";"68925000";"3283 1213";"-,01659399";"-51,17809187";1;"ATIVO";-1;"ATIVO";1;"ATIVO";1;"Ativo";"0";"Sem acessibilidade";368;368;368;0;1287;"E.E. RODOVAL BORGES SILVA";"TRAVESSA L-8, 05"
"05/10/2026";"06:29:34";2026;"04/10/2026";"1º Turno";1;"AP";"06050";"MACAPÁ";14;74;1;"Principal";-1;1716;"ESCOLA ESTADUAL BARÃO DO RIO BRANCO";4;"Temporário";"AV. FAB, 122";"CENTRAL";"68900073";"-1";"-1";"-1";1;"ATIVO";-1;"ATIVO";1;"ATIVO";1;"Ativo";"0";"Sem acessibilidade";347;345;345;0;1120;"EEEF GENERAL AZEVEDO COSTA";"AV. JOSE ANTONIO SIQUEIRA 111"
"05/10/2026";"06:29:34";2026;"04/10/2026";"1º Turno";1;"AP";"06092";"OIAPOQUE";4;43;1;"Principal";-1;1015;"ESCOLA DE PRIMEIRO GRAU JOAQUIM CAETANO DA SILVA";1;"Convencional";"AVENIDA JOAQUIM CAETANO DA SILVA";"CENTRO";"00000000";"-1";"3,84761965";"-51,83541966";1;"ATIVO";-1;"ATIVO";1;"ATIVO";1;"Ativo";"0";"Sem acessibilidade";272;269;269;0;1015;"ESCOLA DE PRIMEIRO GRAU JOAQUIM CAETANO DA SILVA";"AVENIDA JOAQUIM CAETANO DA SILVA"
"05/10/2026";"06:29:34";2026;"04/10/2026";"1º Turno";1;"AP";"06076";"MAZAGÃO";5;71;1;"Principal";-1;1210;"ESCOLA ESTADUAL EVILÁSIO PEDRO DE LIMA FERREIRA";1;"Convencional";"RODOVIA MACAPA JARI BR 156 KM 132, S/N";"DISTRITO DE MARACA";"68930000";"-1";"-,17971223";"-51,73465291";1;"ATIVO";-1;"ATIVO";1;"ATIVO";1;"Ativo";"0";"Sem acessibilidade";289;317;317;0;1210;"ESCOLA ESTADUAL EVILÁSIO PEDRO DE LIMA FERREIRA";"RODOVIA MACAPA JARI BR 156 KM 132, S/N"
"05/10/2026";"06:29:34";2026;"04/10/2026";"1º Turno";1;"AP";"06050";"MACAPÁ";14;110;1;"Principal";-1;1163;"EMEF MAESTRO MIGUEL ALVES DA SILVA";1;"Convencional";"RUA QUINTINO JUSTO DE ALMEIDA, 120";"PERPETUO SOCORRO";"68908629";"988037090";",0510239";"-51,0471448";1;"ATIVO";-1;"ATIVO";1;"ATIVO";1;"Ativo";"1";"Com acessibilidade";347;346;346;0;1163;"EMEF MAESTRO MIGUEL ALVES DA SILVA";"RUA QUINTINO JUSTO DE ALMEIDA, 120"
"05/10/2026";"06:29:34";2026;"04/10/2026";"1º Turno";1;"AP";"06050";"MACAPÁ";2;540;1;"Principal";-1;2119;"ESCOLA MUNICIPAL DE ENSINO FUNDAMENTAL WILSON MALCHER";1;"Convencional";"RUA JOÃO DE CASTRO , S/N";"JARDIM EQUATORIAL";"68900000";"+5596984144863";",0063263";"-51,0687238";1;"ATIVO";-1;"ATIVO";1;"ATIVO";1;"Ativo";"0";"Sem acessibilidade";335;335;335;0;2119;"ESCOLA MUNICIPAL DE ENSINO FUNDAMENTAL WILSON MALCHER";"RUA JOÃO DE CASTRO , S/N"
"05/10/2026";"06:29:34";2026;"04/10/2026";"1º Turno";1;"AP";"06050";"MACAPÁ";2;548;1;"Principal";-1;1848;"ESCOLA ESTADUAL PROFº ANTONIO CASTRO MONTEIRO";1;"Convencional";"AV. DOM JOSE MARITANO         700";"ZERAO";"68900000";"+5596984136039";"-,0018708";"-51,097023";1;"ATIVO";-1;"ATIVO";1;"ATIVO";1;"Ativo";"1";"Com acessibilidade";334;332;332;0;1848;"ESCOLA ESTADUAL PROFº ANTONIO CASTRO MONTEIRO";"AV. DOM JOSE MARITANO         700"
"05/10/2026";"06:29:34";2026;"04/10/2026";"1º Turno";1;"AP";"06050";"MACAPÁ";10;185;1;"Principal";-1;1392;"ESCOLA ESTADUAL RAIMUNDA DOS PASSOS SANTOS";1;"Convencional";"AV. LOURENCO ARAUJO DE SÁ, 2162, NOVO HORIZONTE";"NOVO HORIZONTE";"68909829";"991549564";",0956351";"-51,0497879";1;"ATIVO";-1;"ATIVO";1;"ATIVO";1;"Ativo";"0";"Sem acessibilidade";385;384;384;0;1392;"ESCOLA ESTADUAL RAIMUNDA DOS PASSOS SANTOS";"AV. LOURENCO ARAUJO DE SÁ, 2162, NOVO HORIZONTE"
"05/10/2026";"06:29:34";2026;"04/10/2026";"1º Turno";1;"AP";"06122";"VITÓRIA DO JARI";7;180;1;"Principal";-1;1104;"ESCOLA ESTADUAL TEOTÔNIO BRANDÃO VILELA";1;"Convencional";"PASSARELA JOSÉ SIMEÃO DE SOUZA";"MINA";"68924000";"-1";"-,923642";"-52,4208478";1;"ATIVO";-1;"ATIVO";1;"ATIVO";1;"Ativo";"0";"Sem acessibilidade";316;314;314;0;1104;"ESCOLA ESTADUAL TEOTÔNIO BRANDÃO VILELA";"PASSARELA JOSÉ SIMEÃO DE SOUZA"
"05/10/2026";"06:29:34";2026;"04/10/2026";"1º Turno";1;"AP";"06157";"SANTANA";6;133;1;"Principal";-1;1023;"E.E. OSVALDINA FERREIRA DA SILVA";1;"Convencional";"RUA PETER VAN SCHUPEMBERG, 90";"ILHA DE SANTANA";"68925000";"+559632841170";"-1";"-1";1;"ATIVO";-1;"ATIVO";1;"ATIVO";1;"Ativo";"0";"Sem acessibilidade";373;373;373;0;1023;"E.E. OSVALDINA FERREIRA DA SILVA";"RUA PETER VAN SCHUPEMBERG, 90"
"05/10/2026";"06:29:34";2026;"04/10/2026";"1º Turno";1;"AP";"06076";"MAZAGÃO";5;73;1;"Principal";-1;1287;"ESCOLA MUNICIPAL CONCEIÇÃO DO MARACÁ";1;"Convencional";"LAGO DO MARACÁ";"VILA CONCEICAO DO MARACA";"68940000";"-1";"-1";"-1";1;"ATIVO";-1;"ATIVO";1;"ATIVO";1;"Ativo";"0";"Sem acessibilidade";241;241;241;0;1287;"ESCOLA MUNICIPAL CONCEIÇÃO DO MARACÁ";"LAGO DO MARACÁ"
"05/10/2026";"06:29:34";2026;"04/10/2026";"1º Turno";1;"AP";"06084";"PEDRA BRANCA DO AMAPARI";11;16;1;"Principal";-1;1031;"ESCOLA ESTADUAL JOSE FERNANDES DA SILVA";1;"Convencional";"PERIMETRAL NORTE, 1037, AGUA FRIA";"COMUNIDADE DE AGUA FRIA";"68945000";"-1";"-1";"-1";1;"ATIVO";-1;"ATIVO";1;"ATIVO";1;"Ativo";"1";"Com acessibilidade";378;378;378;0;1031;"ESCOLA ESTADUAL JOSE FERNANDES DA SILVA";"PERIMETRAL NORTE, 1037, AGUA FRIA"
"05/10/2026";"06:29:34";2026;"04/10/2026";"1º Turno";1;"AP";"06076";"MAZAGÃO";5;53;1;"Principal";-1;1252;"ESCOLA MUNICIPAL DOMINGOS VALENTE BARRETO";1;"Convencional";"RUA SANTA RITA, SN";"BOM JESUS";"68940000";"-1";"-,10687113";"-51,2867679";1;"ATIVO";-1;"ATIVO";1;"ATIVO";1;"Ativo";"0";"Sem acessibilidade";308;308;308;0;1252;"ESCOLA MUNICIPAL DOMINGOS VALENTE BARRETO";"RUA SANTA RITA, SN"
"05/10/2026";"06:29:34";2026;"04/10/2026";"1º Turno";1;"AP";"06076";"MAZAGÃO";5;111;1;"Principal";-1;1414;"ESCOLA MUNICIPAL RAIMUNDO ANTONIO VIEIRA";1;"Convencional";"COMUNIDADE SÃO JORGE DO RIO MARACÁ";"DISTRITO DE MARACA";"68940000";"-1";"-,4497895";"-51,4598557";1;"ATIVO";-1;"ATIVO";1;"ATIVO";1;"Ativo";"0";"Sem acessibilidade";95;95;95;0;1414;"ESCOLA MUNICIPAL RAIMUNDO ANTONIO VIEIRA";"COMUNIDADE SÃO JORGE DO RIO MARACÁ"
"05/10/2026";"06:29:34";2026;"04/10/2026";"1º Turno";1;"AP";"06076";"MAZAGÃO";5;99;1;"Principal";-1;1384;"ESCOLA MUNICIPAL PROF. OTAVIO CALDEIRA AFONSO";1;"Convencional";"TRAVESSA 3, S/N";"UNIAO";"68940000";"-1";"-,11492606";"-51,29468746";1;"ATIVO";-1;"ATIVO";1;"ATIVO";1;"Ativo";"0";"Sem acessibilidade";224;224;224;0;1384;"ESCOLA MUNICIPAL PROF. OTAVIO CALDEIRA AFONSO";"TRAVESSA 3, S/N"
"05/10/2026";"06:29:34";2026;"04/10/2026";"1º Turno";1;"AP";"06050";"MACAPÁ";2;431;1;"Principal";-1;2151;"ESCOLA ESTADUAL RAIMUNDA VIRGOLINO";1;"Convencional";"RUA VILA DOS OLIVEIRAS, 837";"PEDRINHAS";"68903095";"32125268";",00756662";"-51,06437555";1;"ATIVO";-1;"ATIVO";1;"ATIVO";1;"Ativo";"0";"Sem acessibilidade";220;220;220;0;2151;"ESCOLA ESTADUAL RAIMUNDA VIRGOLINO";"RUA VILA DOS OLIVEIRAS, 837"
"05/10/2026";"06:29:34";2026;"04/10/2026";"1º Turno";1;"AP";"06084";"PEDRA BRANCA DO AMAPARI";11;36;1;"Principal";-1;1066;"ESCOLA MUNICIPAL DE ENSINO FUNDAMENTAL SÃO PEDRO";1;"Convencional";"RUA FRANCISCO BRAZ, 345";"CENTRO";"68945100";"+559633221289";",7771201";"-51,9532666";1;"ATIVO";-1;"ATIVO";1;"ATIVO";1;"Ativo";"1";"Com acessibilidade";325;324;324;0;1066;"ESCOLA MUNICIPAL DE ENSINO FUNDAMENTAL SÃO PEDRO";"RUA FRANCISCO BRAZ, 345"
"05/10/2026";"06:29:34";2026;"04/10/2026";"1º Turno";1;"AP";"06050";"MACAPÁ";2;86;1;"Principal";-1;1147;"ESCOLA MUNICIPAL DE ENSINO FUNDAMENTAL AMAPA";1;"Convencional";"RUA JOVINO DINOA, 3188";"TREM";"68900030";"5596984032652";",0247643";"-51,0628301";1;"ATIVO";-1;"ATIVO";1;"ATIVO";1;"Ativo";"0";"Sem acessibilidade";277;279;279;0;1147;"ESCOLA MUNICIPAL DE ENSINO FUNDAMENTAL AMAPA";"RUA JOVINO DINOA, 3188"
"05/10/2026";"06:29:34";2026;"04/10/2026";"1º Turno";1;"AP";"06050";"MACAPÁ";2;842;1;"Principal";-1;2640;"CENTRO DE EDUCAÇÃO DO AMAPÁ - CEPA";1;"Convencional";"AV. MARIA QUITÉRIA,   316";"BURITIZAL";"68901305";"+5596991709091";",0284521";"-51,0756596";1;"ATIVO";-1;"ATIVO";1;"ATIVO";1;"Ativo";"0";"Sem acessibilidade";346;345;345;0;2640;"CENTRO DE EDUCAÇÃO DO AMAPÁ - CEPA";"AV. MARIA QUITÉRIA,   316"
"05/10/2026";"06:29:34";2026;"04/10/2026";"1º Turno";1;"AP";"06076";"MAZAGÃO";5;94;1;"Principal";-1;1449;"ESCOLA MUNICIPAL TIA RAIMUNDA PUREZA";1;"Convencional";"RUA VEIGA CABRAL, S/N";"CENTRO";"68940000";"-1";"-1";"-1";1;"ATIVO";-1;"ATIVO";1;"ATIVO";1;"Ativo";"0";"Sem acessibilidade";223;222;222;0;1449;"ESCOLA MUNICIPAL TIA RAIMUNDA PUREZA";"RUA VEIGA CABRAL, S/N"
"05/10/2026";"06:29:34";2026;"04/10/2026";"1º Turno";1;"AP";"06157";"SANTANA";6;45;1;"Principal";-1;1155;"E.E. PROF. FRANCISCO WALCY LOBATO LIMA";1;"Convencional";"AV. MARIA COLARES, 1940";"NOVA BRASÍLIA I";"68927299";"3283 2601";"-,0365765";"-51,1660317";1;"ATIVO";-1;"ATIVO";1;"ATIVO";1;"Ativo";"0";"Sem acessibilidade";309;307;307;0;1155;"E.E. PROF. FRANCISCO WALCY LOBATO LIMA";"AV. MARIA COLARES, 1940"
"05/10/2026";"06:29:34";2026;"04/10/2026";"1º Turno";1;"AP";"06157";"SANTANA";6;108;1;"Principal";-1;1074;"E.E.T.I.  AUGUSTO ANTUNES";1;"Convencional";"TRAVESSA PEDRO SALVADOR DINIZ, 1631";"NOVA BRASÍLIA I";"68927230";"3281 3067";"-,0440221";"-51,1648759";1;"ATIVO";-1;"ATIVO";1;"ATIVO";1;"Ativo";"0";"Sem acessibilidade";343;341;341;0;1074;"E.E.T.I.  AUGUSTO ANTUNES";"TRAVESSA PEDRO SALVADOR DINIZ, 1631"
"05/10/2026";"06:29:34";2026;"04/10/2026";"1º Turno";1;"AP";"06157";"SANTANA";6;127;1;"Principal";-1;1139;"E.E. ALBERTO SANTOS DUMONT (ELESBÃO)";1;"Convencional";"RAMAL DA OLARIA, 286";"ELESBÃO";"68925000";"3281 1191";"-,04720407";"-51,18649262";1;"ATIVO";-1;"ATIVO";1;"ATIVO";1;"Ativo";"1";"Com acessibilidade";366;366;366;0;1139;"E.E. ALBERTO SANTOS DUMONT (ELESBÃO)";"RAMAL DA OLARIA, 286"
"05/10/2026";"06:29:34";2026;"04/10/2026";"1º Turno";1;"AP";"06050";"MACAPÁ";10;164;1;"Principal";-1;1368;"ESCOLA ESTADUAL SERAFINI COSTAPERARIA";1;"Convencional";"RUA JOSEFA PELAES DE SILVA, 2694";"JARDIM FELICIDADE II";"68909008";"999032287";",0933949";"-51,0591372";1;"ATIVO";-1;"ATIVO";1;"ATIVO";1;"Ativo";"0";"Sem acessibilidade";387;386;386;0;1368;"ESCOLA ESTADUAL SERAFINI COSTAPERARIA";"RUA JOSEFA PELAES DE SILVA, 2694"
"05/10/2026";"06:29:34";2026;"04/10/2026";"1º Turno";1;"AP";"06092";"OIAPOQUE";4;51;1;"Principal";-1;1171;"ESCOLA ESTADUAL MÁRCIA DO SOCORRO LIMA DE FRANÇA";1;"Convencional";"RUA NORBERTO PENNAFORT, N 713, CENTRO";"CENTRO";"68980000";"-1";"3,84417641";"-51,83236672";1;"ATIVO";-1;"ATIVO";1;"ATIVO";1;"Ativo";"0";"Sem acessibilidade";269;270;270;0;1171;"ESCOLA ESTADUAL MÁRCIA DO SOCORRO LIMA DE FRANÇA";"RUA NORBERTO PENNAFORT, N 713, CENTRO"
"05/10/2026";"06:29:34";2026;"04/10/2026";"1º Turno";1;"AP";"06157";"SANTANA";6;74;1;"Principal";-1;1112;"E.E. ALMIRANTE BARROSO";1;"Convencional";"AV. 7 DE SETEMBRO, 533";"COMERCIAL";"68925108";"3281 3018";"-,04850279";"-51,17737876";1;"ATIVO";-1;"ATIVO";1;"ATIVO";1;"Ativo";"0";"Sem acessibilidade";297;296;296;0;1112;"E.E. ALMIRANTE BARROSO";"AV. 7 DE SETEMBRO, 533"
"05/10/2026";"06:29:34";2026;"04/10/2026";"1º Turno";1;"AP";"06076";"MAZAGÃO";5;97;1;"Principal";-1;1244;"ESCOLA ESTADUAL MANOEL QUEIROZ BENJAMIM";1;"Convencional";"RUA PRESIDENTE VARGAS, SN";"OLARIA";"68940000";"-1";"-,12342933";"-51,28345931";1;"ATIVO";-1;"ATIVO";1;"ATIVO";1;"Ativo";"0";"Sem acessibilidade";237;237;237;0;1244;"ESCOLA ESTADUAL MANOEL QUEIROZ BENJAMIM";"RUA PRESIDENTE VARGAS, SN"
"05/10/2026";"06:29:34";2026;"04/10/2026";"1º Turno";1;"AP";"06050";"MACAPÁ";14;392;1;"Principal";-1;1562;"ESCOLA ESTADUAL CLAUDIO DOS SANTOS BARBOSA";1;"Convencional";"VILA PROGESSO";"DISTRITO DE BAILIQUE";"68900000";"33321130";",8699606";"-50,0451417";1;"ATIVO";-1;"ATIVO";1;"ATIVO";1;"Ativo";"0";"Sem acessibilidade";313;313;313;0;1562;"ESCOLA ESTADUAL CLAUDIO DOS SANTOS BARBOSA";"VILA PROGESSO"
"05/10/2026";"06:29:34";2026;"04/10/2026";"1º Turno";1;"AP";"06050";"MACAPÁ";10;287;1;"Principal";-1;1414;"ESCOLA MUNICIPAL PROFESSORA VERA LUCIA PINON NERY";1;"Convencional";"AV. CARLOS LINS CORTES, 1405";"INFRAERO II";"68900000";"32511330";",0708299";"-51,0829593";1;"ATIVO";-1;"ATIVO";1;"ATIVO";1;"Ativo";"0";"Sem acessibilidade";383;382;382;0;1414;"ESCOLA MUNICIPAL PROFESSORA VERA LUCIA PINON NERY";"AV. CARLOS LINS CORTES, 1405"
"05/10/2026";"06:29:34";2026;"04/10/2026";"1º Turno";1;"AP";"06050";"MACAPÁ";2;900;1;"Principal";-1;1090;"ESCOLA ESTADUAL DR.COARACY NUNES";1;"Convencional";"AV MENDONCA JUNIOR          1651         CENTRO";"CENTRO";"68900000";"+5596981025968";",0338216";"-51,0647025";1;"ATIVO";-1;"ATIVO";1;"ATIVO";1;"Ativo";"1";"Com acessibilidade";292;291;291;0;1090;"ESCOLA ESTADUAL DR.COARACY NUNES";"AV MENDONCA JUNIOR          1651         CENTRO"
"05/10/2026";"06:29:34";2026;"04/10/2026";"1º Turno";1;"AP";"06050";"MACAPÁ";10;301;1;"Principal";-1;1660;"ESCOLA ESTADUAL DE TEMPO INTEGRAL PROFESSOR. DARCY RIBEIRO";1;"Convencional";"AV. JOSÉ FERREIRA CHUCRE, 2420";"NOVO HORIZONTE";"68909826";"-1";",0873907";"-51,0406523";1;"ATIVO";-1;"ATIVO";1;"ATIVO";1;"Ativo";"0";"Sem acessibilidade";365;364;364;0;1660;"ESCOLA ESTADUAL DE TEMPO INTEGRAL PROFESSOR. DARCY RIBEIRO";"AV. JOSÉ FERREIRA CHUCRE, 2420"
"05/10/2026";"06:29:34";2026;"04/10/2026";"1º Turno";1;"AP";"06050";"MACAPÁ";2;800;1;"Principal";-1;2070;"ESCOLA ESTADUAL PROFª MARGARIDA ROCHA DA COSTA";1;"Convencional";"RODOVIA SALVADOR DINIZ, 1736";"IGARAPE DA FORTALEZA";"68911085";"+5596991658877";"-,0486964";"-51,1375111";1;"ATIVO";-1;"ATIVO";1;"ATIVO";1;"Ativo";"0";"Sem acessibilidade";209;212;212;0;2070;"ESCOLA ESTADUAL PROFª MARGARIDA ROCHA DA COSTA";"RODOVIA SALVADOR DINIZ, 1736"
"05/10/2026";"06:29:34";2026;"04/10/2026";"1º Turno";1;"AP";"06157";"SANTANA";6;18;1;"Principal";-1;1058;"E.P.G. JOSE BARROSO TOSTES";1;"Convencional";"AV. 7 DE SETEMBRO, 186";"CENTRO";"68925000";"3281 1542";"-,0415918";"-51,1768394";1;"ATIVO";-1;"ATIVO";1;"ATIVO";1;"Ativo";"0";"Sem acessibilidade";294;294;294;0;1058;"E.P.G. JOSE BARROSO TOSTES";"AV. 7 DE SETEMBRO, 186"
"05/10/2026";"06:29:34";2026;"04/10/2026";"1º Turno";1;"AP";"06076";"MAZAGÃO";5;80;1;"Principal";-1;1155;"ESCOLA ESTADUAL OSMUNDO VALENTE BARRETO";1;"Convencional";"BRAÇO DO RIO AJURUXI";"COMUNIDADE MARANATA";"68940000";"-1";"-,5351455";"-51,5468884";1;"ATIVO";-1;"ATIVO";1;"ATIVO";1;"Ativo";"0";"Sem acessibilidade";314;313;313;0;1155;"ESCOLA ESTADUAL OSMUNDO VALENTE BARRETO";"BRAÇO DO RIO AJURUXI"
"05/10/2026";"06:29:34";2026;"04/10/2026";"1º Turno";1;"AP";"06130";"LARANJAL DO JARI";7;25;1;"Principal";-1;1066;"ESCOLA ESTADUAL MINEKO HAYASHIDA";1;"Convencional";"AVENIDA TANCREDO NEVES, 1304";"AGRESTE";"68920000";"991337867";"-,8380233";"-52,517341";1;"ATIVO";-1;"ATIVO";1;"ATIVO";1;"Ativo";"0";"Sem acessibilidade";195;193;193;0;1066;"ESCOLA ESTADUAL MINEKO HAYASHIDA";"AVENIDA TANCREDO NEVES, 1304"
"05/10/2026";"06:29:34";2026;"04/10/2026";"1º Turno";1;"AP";"06050";"MACAPÁ";10;119;1;"Principal";-1;2070;"ESCOLA ESTADUAL MARIA MERIAN DOS SANTOS CORDEIRO FERNANDES";4;"Temporário";"AV. GLICÉRIO SOUZA FIGUEIREDO, 66";"NOVO HORIZONTE";"68909821";"96 984073412";"-1";"-1";1;"ATIVO";-1;"ATIVO";1;"ATIVO";1;"Ativo";"0";"Sem acessibilidade";388;388;388;0;1325;"ESCOLA ESTADUAL RIVANDA NAZARE DA SILVA GUIMARAES";"RUA CÍCERO MARQUES DE SOUZA, 2874, NOVO HORIZONTE"
"05/10/2026";"06:29:34";2026;"04/10/2026";"1º Turno";1;"AP";"06157";"SANTANA";6;255;1;"Principal";-1;1074;"E.E.T.I.  AUGUSTO ANTUNES";1;"Convencional";"TRAVESSA PEDRO SALVADOR DINIZ, 1631";"NOVA BRASÍLIA I";"68927230";"3281 3067";"-,0440221";"-51,1648759";1;"ATIVO";-1;"ATIVO";1;"ATIVO";1;"Ativo";"0";"Sem acessibilidade";347;344;344;0;1074;"E.E.T.I.  AUGUSTO ANTUNES";"TRAVESSA PEDRO SALVADOR DINIZ, 1631"
"05/10/2026";"06:29:34";2026;"04/10/2026";"1º Turno";1;"AP";"06050";"MACAPÁ";2;686;1;"Principal";-1;2453;"ESCOLA MUNICIPAL DE ENSINO FUNDAMENTAL CAETANO DIAS TOMAZ";1;"Convencional";"RUA DO MATADOURO, 112";"DISTRITO DE FAZENDINHA";"68911012";"+5596999083324";"-,0463079";"-51,1164641";1;"ATIVO";-1;"ATIVO";1;"ATIVO";1;"Ativo";"0";"Sem acessibilidade";251;252;252;0;2453;"ESCOLA MUNICIPAL DE ENSINO FUNDAMENTAL CAETANO DIAS TOMAZ";"RUA DO MATADOURO, 112"
"05/10/2026";"06:29:34";2026;"04/10/2026";"1º Turno";1;"AP";"06050";"MACAPÁ";2;837;1;"Principal";-1;2151;"ESCOLA ESTADUAL RAIMUNDA VIRGOLINO";1;"Convencional";"RUA VILA DOS OLIVEIRAS, 837";"PEDRINHAS";"68903095";"32125268";",00756662";"-51,06437555";1;"ATIVO";-1;"ATIVO";1;"ATIVO";1;"Ativo";"0";"Sem acessibilidade";390;391;391;0;2151;"ESCOLA ESTADUAL RAIMUNDA VIRGOLINO";"RUA VILA DOS OLIVEIRAS, 837"
"05/10/2026";"06:29:34";2026;"04/10/2026";"1º Turno";1;"AP";"06084";"PEDRA BRANCA DO AMAPARI";11;13;1;"Principal";-1;1023;"ESCOLA MUNICIPAL DE ENSINO FUNDAMENTAL RIOZINHO";1;"Convencional";"PERIMETRAL NORTE - ZONA RURAL";"COMUNIDADE RIOZINHO";"68945000";"-1";"-1";"-1";1;"ATIVO";-1;"ATIVO";1;"ATIVO";1;"Ativo";"0";"Sem acessibilidade";238;238;238;0;1023;"ESCOLA MUNICIPAL DE ENSINO FUNDAMENTAL RIOZINHO";"PERIMETRAL NORTE - ZONA RURAL"
"05/10/2026";"06:29:34";2026;"04/10/2026";"1º Turno";1;"AP";"06157";"SANTANA";6;220;1;"Principal";-1;1198;"E.E. FONTE NOVA";1;"Convencional";"AV. DOM PEDRO I, 4286";"FONTE NOVA";"68928163";"3281 3288";"-,01910818";"-51,16939163";1;"ATIVO";-1;"ATIVO";1;"ATIVO";1;"Ativo";"0";"Sem acessibilidade";244;313;313;0;1198;"E.E. FONTE NOVA";"AV. DOM PEDRO I, 4286"
"05/10/2026";"06:29:34";2026;"04/10/2026";"1º Turno";1;"AP";"06157";"SANTANA";6;185;1;"Principal";-1;1201;"E.E. PROF. IZANETE VICTOR DOS SANTOS";1;"Convencional";"AV. COELHO NETO, 828";"PARAÍSO";"68925000";"3283 2783";"-,0294157";"-51,1673923";1;"ATIVO";-1;"ATIVO";1;"ATIVO";1;"Ativo";"1";"Com acessibilidade";360;358;358;0;1201;"E.E. PROF. IZANETE VICTOR DOS SANTOS";"AV. COELHO NETO, 828"
"05/10/2026";"06:29:34";2026;"04/10/2026";"1º Turno";1;"AP";"06157";"SANTANA";6;223;1;"Principal";-1;1430;"ESCOLA MUNICIPAL NOSSA SENHORA DA CONCEICAO";1;"Convencional";"AV. JOSE DE ANCHIETA, 399-A";"COMERCIAL";"68925000";"99141164";"-,0497623";"-51,1757274";1;"ATIVO";-1;"ATIVO";1;"ATIVO";1;"Ativo";"0";"Sem acessibilidade";209;210;210;0;1430;"ESCOLA MUNICIPAL NOSSA SENHORA DA CONCEICAO";"AV. JOSE DE ANCHIETA, 399-A"
"05/10/2026";"06:29:34";2026;"04/10/2026";"1º Turno";1;"AP";"06130";"LARANJAL DO JARI";7;116;1;"Principal";-1;1252;"ESCOLA MUNICIPAL MARIA DE NAZARÉ MINEIRO";1;"Convencional";"AV. TANCREDO NEVES S/N";"ASSENTAMENTO NAZARE MINEIRO";"68920000";"-1";"-,814887";"-52,4952887";1;"ATIVO";-1;"ATIVO";1;"ATIVO";1;"Ativo";"0";"Sem acessibilidade";367;367;367;0;1252;"ESCOLA MUNICIPAL MARIA DE NAZARÉ MINEIRO";"AV. TANCREDO NEVES S/N"
"05/10/2026";"06:29:34";2026;"04/10/2026";"1º Turno";1;"AP";"06157";"SANTANA";6;124;1;"Principal";-1;1210;"E.E. IGARAPE DA FORTALEZA";1;"Convencional";"RUA RIO MATAPI, 121";"IGARAPÉ DA FORTALEZA";"68925000";"3283 2250";"-,0473052";"-51,1450026";1;"ATIVO";-1;"ATIVO";1;"ATIVO";1;"Ativo";"0";"Sem acessibilidade";374;375;375;0;1210;"E.E. IGARAPE DA FORTALEZA";"RUA RIO MATAPI, 121"
"05/10/2026";"06:29:34";2026;"04/10/2026";"1º Turno";1;"AP";"06033";"CALÇOENE";1;68;1;"Principal";-1;1058;"ESCOLA DE ESTADUAL DE ENSINO DE 1º GRAU JOSE RODRIGUES CORDEIRO";1;"Convencional";"AV MANOEL SARMENTO, SN, CENTRO";"CENTRO";"68960000";"-1";"2,49782599";"-50,95739285";1;"ATIVO";-1;"ATIVO";1;"ATIVO";1;"Ativo";"0";"Sem acessibilidade";300;298;298;0;1058;"ESCOLA DE ESTADUAL DE ENSINO DE 1º GRAU JOSE RODRIGUES CORDEIRO";"AV MANOEL SARMENTO, SN, CENTRO"
"05/10/2026";"06:29:34";2026;"04/10/2026";"1º Turno";1;"AP";"06173";"TARTARUGALZINHO";8;24;1;"Principal";-1;1163;"ESC EST BASÍLIO PEREIRA DE SOUZA FILHO";1;"Convencional";"COM LIVRAMENTO DO APOREMA";"LIVRAMENTO DO APOREMA";"68990000";"-1";"1,09295371";"-50,7664565";1;"ATIVO";-1;"ATIVO";1;"ATIVO";1;"Ativo";"0";"Sem acessibilidade";168;168;168;0;1163;"ESC EST BASÍLIO PEREIRA DE SOUZA FILHO";"COM LIVRAMENTO DO APOREMA"
"05/10/2026";"06:29:34";2026;"04/10/2026";"1º Turno";1;"AP";"06050";"MACAPÁ";14;219;1;"Principal";-1;1708;"ESCOLA ESTADUAL ANTONIO JOÃO";4;"Temporário";"RUA HILDEMAR MAIA, 674";"SANTA RITA";"68908119";"96991320828";"-1";"-1";1;"ATIVO";-1;"ATIVO";1;"ATIVO";1;"Ativo";"0";"Sem acessibilidade";290;290;290;0;1325;"ESCOLA ESTADUAL  JOSÉ DE ANCHIETA";"AV CORA DE CARVALHO, SN"
"05/10/2026";"06:29:34";2026;"04/10/2026";"1º Turno";1;"AP";"06050";"MACAPÁ";10;241;1;"Principal";-1;1520;"ESCOLA ESTADUAL PROFESSOR ANTONIO FERREIRA DE LIMA NETO";1;"Convencional";"AV. FRANCISCO FELIPPE DE MIRANDA  NERY - 2336";"LOTEAMENTO BURITIS";"68908805";"+5596991423491";",0713059";"-51,0898494";1;"ATIVO";-1;"ATIVO";1;"ATIVO";1;"Ativo";"0";"Sem acessibilidade";393;392;392;0;1520;"ESCOLA ESTADUAL PROFESSOR ANTONIO FERREIRA DE LIMA NETO";"AV. FRANCISCO FELIPPE DE MIRANDA  NERY - 2336"
"05/10/2026";"06:29:34";2026;"04/10/2026";"1º Turno";1;"AP";"06114";"FERREIRA GOMES";12;46;1;"Principal";-1;1015;"ESCOLA ESTADUAL PROFA. MARIA IRACI TAVARES";1;"Convencional";"RUA DUQUE DE CAXIAS, N. 521";"CENTRO";"68915000";"-1";",85830092";"-51,18378177";1;"ATIVO";-1;"ATIVO";1;"ATIVO";1;"Ativo";"1";"Com acessibilidade";371;370;370;0;1015;"ESCOLA ESTADUAL PROFA. MARIA IRACI TAVARES";"RUA DUQUE DE CAXIAS, N. 521"
"05/10/2026";"06:29:34";2026;"04/10/2026";"1º Turno";1;"AP";"06050";"MACAPÁ";2;755;1;"Principal";-1;2321;"ESCOLA ESTADUAL PROFª NANCI NINA COSTA";1;"Convencional";"AV. INSPETOR AIMORÉ, 1331";"ZERAO";"68900000";"+5596981452190";",0015588";"-51,0873044";1;"ATIVO";-1;"ATIVO";1;"ATIVO";1;"Ativo";"1";"Com acessibilidade";379;380;380;0;2321;"ESCOLA ESTADUAL PROFª NANCI NINA COSTA";"AV. INSPETOR AIMORÉ, 1331"
"05/10/2026";"06:29:34";2026;"04/10/2026";"1º Turno";1;"AP";"06050";"MACAPÁ";14;347;1;"Principal";-1;1490;"ESCOLA MUNICIPAL DE ENSINO FUNDAMENTAL RAIMUNDA DE LIMA GUEDES";1;"Convencional";"RUA 07 - N 194";"MARABAIXO I";"68900000";"+5596981389898";",0372505";"-51,1265339";1;"ATIVO";-1;"ATIVO";1;"ATIVO";1;"Ativo";"1";"Com acessibilidade";287;286;286;0;1490;"ESCOLA MUNICIPAL DE ENSINO FUNDAMENTAL RAIMUNDA DE LIMA GUEDES";"RUA 07 - N 194"
"05/10/2026";"06:29:34";2026;"04/10/2026";"1º Turno";1;"AP";"06050";"MACAPÁ";10;196;1;"Principal";-1;1422;"ESCOLA MUNICIPAL PROFESSOR JOSAFA AIRES DA COSTA";1;"Convencional";"RUA 1 DE JANEIRO, 974";"INFRAERO I";"68908874";"991143307";",0726402";"-51,0633359";1;"ATIVO";-1;"ATIVO";1;"ATIVO";1;"Ativo";"0";"Sem acessibilidade";386;385;385;0;1422;"ESCOLA MUNICIPAL PROFESSOR JOSAFA AIRES DA COSTA";"RUA 1 DE JANEIRO, 974"
"05/10/2026";"06:29:34";2026;"04/10/2026";"1º Turno";1;"AP";"06157";"SANTANA";6;213;1;"Principal";-1;1392;"ESCOLA ESTADUAL PADRE SIMAO CORRIDORI";1;"Convencional";"RUA CLAUDIO LUCIO MONTEIRO, 1737";"REMEDIOS II";"68925000";"-1";"-,0533839";"-51,1636298";1;"ATIVO";-1;"ATIVO";1;"ATIVO";1;"Ativo";"0";"Sem acessibilidade";290;291;291;0;1392;"ESCOLA ESTADUAL PADRE SIMAO CORRIDORI";"RUA CLAUDIO LUCIO MONTEIRO, 1737"
"05/10/2026";"06:29:34";2026;"04/10/2026";"1º Turno";1;"AP";"06050";"MACAPÁ";2;930;1;"Principal";-1;2720;"ESCOLA ESTADUAL DR.ALEXANDRE VAZ TAVARES";1;"Convencional";"AV FELICIANO COELHO                                SN";"TREM";"68900000";"+5596984097424";",0294743";"-51,0595886";1;"ATIVO";-1;"ATIVO";1;"ATIVO";1;"Ativo";"0";"Sem acessibilidade";321;318;318;0;2720;"ESCOLA ESTADUAL DR.ALEXANDRE VAZ TAVARES";"AV FELICIANO COELHO                                SN"
"05/10/2026";"06:29:34";2026;"04/10/2026";"1º Turno";1;"AP";"06157";"SANTANA";6;111;1;"Principal";-1;1180;"E.E. MARIA CATARINA DANTAS TIBURCIO";1;"Convencional";"AV. MARIA IZABEL PEREIRA DA SILVA, 110";"NOVO HORIZONTE ";"68925000";"3283 2815";"-,0558208";"-51,164729";1;"ATIVO";-1;"ATIVO";1;"ATIVO";1;"Ativo";"0";"Sem acessibilidade";342;343;343;0;1180;"E.E. MARIA CATARINA DANTAS TIBURCIO";"AV. MARIA IZABEL PEREIRA DA SILVA, 110"
"05/10/2026";"06:29:34";2026;"04/10/2026";"1º Turno";1;"AP";"06009";"PRACUÚBA";1;94;2;"Agregada";44;1279;"ESCOLA ESTADUAL ERNESTO COLARES";1;"Convencional";"AV SÃO PEDRO, 1158";"CENTRO";"68918000";"-1";"-1";"-1";1;"ATIVO";-1;"ATIVO";1;"ATIVO";1;"Ativo";"0";"Sem acessibilidade";2;0;0;0;1279;"ESCOLA ESTADUAL ERNESTO COLARES";"AV SÃO PEDRO, 1158"
"05/10/2026";"06:29:34";2026;"04/10/2026";"1º Turno";1;"AP";"06041";"ITAUBAL";10;147;1;"Principal";-1;1023;"ESCOLA ESTADUAL WILSON HILL DE ARAUJO";1;"Convencional";"VILA DO ITAUBAL";"CENTRO";"68900000";"-1";",6019829";"-50,6995791";1;"ATIVO";-1;"ATIVO";1;"ATIVO";1;"Ativo";"0";"Sem acessibilidade";328;324;324;0;1023;"ESCOLA ESTADUAL WILSON HILL DE ARAUJO";"VILA DO ITAUBAL"
"05/10/2026";"06:29:34";2026;"04/10/2026";"1º Turno";1;"AP";"06033";"CALÇOENE";1;51;1;"Principal";-1;1015;"ESCOLA ESTADUAL PROFº. SILVIO ELITO DE LIMA SANTOS";1;"Convencional";"AV MANOEL SARMENTO, N. 0266";"CENTRO";"68960000";"34231500";"2,4976326";"-50,9572776";1;"ATIVO";-1;"ATIVO";1;"ATIVO";1;"Ativo";"0";"Sem acessibilidade";328;328;328;0;1015;"ESCOLA ESTADUAL PROFº. SILVIO ELITO DE LIMA SANTOS";"AV MANOEL SARMENTO, N. 0266"
"05/10/2026";"06:29:34";2026;"04/10/2026";"1º Turno";1;"AP";"06050";"MACAPÁ";2;844;1;"Principal";-1;2640;"CENTRO DE EDUCAÇÃO DO AMAPÁ - CEPA";1;"Convencional";"AV. MARIA QUITÉRIA,   316";"BURITIZAL";"68901305";"+5596991709091";",0284521";"-51,0756596";1;"ATIVO";-1;"ATIVO";1;"ATIVO";1;"Ativo";"0";"Sem acessibilidade";344;342;342;0;2640;"CENTRO DE EDUCAÇÃO DO AMAPÁ - CEPA";"AV. MARIA QUITÉRIA,   316"
"05/10/2026";"06:29:34";2026;"04/10/2026";"1º Turno";1;"AP";"06157";"SANTANA";6;101;1;"Principal";-1;1252;"E.E. SAO BENTO";1;"Convencional";"RUA GENERAL EMILIO GARRASTAZU MEDICI, 844";"PARAÍSO";"68925000";"3281 4179";"-,03030393";"-51,17387979";1;"ATIVO";-1;"ATIVO";1;"ATIVO";1;"Ativo";"0";"Sem acessibilidade";311;311;311;0;1252;"E.E. SAO BENTO";"RUA GENERAL EMILIO GARRASTAZU MEDICI, 844"
"05/10/2026";"06:29:34";2026;"04/10/2026";"1º Turno";1;"AP";"06050";"MACAPÁ";10;492;1;"Principal";-1;1503;"ESCOLA MUNICIPAL PROFESSOR JOSÉ LEOVES DE LIMA TEIXEIRA";1;"Convencional";"RUA RENASCIMENTO, 2041";"RENASCER";"68900000";"981381507";",0729854";"-51,0513328";1;"ATIVO";-1;"ATIVO";1;"ATIVO";1;"Ativo";"0";"Sem acessibilidade";96;93;93;0;1503;"ESCOLA MUNICIPAL PROFESSOR JOSÉ LEOVES DE LIMA TEIXEIRA";"RUA RENASCIMENTO, 2041"
"05/10/2026";"06:29:34";2026;"04/10/2026";"1º Turno";1;"AP";"06050";"MACAPÁ";2;938;1;"Principal";-1;2739;"ESCOLA ESTADUAL COELHO NETO";1;"Convencional";"AV CLODOVIO COELHO                   124";"BURITIZAL";"68905160";"+5596991197151";",0245373";"-51,0765101";1;"ATIVO";-1;"ATIVO";1;"ATIVO";1;"Ativo";"0";"Sem acessibilidade";226;228;228;0;2739;"ESCOLA ESTADUAL COELHO NETO";"AV CLODOVIO COELHO                   124"
"05/10/2026";"06:29:34";2026;"04/10/2026";"1º Turno";1;"AP";"06050";"MACAPÁ";14;17;1;"Principal";-1;1040;"CENTRO EDUCACIONAL IRMÃ CARMELA BONASSI";1;"Convencional";"AV. DEZOITO, 1792";"MARABAIXO III";"68909857";"+5596991360104";",0463151";"-51,1256065";1;"ATIVO";-1;"ATIVO";1;"ATIVO";1;"Ativo";"0";"Sem acessibilidade";443;443;443;0;1040;"CENTRO EDUCACIONAL IRMÃ CARMELA BONASSI";"AV. DEZOITO, 1792"
"05/10/2026";"06:29:34";2026;"04/10/2026";"1º Turno";1;"AP";"06173";"TARTARUGALZINHO";8;35;2;"Agregada";43;1198;"ESCOLA MUNICIPAL ANALICE MACIEL DE JESUS";1;"Convencional";"AV. 25 DE AGOSTO, N. 249";"CENTRO";"68990000";"34221409";"-1";"-1";1;"ATIVO";-1;"ATIVO";1;"ATIVO";1;"Ativo";"0";"Sem acessibilidade";28;0;0;0;1198;"ESCOLA MUNICIPAL ANALICE MACIEL DE JESUS";"AV. 25 DE AGOSTO, N. 249"
"05/10/2026";"06:29:34";2026;"04/10/2026";"1º Turno";1;"AP";"06157";"SANTANA";6;279;2;"Agregada";220;1317;"ESCOLA MUNICIPAL PADRE FULVIO GIULLIANO";1;"Convencional";"AVENIDA RIO BRANCO, S/N";"FONTE NOVA";"68925000";"-1";"-,0189671";"-51,1681296";1;"ATIVO";-1;"ATIVO";1;"ATIVO";1;"Ativo";"0";"Sem acessibilidade";11;0;0;0;1317;"ESCOLA MUNICIPAL PADRE FULVIO GIULLIANO";"AVENIDA RIO BRANCO, S/N"
"05/10/2026";"06:29:34";2026;"04/10/2026";"1º Turno";1;"AP";"06025";"PORTO GRANDE";12;25;2;"Agregada";70;1074;"ESC. EST. SANTA MARIA";1;"Convencional";"GARIMPO DO VILA NOVA";"GARIMPO DO VILA NOVA";"68997000";"-1";",7018994";"-51,4025828";1;"ATIVO";-1;"ATIVO";1;"ATIVO";1;"Ativo";"1";"Com acessibilidade";188;0;0;0;1074;"ESC. EST. SANTA MARIA";"GARIMPO DO VILA NOVA"
"05/10/2026";"06:29:34";2026;"04/10/2026";"1º Turno";1;"AP";"06130";"LARANJAL DO JARI";7;111;1;"Principal";-1;1147;"ESCOLA MUNICIPAL SANTA LÚCIA";1;"Convencional";"AVENIDA TANCREDO NEVES, N. 1544";"LOTEAMENTO SARNEY";"68920000";"36212923";"-,8207521";"-52,5007678";1;"ATIVO";-1;"ATIVO";1;"ATIVO";1;"Ativo";"0";"Sem acessibilidade";296;297;297;0;1147;"ESCOLA MUNICIPAL SANTA LÚCIA";"AVENIDA TANCREDO NEVES, N. 1544"
"05/10/2026";"06:29:34";2026;"04/10/2026";"1º Turno";1;"AP";"06050";"MACAPÁ";2;365;1;"Principal";-1;1961;"ESCOLA MUNICIPAL DE ENSINO INFANTIL ANA LUIZA DE SOUZA MORAES";1;"Convencional";"RUA CLAUDOMIRO DE MORAES, 802";"NOVO BURITIZAL";"68904000";"-1";",0183376";"-51,0795418";1;"ATIVO";-1;"ATIVO";1;"ATIVO";1;"Ativo";"0";"Sem acessibilidade";190;191;191;0;1961;"ESCOLA MUNICIPAL DE ENSINO INFANTIL ANA LUIZA DE SOUZA MORAES";"RUA CLAUDOMIRO DE MORAES, 802"
"05/10/2026";"06:29:34";2026;"04/10/2026";"1º Turno";1;"AP";"06084";"PEDRA BRANCA DO AMAPARI";11;33;1;"Principal";-1;1066;"ESCOLA MUNICIPAL DE ENSINO FUNDAMENTAL SÃO PEDRO";1;"Convencional";"RUA FRANCISCO BRAZ, 345";"CENTRO";"68945100";"+559633221289";",7771201";"-51,9532666";1;"ATIVO";-1;"ATIVO";1;"ATIVO";1;"Ativo";"0";"Sem acessibilidade";326;321;321;0;1066;"ESCOLA MUNICIPAL DE ENSINO FUNDAMENTAL SÃO PEDRO";"RUA FRANCISCO BRAZ, 345"
"05/10/2026";"06:29:34";2026;"04/10/2026";"1º Turno";1;"AP";"06050";"MACAPÁ";10;107;1;"Principal";-1;1317;"ESCOLA ESTADUAL PROFESSORA ESTHER DA SILVA VIRGOLINO";1;"Convencional";"RUA JOSE AURINO BORGES, 924";"SAO LAZARO";"68909806";"00000";",0989435";"-51,0463416";1;"ATIVO";-1;"ATIVO";1;"ATIVO";1;"Ativo";"0";"Sem acessibilidade";337;336;336;0;1317;"ESCOLA ESTADUAL PROFESSORA ESTHER DA SILVA VIRGOLINO";"RUA JOSE AURINO BORGES, 924"
"05/10/2026";"06:29:34";2026;"04/10/2026";"1º Turno";1;"AP";"06050";"MACAPÁ";10;292;1;"Principal";-1;1503;"ESCOLA MUNICIPAL PROFESSOR JOSÉ LEOVES DE LIMA TEIXEIRA";1;"Convencional";"RUA RENASCIMENTO, 2041";"RENASCER";"68900000";"981381507";",0729854";"-51,0513328";1;"ATIVO";-1;"ATIVO";1;"ATIVO";1;"Ativo";"0";"Sem acessibilidade";392;391;391;0;1503;"ESCOLA MUNICIPAL PROFESSOR JOSÉ LEOVES DE LIMA TEIXEIRA";"RUA RENASCIMENTO, 2041"
"05/10/2026";"06:29:34";2026;"04/10/2026";"1º Turno";1;"AP";"06173";"TARTARUGALZINHO";8;23;1;"Principal";-1;1171;"ESC MUN ANDIROBA DO LAGO NOVO";1;"Convencional";"COMUNIDADE DO ANDIROBA";"ANDIROBA";"68990000";"-1";"-1";"-1";1;"ATIVO";-1;"ATIVO";1;"ATIVO";1;"Ativo";"0";"Sem acessibilidade";198;199;199;0;1171;"ESC MUN ANDIROBA DO LAGO NOVO";"COMUNIDADE DO ANDIROBA"
"05/10/2026";"06:29:34";2026;"04/10/2026";"1º Turno";1;"AP";"06050";"MACAPÁ";2;461;1;"Principal";-1;1783;"ESCOLA ESTADUAL LAURO CHAVES";1;"Convencional";"AV TEMBES       SN";"MUCA";"68900000";"32411440";",0130979";"-51,074366";1;"ATIVO";-1;"ATIVO";1;"ATIVO";1;"Ativo";"1";"Com acessibilidade";257;257;257;0;1783;"ESCOLA ESTADUAL LAURO CHAVES";"AV TEMBES       SN"
"05/10/2026";"06:29:34";2026;"04/10/2026";"1º Turno";1;"AP";"06050";"MACAPÁ";14;377;1;"Principal";-1;1546;"UNIVERSIDADE DO ESTADO DO AMAPÁ - UEAP";1;"Convencional";"AV PRESIDENTE VARGAS,650";"CENTRO";"68900070";"+5596991119207";",0383042";"-51,0555888";1;"ATIVO";-1;"ATIVO";1;"ATIVO";1;"Ativo";"1";"Com acessibilidade";198;198;198;0;1546;"UNIVERSIDADE DO ESTADO DO AMAPÁ - UEAP";"AV PRESIDENTE VARGAS,650"
"05/10/2026";"06:29:34";2026;"04/10/2026";"1º Turno";1;"AP";"06130";"LARANJAL DO JARI";7;26;1;"Principal";-1;1066;"ESCOLA ESTADUAL MINEKO HAYASHIDA";1;"Convencional";"AVENIDA TANCREDO NEVES, 1304";"AGRESTE";"68920000";"991337867";"-,8380233";"-52,517341";1;"ATIVO";-1;"ATIVO";1;"ATIVO";1;"Ativo";"0";"Sem acessibilidade";195;195;195;0;1066;"ESCOLA ESTADUAL MINEKO HAYASHIDA";"AVENIDA TANCREDO NEVES, 1304"
"05/10/2026";"06:29:34";2026;"04/10/2026";"1º Turno";1;"AP";"06050";"MACAPÁ";2;794;1;"Principal";-1;2313;"ESCOLA MUNICIPAL DE ENSINO FUNDAMENTAL ANTONIO BARBOSA";1;"Convencional";"RUA NOVO HORIZONTE, 153";"SANTA INES";"68900000";"+5596988052658";",01499";"-51,0577573";1;"ATIVO";-1;"ATIVO";1;"ATIVO";1;"Ativo";"0";"Sem acessibilidade";160;162;162;0;2313;"ESCOLA MUNICIPAL DE ENSINO FUNDAMENTAL ANTONIO BARBOSA";"RUA NOVO HORIZONTE, 153"
"05/10/2026";"06:29:34";2026;"04/10/2026";"1º Turno";1;"AP";"06050";"MACAPÁ";2;405;1;"Principal";-1;1791;"ESCOLA ESTADUAL IRINEU DA GAMA PAES";1;"Convencional";"AV RAIMUNDO CAXIAS DE SOUZA                      SN";"CONGOS";"68900000";"+5596981151638";",0090684";"-51,0934478";1;"ATIVO";-1;"ATIVO";1;"ATIVO";1;"Ativo";"0";"Sem acessibilidade";360;361;361;0;1791;"ESCOLA ESTADUAL IRINEU DA GAMA PAES";"AV RAIMUNDO CAXIAS DE SOUZA                      SN"
"05/10/2026";"06:29:34";2026;"04/10/2026";"1º Turno";1;"AP";"06050";"MACAPÁ";14;122;1;"Principal";-1;1171;"EMEF RONDONIA";1;"Convencional";"RUA JOVINO DINOA 741";"JESUS DE NAZARE";"68900000";"-1";",0454089";"-51,059362";1;"ATIVO";-1;"ATIVO";1;"ATIVO";1;"Ativo";"1";"Com acessibilidade";347;346;346;0;1171;"EMEF RONDONIA";"RUA JOVINO DINOA 741"
"05/10/2026";"06:29:34";2026;"04/10/2026";"1º Turno";1;"AP";"06157";"SANTANA";6;61;1;"Principal";-1;1163;"E.E. AFONSO ARINOS";1;"Convencional";"AV. AMAPA, 825";"ÁREA PORTUARIA";"68925055";"3283 1639";"-,05528917";"-51,17832245";1;"ATIVO";-1;"ATIVO";1;"ATIVO";1;"Ativo";"0";"Sem acessibilidade";347;345;345;0;1163;"E.E. AFONSO ARINOS";"AV. AMAPA, 825"
"05/10/2026";"06:29:34";2026;"04/10/2026";"1º Turno";1;"AP";"06050";"MACAPÁ";2;296;1;"Principal";-1;1783;"ESCOLA ESTADUAL LAURO CHAVES";1;"Convencional";"AV TEMBES       SN";"MUCA";"68900000";"32411440";",0130979";"-51,074366";1;"ATIVO";-1;"ATIVO";1;"ATIVO";1;"Ativo";"0";"Sem acessibilidade";263;263;263;0;1783;"ESCOLA ESTADUAL LAURO CHAVES";"AV TEMBES       SN"
"05/10/2026";"06:29:34";2026;"04/10/2026";"1º Turno";1;"AP";"06050";"MACAPÁ";2;484;1;"Principal";-1;2151;"ESCOLA ESTADUAL RAIMUNDA VIRGOLINO";1;"Convencional";"RUA VILA DOS OLIVEIRAS, 837";"PEDRINHAS";"68903095";"32125268";",00756662";"-51,06437555";1;"ATIVO";-1;"ATIVO";1;"ATIVO";1;"Ativo";"0";"Sem acessibilidade";222;224;224;0;2151;"ESCOLA ESTADUAL RAIMUNDA VIRGOLINO";"RUA VILA DOS OLIVEIRAS, 837"
"05/10/2026";"06:29:34";2026;"04/10/2026";"1º Turno";1;"AP";"06025";"PORTO GRANDE";12;14;1;"Principal";-1;1139;"ESCOLA MUNICIPAL ACRE";1;"Convencional";"AVENIDA OITO DE AGOSTO";"CENTRO";"68997000";"-1";",71233734";"-51,41411779";1;"ATIVO";-1;"ATIVO";1;"ATIVO";1;"Ativo";"1";"Com acessibilidade";359;356;356;0;1139;"ESCOLA MUNICIPAL ACRE";"AVENIDA OITO DE AGOSTO"
"05/10/2026";"06:29:34";2026;"04/10/2026";"1º Turno";1;"AP";"06050";"MACAPÁ";2;846;1;"Principal";-1;2658;"ESCOLA ESTADUAL IRMA SANTINA RIOLI";1;"Convencional";"RUA JOVINO DINOA, 2732";"TREM";"68900160";"-1";",027631";"-51,0607761";1;"ATIVO";-1;"ATIVO";1;"ATIVO";1;"Ativo";"0";"Sem acessibilidade";353;351;351;0;2658;"ESCOLA ESTADUAL IRMA SANTINA RIOLI";"RUA JOVINO DINOA, 2732"
"05/10/2026";"06:29:34";2026;"04/10/2026";"1º Turno";1;"AP";"06157";"SANTANA";6;149;1;"Principal";-1;1295;"E.E. FOZ DO RIO PIRATIVA";1;"Convencional";"COMUNIDADE SÃO RAIMUNDO DO PIRATIVA";"SÃO RAIMUNDO DO PIRATIVA";"68925001";"96991137367";",0382516";"-51,2512599";1;"ATIVO";-1;"ATIVO";1;"ATIVO";1;"Ativo";"0";"Sem acessibilidade";243;246;246;0;1295;"E.E. FOZ DO RIO PIRATIVA";"COMUNIDADE SÃO RAIMUNDO DO PIRATIVA"
"05/10/2026";"06:29:34";2026;"04/10/2026";"1º Turno";1;"AP";"06050";"MACAPÁ";2;420;1;"Principal";-1;1961;"ESCOLA MUNICIPAL DE ENSINO INFANTIL ANA LUIZA DE SOUZA MORAES";1;"Convencional";"RUA CLAUDOMIRO DE MORAES, 802";"NOVO BURITIZAL";"68904000";"-1";",0183376";"-51,0795418";1;"ATIVO";-1;"ATIVO";1;"ATIVO";1;"Ativo";"0";"Sem acessibilidade";187;189;189;0;1961;"ESCOLA MUNICIPAL DE ENSINO INFANTIL ANA LUIZA DE SOUZA MORAES";"RUA CLAUDOMIRO DE MORAES, 802"
"05/10/2026";"06:29:34";2026;"04/10/2026";"1º Turno";1;"AP";"06157";"SANTANA";6;48;1;"Principal";-1;1155;"E.E. PROF. FRANCISCO WALCY LOBATO LIMA";1;"Convencional";"AV. MARIA COLARES, 1940";"NOVA BRASÍLIA I";"68927299";"3283 2601";"-,0365765";"-51,1660317";1;"ATIVO";-1;"ATIVO";1;"ATIVO";1;"Ativo";"0";"Sem acessibilidade";314;314;314;0;1155;"E.E. PROF. FRANCISCO WALCY LOBATO LIMA";"AV. MARIA COLARES, 1940"
"05/10/2026";"06:29:34";2026;"04/10/2026";"1º Turno";1;"AP";"06076";"MAZAGÃO";5;84;1;"Principal";-1;1015;"ESCOLA ESTADUAL DR. MURILO BRAGA";1;"Convencional";"AV PREFEITO OSMUNDO COSTA, 439";"CENTRO";"68940000";"-1";"-,11486296";"-51,28541108";1;"ATIVO";-1;"ATIVO";1;"ATIVO";1;"Ativo";"0";"Sem acessibilidade";222;222;222;0;1015;"ESCOLA ESTADUAL DR. MURILO BRAGA";"AV PREFEITO OSMUNDO COSTA, 439"
"05/10/2026";"06:29:34";2026;"04/10/2026";"1º Turno";1;"AP";"06050";"MACAPÁ";14;157;1;"Principal";-1;1040;"CENTRO EDUCACIONAL IRMÃ CARMELA BONASSI";1;"Convencional";"AV. DEZOITO, 1792";"MARABAIXO III";"68909857";"+5596991360104";",0463151";"-51,1256065";1;"ATIVO";-1;"ATIVO";1;"ATIVO";1;"Ativo";"0";"Sem acessibilidade";265;265;265;0;1236;"EEEF PROF HELENISE WALMIRA DIAS DOS SANTOS";"LINHA B DO KM 09 S/N"
"05/10/2026";"06:29:34";2026;"04/10/2026";"1º Turno";1;"AP";"06050";"MACAPÁ";14;293;1;"Principal";-1;1406;"ESCOLA ESTADUAL PROFº. LUCIMAR AMORAS DEL CASTILLO";1;"Convencional";"AV CORA DE CARVALHO, SN";"SANTA RITA";"68901335";"+5596981213415";",036531";"-51,0751782";1;"ATIVO";-1;"ATIVO";1;"ATIVO";1;"Ativo";"0";"Sem acessibilidade";274;398;320;0;1406;"ESCOLA ESTADUAL PROFº. LUCIMAR AMORAS DEL CASTILLO";"AV CORA DE CARVALHO, SN"
"05/10/2026";"06:29:34";2026;"04/10/2026";"1º Turno";1;"AP";"06050";"MACAPÁ";2;727;1;"Principal";-1;2313;"ESCOLA MUNICIPAL DE ENSINO FUNDAMENTAL ANTONIO BARBOSA";1;"Convencional";"RUA NOVO HORIZONTE, 153";"SANTA INES";"68900000";"+5596988052658";",01499";"-51,0577573";1;"ATIVO";-1;"ATIVO";1;"ATIVO";1;"Ativo";"0";"Sem acessibilidade";157;157;157;0;2313;"ESCOLA MUNICIPAL DE ENSINO FUNDAMENTAL ANTONIO BARBOSA";"RUA NOVO HORIZONTE, 153"
"05/10/2026";"06:29:34";2026;"04/10/2026";"1º Turno";1;"AP";"06033";"CALÇOENE";1;85;1;"Principal";-1;1015;"ESCOLA ESTADUAL PROFº. SILVIO ELITO DE LIMA SANTOS";1;"Convencional";"AV MANOEL SARMENTO, N. 0266";"CENTRO";"68960000";"34231500";"2,4976326";"-50,9572776";1;"ATIVO";-1;"ATIVO";1;"ATIVO";1;"Ativo";"0";"Sem acessibilidade";328;327;327;0;1015;"ESCOLA ESTADUAL PROFº. SILVIO ELITO DE LIMA SANTOS";"AV MANOEL SARMENTO, N. 0266"
"05/10/2026";"06:29:34";2026;"04/10/2026";"1º Turno";1;"AP";"06157";"SANTANA";6;130;1;"Principal";-1;1031;"E.E. FRANCISCO DE OLIVEIRA FILHO (ANAUERAPUCU)";1;"Convencional";"RODOVIA MACAPÁ / MAZAGÃO, S/N";"ANAUERAPUCU";"68925000";"+559632819103";"-,0681603";"-51,2580235";1;"ATIVO";-1;"ATIVO";1;"ATIVO";1;"Ativo";"0";"Sem acessibilidade";333;334;334;0;1031;"E.E. FRANCISCO DE OLIVEIRA FILHO (ANAUERAPUCU)";"RODOVIA MACAPÁ / MAZAGÃO, S/N"
"05/10/2026";"06:29:34";2026;"04/10/2026";"1º Turno";1;"AP";"06157";"SANTANA";6;106;1;"Principal";-1;1180;"E.E. MARIA CATARINA DANTAS TIBURCIO";1;"Convencional";"AV. MARIA IZABEL PEREIRA DA SILVA, 110";"NOVO HORIZONTE ";"68925000";"3283 2815";"-,0558208";"-51,164729";1;"ATIVO";-1;"ATIVO";1;"ATIVO";1;"Ativo";"0";"Sem acessibilidade";341;340;340;0;1180;"E.E. MARIA CATARINA DANTAS TIBURCIO";"AV. MARIA IZABEL PEREIRA DA SILVA, 110"
"05/10/2026";"06:29:34";2026;"04/10/2026";"1º Turno";1;"AP";"06092";"OIAPOQUE";4;31;1;"Principal";-1;1023;"ESCOLA DE PRIMEIRO GRAU JOAQUIM NABUCO";1;"Convencional";"RUA LELIO SILVA";"CENTRO";"68900000";"-1";"3,84401648";"-51,83412591";1;"ATIVO";-1;"ATIVO";1;"ATIVO";1;"Ativo";"0";"Sem acessibilidade";294;295;295;0;1023;"ESCOLA DE PRIMEIRO GRAU JOAQUIM NABUCO";"RUA LELIO SILVA"
"05/10/2026";"06:29:34";2026;"04/10/2026";"1º Turno";1;"AP";"06157";"SANTANA";6;13;1;"Principal";-1;1058;"E.P.G. JOSE BARROSO TOSTES";1;"Convencional";"AV. 7 DE SETEMBRO, 186";"CENTRO";"68925000";"3281 1542";"-,0415918";"-51,1768394";1;"ATIVO";-1;"ATIVO";1;"ATIVO";1;"Ativo";"0";"Sem acessibilidade";293;294;294;0;1058;"E.P.G. JOSE BARROSO TOSTES";"AV. 7 DE SETEMBRO, 186"
"05/10/2026";"06:29:34";2026;"04/10/2026";"1º Turno";1;"AP";"06076";"MAZAGÃO";5;127;2;"Agregada";71;1210;"ESCOLA ESTADUAL EVILÁSIO PEDRO DE LIMA FERREIRA";1;"Convencional";"RODOVIA MACAPA JARI BR 156 KM 132, S/N";"DISTRITO DE MARACA";"68930000";"-1";"-,17971223";"-51,73465291";1;"ATIVO";-1;"ATIVO";1;"ATIVO";1;"Ativo";"0";"Sem acessibilidade";30;0;0;0;1210;"ESCOLA ESTADUAL EVILÁSIO PEDRO DE LIMA FERREIRA";"RODOVIA MACAPA JARI BR 156 KM 132, S/N"
"05/10/2026";"06:29:34";2026;"04/10/2026";"1º Turno";1;"AP";"06033";"CALÇOENE";1;69;1;"Principal";-1;1066;"ESCOLA ESTADUAL DE ENSINO DE 1ªGRAU DO CALAFATE";1;"Convencional";"A MARGEM DIREITA DA BR 156, ZONA RURAL, CALAFATE";"CALAFATE";"68960000";"-1";"2,1601415";"-50,898396";1;"ATIVO";-1;"ATIVO";1;"ATIVO";1;"Ativo";"1";"Com acessibilidade";190;187;187;0;1066;"ESCOLA ESTADUAL DE ENSINO DE 1ªGRAU DO CALAFATE";"A MARGEM DIREITA DA BR 156, ZONA RURAL, CALAFATE"
"05/10/2026";"06:29:34";2026;"04/10/2026";"1º Turno";1;"AP";"06050";"MACAPÁ";10;257;1;"Principal";-1;1317;"ESCOLA ESTADUAL PROFESSORA ESTHER DA SILVA VIRGOLINO";1;"Convencional";"RUA JOSE AURINO BORGES, 924";"SAO LAZARO";"68909806";"00000";",0989435";"-51,0463416";1;"ATIVO";-1;"ATIVO";1;"ATIVO";1;"Ativo";"0";"Sem acessibilidade";335;334;334;0;1317;"ESCOLA ESTADUAL PROFESSORA ESTHER DA SILVA VIRGOLINO";"RUA JOSE AURINO BORGES, 924"
"05/10/2026";"06:29:34";2026;"04/10/2026";"1º Turno";1;"AP";"06050";"MACAPÁ";10;448;1;"Principal";-1;1902;"ESCOLA MUNICIPAL MARIA CELES FERREIRA COUTINHO";1;"Convencional";"AV. DOS IPÊS, 417";"IPÊ";"68909468";"-1";",1021408";"-51,0617428";1;"ATIVO";-1;"ATIVO";1;"ATIVO";1;"Ativo";"0";"Sem acessibilidade";370;369;369;0;1902;"ESCOLA MUNICIPAL MARIA CELES FERREIRA COUTINHO";"AV. DOS IPÊS, 417"
"05/10/2026";"06:29:34";2026;"04/10/2026";"1º Turno";1;"AP";"06050";"MACAPÁ";14;242;1;"Principal";-1;1341;"ESCOLA ESTADUAL MARIA DO SOCORRO ANDRADE SMITH";1;"Convencional";"CONJUNTO CABRALZINHO                  CABRALZINHO        SN";"CABRALZINHO";"68900000";"32611826";",0317255";"-51,1158339";1;"ATIVO";-1;"ATIVO";1;"ATIVO";1;"Ativo";"0";"Sem acessibilidade";353;352;352;0;1341;"ESCOLA ESTADUAL MARIA DO SOCORRO ANDRADE SMITH";"CONJUNTO CABRALZINHO                  CABRALZINHO        SN"
"05/10/2026";"06:29:34";2026;"04/10/2026";"1º Turno";1;"AP";"06157";"SANTANA";6;57;1;"Principal";-1;1163;"E.E. AFONSO ARINOS";1;"Convencional";"AV. AMAPA, 825";"ÁREA PORTUARIA";"68925055";"3283 1639";"-,05528917";"-51,17832245";1;"ATIVO";-1;"ATIVO";1;"ATIVO";1;"Ativo";"0";"Sem acessibilidade";350;350;350;0;1163;"E.E. AFONSO ARINOS";"AV. AMAPA, 825"
"05/10/2026";"06:29:34";2026;"04/10/2026";"1º Turno";1;"AP";"06173";"TARTARUGALZINHO";8;5;1;"Principal";-1;1031;"ESC EST REISALINA FERREIRA TOMAZ";1;"Convencional";"AV. N. S. PERPÉTUO SOCORRO, 765";"CENTRO";"68990000";"+559634221199";"1,51009521";"-50,91264494";1;"ATIVO";-1;"ATIVO";1;"ATIVO";1;"Ativo";"0";"Sem acessibilidade";263;260;260;0;1031;"ESC EST REISALINA FERREIRA TOMAZ";"AV. N. S. PERPÉTUO SOCORRO, 765"
"05/10/2026";"06:29:34";2026;"04/10/2026";"1º Turno";1;"AP";"06050";"MACAPÁ";14;93;1;"Principal";-1;1147;"EEEF MARIO DAVID ANDREAZZA";1;"Convencional";"RAIMUNDO RAMOS DOS PASSOS 495";"PERPETUO SOCORRO";"68900000";"32125271";",0483913";"-51,0467397";1;"ATIVO";-1;"ATIVO";1;"ATIVO";1;"Ativo";"0";"Sem acessibilidade";393;395;395;0;1147;"EEEF MARIO DAVID ANDREAZZA";"RAIMUNDO RAMOS DOS PASSOS 495"
"05/10/2026";"06:29:34";2026;"04/10/2026";"1º Turno";1;"AP";"06076";"MAZAGÃO";5;120;1;"Principal";-1;1120;"ESCOLA ESTADUAL PROFª MARIA DA SILVA MENDES";1;"Convencional";"VILA SÃO PEDRO, LAGO DO AJURUXI";"VILA MACEDONIA";"68940000";"-1";"-,5081858";"-51,7818016";1;"ATIVO";-1;"ATIVO";1;"ATIVO";1;"Ativo";"0";"Sem acessibilidade";225;224;224;0;1120;"ESCOLA ESTADUAL PROFª MARIA DA SILVA MENDES";"VILA SÃO PEDRO, LAGO DO AJURUXI"
"05/10/2026";"06:29:34";2026;"04/10/2026";"1º Turno";1;"AP";"06106";"SERRA DO NAVIO";11;43;1;"Principal";-1;1015;"ESCOLA ESTADUAL DOUTOR HERMELINO HERBSTER GUSMAO";1;"Convencional";"BC7, 589, SERRA DO NAVIO";"CENTRO";"68900000";"-1";"-1";"-1";1;"ATIVO";-1;"ATIVO";1;"ATIVO";1;"Ativo";"0";"Sem acessibilidade";321;318;318;0;1015;"ESCOLA ESTADUAL DOUTOR HERMELINO HERBSTER GUSMAO";"BC7, 589, SERRA DO NAVIO"
"05/10/2026";"06:29:34";2026;"04/10/2026";"1º Turno";1;"AP";"06050";"MACAPÁ";14;263;1;"Principal";-1;1368;"ESCOLA ESTADUAL PROF. NILTON BALIEIRO MACHADO";1;"Convencional";"DECIMA QUINTA AVENIDA, S/N (ESQUINA COM A QUINTA RUA)";"MARABAIXO III";"68900000";"+5596991539690";",0441313";"-51,127965";1;"ATIVO";-1;"ATIVO";1;"ATIVO";1;"Ativo";"0";"Sem acessibilidade";394;394;394;0;1368;"ESCOLA ESTADUAL PROF. NILTON BALIEIRO MACHADO";"DECIMA QUINTA AVENIDA, S/N (ESQUINA COM A QUINTA RUA)"
"05/10/2026";"06:29:34";2026;"04/10/2026";"1º Turno";1;"AP";"06157";"SANTANA";6;123;1;"Principal";-1;1112;"E.E. ALMIRANTE BARROSO";1;"Convencional";"AV. 7 DE SETEMBRO, 533";"COMERCIAL";"68925108";"3281 3018";"-,04850279";"-51,17737876";1;"ATIVO";-1;"ATIVO";1;"ATIVO";1;"Ativo";"0";"Sem acessibilidade";302;301;301;0;1112;"E.E. ALMIRANTE BARROSO";"AV. 7 DE SETEMBRO, 533"
"05/10/2026";"06:29:34";2026;"04/10/2026";"1º Turno";1;"AP";"06041";"ITAUBAL";10;4;1;"Principal";-1;1023;"ESCOLA ESTADUAL WILSON HILL DE ARAUJO";1;"Convencional";"VILA DO ITAUBAL";"CENTRO";"68900000";"-1";",6019829";"-50,6995791";1;"ATIVO";-1;"ATIVO";1;"ATIVO";1;"Ativo";"0";"Sem acessibilidade";328;322;322;0;1023;"ESCOLA ESTADUAL WILSON HILL DE ARAUJO";"VILA DO ITAUBAL"
"05/10/2026";"06:29:34";2026;"04/10/2026";"1º Turno";1;"AP";"06050";"MACAPÁ";2;649;1;"Principal";-1;2208;"ESCOLA MUNICIPAL DE ENSINO FUNDAMENTAL ESFORÇO POPULAR";1;"Convencional";"RUA RAIMUNDO FERREIRA DA SILVA - 241";"MUCA";"68900000";"32415652";",0116414";"-51,0773336";1;"ATIVO";-1;"ATIVO";1;"ATIVO";1;"Ativo";"0";"Sem acessibilidade";256;253;253;0;2208;"ESCOLA MUNICIPAL DE ENSINO FUNDAMENTAL ESFORÇO POPULAR";"RUA RAIMUNDO FERREIRA DA SILVA - 241"
"05/10/2026";"06:29:34";2026;"04/10/2026";"1º Turno";1;"AP";"06130";"LARANJAL DO JARI";7;58;1;"Principal";-1;1066;"ESCOLA ESTADUAL MINEKO HAYASHIDA";1;"Convencional";"AVENIDA TANCREDO NEVES, 1304";"AGRESTE";"68920000";"991337867";"-,8380233";"-52,517341";1;"ATIVO";-1;"ATIVO";1;"ATIVO";1;"Ativo";"0";"Sem acessibilidade";191;189;189;0;1066;"ESCOLA ESTADUAL MINEKO HAYASHIDA";"AVENIDA TANCREDO NEVES, 1304"
"05/10/2026";"06:29:34";2026;"04/10/2026";"1º Turno";1;"AP";"06050";"MACAPÁ";2;903;1;"Principal";-1;1090;"ESCOLA ESTADUAL DR.COARACY NUNES";1;"Convencional";"AV MENDONCA JUNIOR          1651         CENTRO";"CENTRO";"68900000";"+5596981025968";",0338216";"-51,0647025";1;"ATIVO";-1;"ATIVO";1;"ATIVO";1;"Ativo";"0";"Sem acessibilidade";293;292;292;0;1090;"ESCOLA ESTADUAL DR.COARACY NUNES";"AV MENDONCA JUNIOR          1651         CENTRO"
"05/10/2026";"06:29:34";2026;"04/10/2026";"1º Turno";1;"AP";"06050";"MACAPÁ";10;68;1;"Principal";-1;1090;"ESCOLA ESTADUAL JULIO GONCALVES DA COSTA";1;"Convencional";"AV. CABRALZINHO, 1092";"VILA SANTA LUZIA DO PACUI";"68912500";"984035257";",8479588";"-50,6618399";1;"ATIVO";-1;"ATIVO";1;"ATIVO";1;"Ativo";"1";"Com acessibilidade";232;232;232;0;1090;"ESCOLA ESTADUAL JULIO GONCALVES DA COSTA";"AV. CABRALZINHO, 1092"
"05/10/2026";"06:29:34";2026;"04/10/2026";"1º Turno";1;"AP";"06050";"MACAPÁ";10;382;1;"Principal";-1;1376;"ESCOLA ESTADUAL MARIA NEUZA DO CARMO";1;"Convencional";"RUA MILTON DE SOUZA CORREA , 500";"JARDIM FELICIDADE I";"68909068";"96991634333";",0837865";"-51,0656668";1;"ATIVO";-1;"ATIVO";1;"ATIVO";1;"Ativo";"0";"Sem acessibilidade";384;383;383;0;1376;"ESCOLA ESTADUAL MARIA NEUZA DO CARMO";"RUA MILTON DE SOUZA CORREA , 500"
"05/10/2026";"06:29:34";2026;"04/10/2026";"1º Turno";1;"AP";"06050";"MACAPÁ";10;332;1;"Principal";-1;1422;"ESCOLA MUNICIPAL PROFESSOR JOSAFA AIRES DA COSTA";1;"Convencional";"RUA 1 DE JANEIRO, 974";"INFRAERO I";"68908874";"991143307";",0726402";"-51,0633359";1;"ATIVO";-1;"ATIVO";1;"ATIVO";1;"Ativo";"0";"Sem acessibilidade";385;385;385;0;1422;"ESCOLA MUNICIPAL PROFESSOR JOSAFA AIRES DA COSTA";"RUA 1 DE JANEIRO, 974"
"05/10/2026";"06:29:34";2026;"04/10/2026";"1º Turno";1;"AP";"06050";"MACAPÁ";2;853;1;"Principal";-1;2658;"ESCOLA ESTADUAL IRMA SANTINA RIOLI";1;"Convencional";"RUA JOVINO DINOA, 2732";"TREM";"68900160";"-1";",027631";"-51,0607761";1;"ATIVO";-1;"ATIVO";1;"ATIVO";1;"Ativo";"0";"Sem acessibilidade";347;346;346;0;2658;"ESCOLA ESTADUAL IRMA SANTINA RIOLI";"RUA JOVINO DINOA, 2732"
"05/10/2026";"06:29:34";2026;"04/10/2026";"1º Turno";1;"AP";"06050";"MACAPÁ";2;765;1;"Principal";-1;2321;"ESCOLA ESTADUAL PROFª NANCI NINA COSTA";1;"Convencional";"AV. INSPETOR AIMORÉ, 1331";"ZERAO";"68900000";"+5596981452190";",0015588";"-51,0873044";1;"ATIVO";-1;"ATIVO";1;"ATIVO";1;"Ativo";"0";"Sem acessibilidade";389;387;387;0;2321;"ESCOLA ESTADUAL PROFª NANCI NINA COSTA";"AV. INSPETOR AIMORÉ, 1331"
"05/10/2026";"06:29:34";2026;"04/10/2026";"1º Turno";1;"AP";"06157";"SANTANA";6;218;1;"Principal";-1;1341;"ESCOLA ESTADUAL SAO PAULO APOSTOLO";1;"Convencional";"AVENIDA SAO PAULO APOSTOLO, 2384";"PARAÍSO";"68925000";"-1";"-,0356414";"-51,1799226";1;"ATIVO";-1;"ATIVO";1;"ATIVO";1;"Ativo";"0";"Sem acessibilidade";235;236;236;0;1341;"ESCOLA ESTADUAL SAO PAULO APOSTOLO";"AVENIDA SAO PAULO APOSTOLO, 2384"
"05/10/2026";"06:29:34";2026;"04/10/2026";"1º Turno";1;"AP";"06050";"MACAPÁ";14;159;1;"Principal";-1;1040;"CENTRO EDUCACIONAL IRMÃ CARMELA BONASSI";1;"Convencional";"AV. DEZOITO, 1792";"MARABAIXO III";"68909857";"+5596991360104";",0463151";"-51,1256065";1;"ATIVO";-1;"ATIVO";1;"ATIVO";1;"Ativo";"1";"Com acessibilidade";269;269;269;0;1236;"EEEF PROF HELENISE WALMIRA DIAS DOS SANTOS";"LINHA B DO KM 09 S/N"
"05/10/2026";"06:29:34";2026;"04/10/2026";"1º Turno";1;"AP";"06157";"SANTANA";6;92;1;"Principal";-1;1139;"E.E. ALBERTO SANTOS DUMONT (ELESBÃO)";1;"Convencional";"RAMAL DA OLARIA, 286";"ELESBÃO";"68925000";"3281 1191";"-,04720407";"-51,18649262";1;"ATIVO";-1;"ATIVO";1;"ATIVO";1;"Ativo";"0";"Sem acessibilidade";367;368;367;0;1139;"E.E. ALBERTO SANTOS DUMONT (ELESBÃO)";"RAMAL DA OLARIA, 286"
"05/10/2026";"06:29:34";2026;"04/10/2026";"1º Turno";1;"AP";"06084";"PEDRA BRANCA DO AMAPARI";11;19;1;"Principal";-1;1031;"ESCOLA ESTADUAL JOSE FERNANDES DA SILVA";1;"Convencional";"PERIMETRAL NORTE, 1037, AGUA FRIA";"COMUNIDADE DE AGUA FRIA";"68945000";"-1";"-1";"-1";1;"ATIVO";-1;"ATIVO";1;"ATIVO";1;"Ativo";"0";"Sem acessibilidade";366;366;366;0;1031;"ESCOLA ESTADUAL JOSE FERNANDES DA SILVA";"PERIMETRAL NORTE, 1037, AGUA FRIA"
"05/10/2026";"06:29:34";2026;"04/10/2026";"1º Turno";1;"AP";"06157";"SANTANA";6;167;1;"Principal";-1;1210;"E.E. IGARAPE DA FORTALEZA";1;"Convencional";"RUA RIO MATAPI, 121";"IGARAPÉ DA FORTALEZA";"68925000";"3283 2250";"-,0473052";"-51,1450026";1;"ATIVO";-1;"ATIVO";1;"ATIVO";1;"Ativo";"0";"Sem acessibilidade";377;376;376;0;1210;"E.E. IGARAPE DA FORTALEZA";"RUA RIO MATAPI, 121"
"05/10/2026";"06:29:34";2026;"04/10/2026";"1º Turno";1;"AP";"06076";"MAZAGÃO";5;30;1;"Principal";-1;1120;"ESCOLA ESTADUAL PROFª MARIA DA SILVA MENDES";1;"Convencional";"VILA SÃO PEDRO, LAGO DO AJURUXI";"VILA MACEDONIA";"68940000";"-1";"-,5081858";"-51,7818016";1;"ATIVO";-1;"ATIVO";1;"ATIVO";1;"Ativo";"0";"Sem acessibilidade";228;228;228;0;1120;"ESCOLA ESTADUAL PROFª MARIA DA SILVA MENDES";"VILA SÃO PEDRO, LAGO DO AJURUXI"
"05/10/2026";"06:29:34";2026;"04/10/2026";"1º Turno";1;"AP";"06076";"MAZAGÃO";5;4;1;"Principal";-1;1430;"ESCOLA MUNICIPAL PROFESSORA LUCICARME DO CARMO BARRETO";1;"Convencional";"RUA BARAO DO RIO BRANCO, S/N";"SAO TIAGO";"68940000";"-1";"-1";"-1";1;"ATIVO";-1;"ATIVO";1;"ATIVO";1;"Ativo";"0";"Sem acessibilidade";262;261;261;0;1430;"ESCOLA MUNICIPAL PROFESSORA LUCICARME DO CARMO BARRETO";"RUA BARAO DO RIO BRANCO, S/N"
"05/10/2026";"06:29:34";2026;"04/10/2026";"1º Turno";1;"AP";"06050";"MACAPÁ";14;134;1;"Principal";-1;1686;"E.E. SÃO BENEDITO";4;"Temporário";"ESCOLA ESTADUAL SÃO BENEDITO";"LAGUINHO";"68901018";"9632125242";"-1";"-1";1;"ATIVO";-1;"ATIVO";1;"ATIVO";1;"Ativo";"0";"Sem acessibilidade";338;340;340;0;1198;"EPG EDGAR LINO DA SILVA";"AV. ANA NERY, 233"
"05/10/2026";"06:29:34";2026;"04/10/2026";"1º Turno";1;"AP";"06068";"CUTIAS";10;212;1;"Principal";-1;1023;"ESCOLA ESTADUAL PROFESSOR JOSÉ RIBEIRO PONTES";1;"Convencional";"RUA RIO GURUPORA, 1085";"GURUPORA";"68973000";"96988094587";",8982717";"-50,7827037";1;"ATIVO";-1;"ATIVO";1;"ATIVO";1;"Ativo";"0";"Sem acessibilidade";274;273;273;0;1023;"ESCOLA ESTADUAL PROFESSOR JOSÉ RIBEIRO PONTES";"RUA RIO GURUPORA, 1085"
"05/10/2026";"06:29:34";2026;"04/10/2026";"1º Turno";1;"AP";"06050";"MACAPÁ";2;869;1;"Principal";-1;2674;"ESCOLA ESTADUAL PROFª MARIA CARMELITA DO CARMO";1;"Convencional";"RUA BARAO DE MAUA, 345";"BURITIZAL";"68900460";"+5596991394217";",0273806";"-51,0750153";1;"ATIVO";-1;"ATIVO";1;"ATIVO";1;"Ativo";"0";"Sem acessibilidade";274;274;274;0;2674;"ESCOLA ESTADUAL PROFª MARIA CARMELITA DO CARMO";"RUA BARAO DE MAUA, 345"
"05/10/2026";"06:29:34";2026;"04/10/2026";"1º Turno";1;"AP";"06050";"MACAPÁ";2;936;1;"Principal";-1;2739;"ESCOLA ESTADUAL COELHO NETO";1;"Convencional";"AV CLODOVIO COELHO                   124";"BURITIZAL";"68905160";"+5596991197151";",0245373";"-51,0765101";1;"ATIVO";-1;"ATIVO";1;"ATIVO";1;"Ativo";"0";"Sem acessibilidade";226;227;227;0;2739;"ESCOLA ESTADUAL COELHO NETO";"AV CLODOVIO COELHO                   124"
"05/10/2026";"06:29:34";2026;"04/10/2026";"1º Turno";1;"AP";"06157";"SANTANA";6;32;1;"Principal";-1;1147;"E.P.G. JOSE DE RIBAMAR PESTANA";1;"Convencional";"TV. PALMIRA MIRANDA DE ANDRADE, 540";"NOVA BRASÍLIA I";"68925000";"3283 2837";"-,0464025";"-51,1602663";1;"ATIVO";-1;"ATIVO";1;"ATIVO";1;"Ativo";"0";"Sem acessibilidade";342;342;342;0;1147;"E.P.G. JOSE DE RIBAMAR PESTANA";"TV. PALMIRA MIRANDA DE ANDRADE, 540"
"05/10/2026";"06:29:34";2026;"04/10/2026";"1º Turno";1;"AP";"06050";"MACAPÁ";2;683;1;"Principal";-1;2240;"ESCOLA MUNICIPAL DE ENSINO FUNDAMENTAL ELITA NUNES MELO";1;"Convencional";"AVENIDA 14 DE JULHO - 1050";"NOVO BURITIZAL";"68904730";"+5596981226475";",018097";"-51,0788441";1;"ATIVO";-1;"ATIVO";1;"ATIVO";1;"Ativo";"1";"Com acessibilidade";196;197;197;0;2240;"ESCOLA MUNICIPAL DE ENSINO FUNDAMENTAL ELITA NUNES MELO";"AVENIDA 14 DE JULHO - 1050"
"05/10/2026";"06:29:34";2026;"04/10/2026";"1º Turno";1;"AP";"06050";"MACAPÁ";14;132;1;"Principal";-1;1686;"E.E. SÃO BENEDITO";4;"Temporário";"ESCOLA ESTADUAL SÃO BENEDITO";"LAGUINHO";"68901018";"9632125242";"-1";"-1";1;"ATIVO";-1;"ATIVO";1;"ATIVO";1;"Ativo";"0";"Sem acessibilidade";335;336;336;0;1198;"EPG EDGAR LINO DA SILVA";"AV. ANA NERY, 233"
"05/10/2026";"06:29:34";2026;"04/10/2026";"1º Turno";1;"AP";"06076";"MAZAGÃO";5;74;1;"Principal";-1;1295;"ESCOLA ESTADUAL AMILAR ARTUR BRENHA";1;"Convencional";"RECREIO DO RIO PRETO, 824";"VILA RECREIO DO RIO PRETO";"68940000";"-1";"-1";"-1";1;"ATIVO";-1;"ATIVO";1;"ATIVO";1;"Ativo";"0";"Sem acessibilidade";198;194;194;0;1295;"ESCOLA ESTADUAL AMILAR ARTUR BRENHA";"RECREIO DO RIO PRETO, 824"
"05/10/2026";"06:29:34";2026;"04/10/2026";"1º Turno";1;"AP";"06076";"MAZAGÃO";5;113;1;"Principal";-1;1422;"ESCOLA MUNICIPAL AMELIA DO NASCIMENTO RODRIGUES";1;"Convencional";"TRAVESSA DA OLARIA, S/N";"OLARIA";"68940000";"-1";"-1";"-1";1;"ATIVO";-1;"ATIVO";1;"ATIVO";1;"Ativo";"0";"Sem acessibilidade";239;238;238;0;1422;"ESCOLA MUNICIPAL AMELIA DO NASCIMENTO RODRIGUES";"TRAVESSA DA OLARIA, S/N"
"05/10/2026";"06:29:34";2026;"04/10/2026";"1º Turno";1;"AP";"06017";"AMAPÁ";1;8;1;"Principal";-1;1074;"ESCOLA ESTADUAL ANTÔNIO TEIXEIRA GUERRA";1;"Convencional";"MARGEM DIREITA DO RIO SUCURIJU";"VILA DO SUCURIJU";"68950000";"-1";"1,67683833";"-49,933475";1;"ATIVO";-1;"ATIVO";1;"ATIVO";1;"Ativo";"0";"Sem acessibilidade";239;239;239;0;1074;"ESCOLA ESTADUAL ANTÔNIO TEIXEIRA GUERRA";"MARGEM DIREITA DO RIO SUCURIJU"
"05/10/2026";"06:29:34";2026;"04/10/2026";"1º Turno";1;"AP";"06157";"SANTANA";6;202;1;"Principal";-1;1180;"E.E. MARIA CATARINA DANTAS TIBURCIO";1;"Convencional";"AV. MARIA IZABEL PEREIRA DA SILVA, 110";"NOVO HORIZONTE ";"68925000";"3283 2815";"-,0558208";"-51,164729";1;"ATIVO";-1;"ATIVO";1;"ATIVO";1;"Ativo";"0";"Sem acessibilidade";342;341;341;0;1180;"E.E. MARIA CATARINA DANTAS TIBURCIO";"AV. MARIA IZABEL PEREIRA DA SILVA, 110"
"05/10/2026";"06:29:34";2026;"04/10/2026";"1º Turno";1;"AP";"06130";"LARANJAL DO JARI";7;120;1;"Principal";-1;1228;"ESCOLA MUNICIPAL ZÉLIA CONCEIÇÃO SOUSA DA SILVA";1;"Convencional";"RUA 19 DE ABRIL, 2822";"NOVA ESPERANCA";"68920000";"-1";"-,8430562";"-52,5112463";1;"ATIVO";-1;"ATIVO";1;"ATIVO";1;"Ativo";"0";"Sem acessibilidade";332;331;331;0;1228;"ESCOLA MUNICIPAL ZÉLIA CONCEIÇÃO SOUSA DA SILVA";"RUA 19 DE ABRIL, 2822"
"05/10/2026";"06:29:34";2026;"04/10/2026";"1º Turno";1;"AP";"06050";"MACAPÁ";2;757;1;"Principal";-1;2216;"ESCOLA MUNICIPAL DE ENSINO FUNDAMENTAL PARAÍSO DAS ACÁCIAS";1;"Convencional";"RUA SANTOS DUMONT - 3800";"MUCA";"68900000";"32131223";",0112199";"-51,0742907";1;"ATIVO";-1;"ATIVO";1;"ATIVO";1;"Ativo";"0";"Sem acessibilidade";259;255;255;0;2216;"ESCOLA MUNICIPAL DE ENSINO FUNDAMENTAL PARAÍSO DAS ACÁCIAS";"RUA SANTOS DUMONT - 3800"
"05/10/2026";"06:29:34";2026;"04/10/2026";"1º Turno";1;"AP";"06130";"LARANJAL DO JARI";7;56;1;"Principal";-1;1058;"ESCOLA ESTADUAL PROF. MARIA DE NAZARÉ RODRIGUES DA SILVA";1;"Convencional";"RUA CULTURA, N 277";"AGRESTE";"68920000";"991894068";"-,8443316";"-52,5159137";1;"ATIVO";-1;"ATIVO";1;"ATIVO";1;"Ativo";"0";"Sem acessibilidade";273;270;270;0;1058;"ESCOLA ESTADUAL PROF. MARIA DE NAZARÉ RODRIGUES DA SILVA";"RUA CULTURA, N 277"
"05/10/2026";"06:29:34";2026;"04/10/2026";"1º Turno";1;"AP";"06130";"LARANJAL DO JARI";7;79;2;"Agregada";41;1074;"ESCOLA ESTADUAL PADARIA";1;"Convencional";"MARGENS DO RIO JARI, N. 1216";"VILA DA PADARIA";"68920000";"36212263";"-,7094976";"-52,4961302";1;"ATIVO";-1;"ATIVO";1;"ATIVO";1;"Ativo";"0";"Sem acessibilidade";132;0;0;0;1074;"ESCOLA ESTADUAL PADARIA";"MARGENS DO RIO JARI, N. 1216"
"05/10/2026";"06:29:34";2026;"04/10/2026";"1º Turno";1;"AP";"06157";"SANTANA";6;24;1;"Principal";-1;1538;"ANEXO DA PARÓQUIA NOSSA SENHORA DE FÁTIMA";4;"Temporário";"AVENIDA PRINCESA IZABEL";"CENTRO";"68925210";"-1";"-,0421617";"-51,1731822";1;"ATIVO";-1;"ATIVO";1;"ATIVO";1;"Ativo";"0";"Sem acessibilidade";320;319;319;0;1066;"E.P.G. AMAZONAS";"AV. 15 DE NOVEMBRO, 1132"
"05/10/2026";"06:29:34";2026;"04/10/2026";"1º Turno";1;"AP";"06050";"MACAPÁ";2;884;1;"Principal";-1;2682;"ESCOLA ESTADUAL SANTA INÊS";1;"Convencional";"RUA BEIRA RIO                         SANTA INES";"SANTA INES";"68900000";"+5596991537535";",0259971";"-51,0541281";1;"ATIVO";-1;"ATIVO";1;"ATIVO";1;"Ativo";"1";"Com acessibilidade";310;310;310;0;2682;"ESCOLA ESTADUAL SANTA INÊS";"RUA BEIRA RIO                         SANTA INES"
"05/10/2026";"06:29:34";2026;"04/10/2026";"1º Turno";1;"AP";"06092";"OIAPOQUE";4;5;1;"Principal";-1;1171;"ESCOLA ESTADUAL MÁRCIA DO SOCORRO LIMA DE FRANÇA";1;"Convencional";"RUA NORBERTO PENNAFORT, N 713, CENTRO";"CENTRO";"68980000";"-1";"3,84417641";"-51,83236672";1;"ATIVO";-1;"ATIVO";1;"ATIVO";1;"Ativo";"0";"Sem acessibilidade";266;263;263;0;1171;"ESCOLA ESTADUAL MÁRCIA DO SOCORRO LIMA DE FRANÇA";"RUA NORBERTO PENNAFORT, N 713, CENTRO"
"05/10/2026";"06:29:34";2026;"04/10/2026";"1º Turno";1;"AP";"06033";"CALÇOENE";1;60;1;"Principal";-1;1031;"ESCOLA ESTADUAL IVANILDO FORTE SILVA";1;"Convencional";"RUA DAS FLORES, S/N, CENTRO, DISTRITO DO CARNOT";"CARNOT";"68960000";"-1";"2,69450855";"-51,36141634";1;"ATIVO";-1;"ATIVO";1;"ATIVO";1;"Ativo";"0";"Sem acessibilidade";265;264;264;0;1031;"ESCOLA ESTADUAL IVANILDO FORTE SILVA";"RUA DAS FLORES, S/N, CENTRO, DISTRITO DO CARNOT"
"05/10/2026";"06:29:34";2026;"04/10/2026";"1º Turno";1;"AP";"06050";"MACAPÁ";10;194;1;"Principal";-1;1473;"ESCOLA ESTADUAL PROFESSORA ONEIDE PINTO LIMA";1;"Convencional";"RUA DAS FLORES, 254";"BONÉ AZUL";"68908645";"991072002";",0838682";"-51,0734081";1;"ATIVO";-1;"ATIVO";1;"ATIVO";1;"Ativo";"0";"Sem acessibilidade";372;372;372;0;1473;"ESCOLA ESTADUAL PROFESSORA ONEIDE PINTO LIMA";"RUA DAS FLORES, 254"
"05/10/2026";"06:29:34";2026;"04/10/2026";"1º Turno";1;"AP";"06050";"MACAPÁ";2;595;1;"Principal";-1;1899;"UNIVERSIDADE FEDERAL DO AMAPA - UNIFAP";1;"Convencional";"ROD. JOSMAR CHAVES PINTO, KM 02   JARDIM MARCO ZERO";"UNIVERSIDADE";"68903419";"+5596981159919";"-,0065359";"-51,0845096";1;"ATIVO";-1;"ATIVO";1;"ATIVO";1;"Ativo";"0";"Sem acessibilidade";384;381;381;0;1899;"UNIVERSIDADE FEDERAL DO AMAPA - UNIFAP";"ROD. JOSMAR CHAVES PINTO, KM 02   JARDIM MARCO ZERO"
"05/10/2026";"06:29:34";2026;"04/10/2026";"1º Turno";1;"AP";"06050";"MACAPÁ";10;100;1;"Principal";-1;1279;"ESCOLA ESTADUAL MARIA DO CARMO VIANA DOS ANJOS";1;"Convencional";"RUA FRANCISCO ALVES CORRÊA, 30, JARDIM FELICIDADE II";"JARDIM FELICIDADE II";"68900000";"991296548";",0968478";"-51,056575";1;"ATIVO";-1;"ATIVO";1;"ATIVO";1;"Ativo";"0";"Sem acessibilidade";357;355;355;0;1279;"ESCOLA ESTADUAL MARIA DO CARMO VIANA DOS ANJOS";"RUA FRANCISCO ALVES CORRÊA, 30, JARDIM FELICIDADE II"
"05/10/2026";"06:29:34";2026;"04/10/2026";"1º Turno";1;"AP";"06050";"MACAPÁ";2;244;1;"Principal";-1;1600;"ESCOLA ESTADUAL MÁRIO QUIRINO DA SILVA";1;"Convencional";"RUA CLAUDOMIRO DE MORAIS                    SN";"NOVO BURITIZAL";"68900000";"32125283";",0154748";"-51,0823276";1;"ATIVO";-1;"ATIVO";1;"ATIVO";1;"Ativo";"0";"Sem acessibilidade";386;382;382;0;1600;"ESCOLA ESTADUAL MÁRIO QUIRINO DA SILVA";"RUA CLAUDOMIRO DE MORAIS                    SN"
"05/10/2026";"06:29:34";2026;"04/10/2026";"1º Turno";1;"AP";"06157";"SANTANA";6;103;1;"Principal";-1;1147;"E.P.G. JOSE DE RIBAMAR PESTANA";1;"Convencional";"TV. PALMIRA MIRANDA DE ANDRADE, 540";"NOVA BRASÍLIA I";"68925000";"3283 2837";"-,0464025";"-51,1602663";1;"ATIVO";-1;"ATIVO";1;"ATIVO";1;"Ativo";"1";"Com acessibilidade";340;339;339;0;1147;"E.P.G. JOSE DE RIBAMAR PESTANA";"TV. PALMIRA MIRANDA DE ANDRADE, 540"
"05/10/2026";"06:29:34";2026;"04/10/2026";"1º Turno";1;"AP";"06050";"MACAPÁ";14;49;1;"Principal";-1;1694;"ESCOLA APAE";4;"Temporário";"AV. PARAÍBA, 168";"PACOVAL";"68908280";"96991999118";"-1";"-1";1;"ATIVO";-1;"ATIVO";1;"ATIVO";1;"Ativo";"0";"Sem acessibilidade";348;348;348;0;1082;"E.M.E.F. JOSE DUARTE DE AZEVEDO";"RUA SAO PAULO, 670"
"05/10/2026";"06:29:34";2026;"04/10/2026";"1º Turno";1;"AP";"06050";"MACAPÁ";10;87;1;"Principal";-1;1210;"ESCOLA QUILOMBOLA ESTADUAL DANIEL DE CARVALHO";1;"Convencional";"RODOVIA 070 - KM 46";"SANTO ANTONIO DA PEDREIRA";"68900000";"96988030291";",3369725";"-50,8750942";1;"ATIVO";-1;"ATIVO";1;"ATIVO";1;"Ativo";"0";"Sem acessibilidade";346;342;342;0;1210;"ESCOLA QUILOMBOLA ESTADUAL DANIEL DE CARVALHO";"RODOVIA 070 - KM 46"
"05/10/2026";"06:29:34";2026;"04/10/2026";"1º Turno";1;"AP";"06050";"MACAPÁ";10;207;1;"Principal";-1;1392;"ESCOLA ESTADUAL RAIMUNDA DOS PASSOS SANTOS";1;"Convencional";"AV. LOURENCO ARAUJO DE SÁ, 2162, NOVO HORIZONTE";"NOVO HORIZONTE";"68909829";"991549564";",0956351";"-51,0497879";1;"ATIVO";-1;"ATIVO";1;"ATIVO";1;"Ativo";"0";"Sem acessibilidade";389;390;390;0;1392;"ESCOLA ESTADUAL RAIMUNDA DOS PASSOS SANTOS";"AV. LOURENCO ARAUJO DE SÁ, 2162, NOVO HORIZONTE"
"05/10/2026";"06:29:34";2026;"04/10/2026";"1º Turno";1;"AP";"06092";"OIAPOQUE";4;86;1;"Principal";-1;1040;"ESCOLA DE PRIMEIRO GRAU MANGA";1;"Convencional";"ALDEIA MANGA";"ALDEIA MANGA";"68980000";"-1";"3,72512803";"-51,72036655";1;"ATIVO";-1;"ATIVO";1;"ATIVO";1;"Ativo";"0";"Sem acessibilidade";268;270;270;0;1040;"ESCOLA DE PRIMEIRO GRAU MANGA";"ALDEIA MANGA"
"05/10/2026";"06:29:34";2026;"04/10/2026";"1º Turno";1;"AP";"06050";"MACAPÁ";14;145;1;"Principal";-1;1210;"EPG PROF DEUSOLINA SALES FARIAS";1;"Convencional";"RUA GOIAS, 107";"PACOVAL";"68908340";"981331502";",0554256";"-51,0582209";1;"ATIVO";-1;"ATIVO";1;"ATIVO";1;"Ativo";"1";"Com acessibilidade";336;335;335;0;1210;"EPG PROF DEUSOLINA SALES FARIAS";"RUA GOIAS, 107"
"05/10/2026";"06:29:34";2026;"04/10/2026";"1º Turno";1;"AP";"06157";"SANTANA";6;51;1;"Principal";-1;1082;"E.P.G. JOANIRA DEL CASTILO";1;"Convencional";"TV. PEDRO TEIXEIRA, 194";"NOVA BRASÍLIA I";"68927251";"3283 2659";"-,0407868";"-51,1662145";1;"ATIVO";-1;"ATIVO";1;"ATIVO";1;"Ativo";"0";"Sem acessibilidade";266;264;264;0;1082;"E.P.G. JOANIRA DEL CASTILO";"TV. PEDRO TEIXEIRA, 194"
"05/10/2026";"06:29:34";2026;"04/10/2026";"1º Turno";1;"AP";"06050";"MACAPÁ";10;323;1;"Principal";-1;1414;"ESCOLA MUNICIPAL PROFESSORA VERA LUCIA PINON NERY";1;"Convencional";"AV. CARLOS LINS CORTES, 1405";"INFRAERO II";"68900000";"32511330";",0708299";"-51,0829593";1;"ATIVO";-1;"ATIVO";1;"ATIVO";1;"Ativo";"0";"Sem acessibilidade";389;389;389;0;1414;"ESCOLA MUNICIPAL PROFESSORA VERA LUCIA PINON NERY";"AV. CARLOS LINS CORTES, 1405"
"05/10/2026";"06:29:34";2026;"04/10/2026";"1º Turno";1;"AP";"06050";"MACAPÁ";14;245;1;"Principal";-1;1341;"ESCOLA ESTADUAL MARIA DO SOCORRO ANDRADE SMITH";1;"Convencional";"CONJUNTO CABRALZINHO                  CABRALZINHO        SN";"CABRALZINHO";"68900000";"32611826";",0317255";"-51,1158339";1;"ATIVO";-1;"ATIVO";1;"ATIVO";1;"Ativo";"0";"Sem acessibilidade";341;339;339;0;1341;"ESCOLA ESTADUAL MARIA DO SOCORRO ANDRADE SMITH";"CONJUNTO CABRALZINHO                  CABRALZINHO        SN"
"05/10/2026";"06:29:34";2026;"04/10/2026";"1º Turno";1;"AP";"06157";"SANTANA";6;266;1;"Principal";-1;1074;"E.E.T.I.  AUGUSTO ANTUNES";1;"Convencional";"TRAVESSA PEDRO SALVADOR DINIZ, 1631";"NOVA BRASÍLIA I";"68927230";"3281 3067";"-,0440221";"-51,1648759";1;"ATIVO";-1;"ATIVO";1;"ATIVO";1;"Ativo";"0";"Sem acessibilidade";345;344;344;0;1074;"E.E.T.I.  AUGUSTO ANTUNES";"TRAVESSA PEDRO SALVADOR DINIZ, 1631"
"05/10/2026";"06:29:34";2026;"04/10/2026";"1º Turno";1;"AP";"06092";"OIAPOQUE";4;13;1;"Principal";-1;1023;"ESCOLA DE PRIMEIRO GRAU JOAQUIM NABUCO";1;"Convencional";"RUA LELIO SILVA";"CENTRO";"68900000";"-1";"3,84401648";"-51,83412591";1;"ATIVO";-1;"ATIVO";1;"ATIVO";1;"Ativo";"0";"Sem acessibilidade";292;291;291;0;1023;"ESCOLA DE PRIMEIRO GRAU JOAQUIM NABUCO";"RUA LELIO SILVA"
"05/10/2026";"06:29:34";2026;"04/10/2026";"1º Turno";1;"AP";"06106";"SERRA DO NAVIO";11;15;1;"Principal";-1;1023;"ESCOLA ESTADUAL COLÔNIA DE ÁGUA BRANCA";1;"Convencional";"RUA AIRTON SENA, 1021";"COLONIA DE AGUA BRANCA";"68948000";"-1";"-1";"-1";1;"ATIVO";-1;"ATIVO";1;"ATIVO";1;"Ativo";"1";"Com acessibilidade";394;395;395;0;1023;"ESCOLA ESTADUAL COLÔNIA DE ÁGUA BRANCA";"RUA AIRTON SENA, 1021"
"05/10/2026";"06:29:34";2026;"04/10/2026";"1º Turno";1;"AP";"06050";"MACAPÁ";14;195;1;"Principal";-1;1309;"ESCOLA ESTADUAL GUANABARA";1;"Convencional";"RUA ELIEZER LEVI, 1601";"CENTRO";"68900000";"+5596999339417";",0375666";"-51,0561729";1;"ATIVO";-1;"ATIVO";1;"ATIVO";1;"Ativo";"0";"Sem acessibilidade";217;218;218;0;1309;"ESCOLA ESTADUAL GUANABARA";"RUA ELIEZER LEVI, 1601"
"05/10/2026";"06:29:34";2026;"04/10/2026";"1º Turno";1;"AP";"06068";"CUTIAS";10;430;1;"Principal";-1;1104;"ESCOLA MUNICIPAL PRINCIPE DAVI GABRIEL CARVALHO RAMOS";1;"Convencional";"RUA JOSE DANTAS DA COSTA, S/N";"CENTRO";"68973000";"99901 1441";"-1";"-1";1;"ATIVO";-1;"ATIVO";1;"ATIVO";1;"Ativo";"0";"Sem acessibilidade";262;264;264;0;1058;"CRECHE MUNICIPAL PINGO DE GENTE";"RUA PRIMEIRO DE MAIO 765"
"05/10/2026";"06:29:34";2026;"04/10/2026";"1º Turno";1;"AP";"06050";"MACAPÁ";2;508;1;"Principal";-1;1791;"ESCOLA ESTADUAL IRINEU DA GAMA PAES";1;"Convencional";"AV RAIMUNDO CAXIAS DE SOUZA                      SN";"CONGOS";"68900000";"+5596981151638";",0090684";"-51,0934478";1;"ATIVO";-1;"ATIVO";1;"ATIVO";1;"Ativo";"1";"Com acessibilidade";249;250;250;0;2046;"ESCOLA ESTADUAL PROFª BENIGNA MOREIRA DE SOUZA";"RUA RAUL MONTEIRO VALDEZ - 1500"
"05/10/2026";"06:29:34";2026;"04/10/2026";"1º Turno";1;"AP";"06050";"MACAPÁ";14;307;1;"Principal";-1;1449;"ESCOLA ESTADUAL TIRADENTES";1;"Convencional";"RUA SANTOS DUMONT         128      SANTA RITA";"SANTA RITA";"68900000";"+5596981117291";",042048";"-51,0727224";1;"ATIVO";-1;"ATIVO";1;"ATIVO";1;"Ativo";"0";"Sem acessibilidade";313;312;312;0;1449;"ESCOLA ESTADUAL TIRADENTES";"RUA SANTOS DUMONT         128      SANTA RITA"
"05/10/2026";"06:29:34";2026;"04/10/2026";"1º Turno";1;"AP";"06050";"MACAPÁ";10;453;1;"Principal";-1;1732;"ESCOLA MUNICIPAL SANDRA LOBATO FERREIRA";1;"Convencional";"AV MARIA CAVALCANTE DE AZEVEDO PICANÇO, 505";"ILHA MIRIM";"68900010";"-1";",063737";"-51,0940966";1;"ATIVO";-1;"ATIVO";1;"ATIVO";1;"Ativo";"0";"Sem acessibilidade";225;225;225;0;1732;"ESCOLA MUNICIPAL SANDRA LOBATO FERREIRA";"AV MARIA CAVALCANTE DE AZEVEDO PICANÇO, 505"
"05/10/2026";"06:29:34";2026;"04/10/2026";"1º Turno";1;"AP";"06050";"MACAPÁ";14;8;1;"Principal";-1;1031;"CENTRO DE EDUCAÇÃO PROFISSIONAL GRAZIELA REIS";1;"Convencional";"AV DUQUE DE CAXIAS - 60";"CENTRO";"68900071";"+5596991535908";",0386917";"-51,0568429";1;"ATIVO";-1;"ATIVO";1;"ATIVO";1;"Ativo";"0";"Sem acessibilidade";229;228;228;0;1031;"CENTRO DE EDUCAÇÃO PROFISSIONAL GRAZIELA REIS";"AV DUQUE DE CAXIAS - 60"
"05/10/2026";"06:29:34";2026;"04/10/2026";"1º Turno";1;"AP";"06130";"LARANJAL DO JARI";7;14;1;"Principal";-1;1112;"ESCOLA MUNICIPAL PAULO FREIRE";1;"Convencional";"RUA RIO BRANCO C/ AV. JOSÉ CEZÁRIO, N. 2001";"SAGRADO CORACAO DE JESUS";"68920000";"36212942";"-,8559813";"-52,5248382";1;"ATIVO";-1;"ATIVO";1;"ATIVO";1;"Ativo";"0";"Sem acessibilidade";244;244;244;0;1112;"ESCOLA MUNICIPAL PAULO FREIRE";"RUA RIO BRANCO C/ AV. JOSÉ CEZÁRIO, N. 2001"
"05/10/2026";"06:29:34";2026;"04/10/2026";"1º Turno";1;"AP";"06050";"MACAPÁ";2;847;1;"Principal";-1;2658;"ESCOLA ESTADUAL IRMA SANTINA RIOLI";1;"Convencional";"RUA JOVINO DINOA, 2732";"TREM";"68900160";"-1";",027631";"-51,0607761";1;"ATIVO";-1;"ATIVO";1;"ATIVO";1;"Ativo";"0";"Sem acessibilidade";351;345;345;0;2658;"ESCOLA ESTADUAL IRMA SANTINA RIOLI";"RUA JOVINO DINOA, 2732"
"05/10/2026";"06:29:34";2026;"04/10/2026";"1º Turno";1;"AP";"06092";"OIAPOQUE";4;4;1;"Principal";-1;1023;"ESCOLA DE PRIMEIRO GRAU JOAQUIM NABUCO";1;"Convencional";"RUA LELIO SILVA";"CENTRO";"68900000";"-1";"3,84401648";"-51,83412591";1;"ATIVO";-1;"ATIVO";1;"ATIVO";1;"Ativo";"0";"Sem acessibilidade";295;293;293;0;1023;"ESCOLA DE PRIMEIRO GRAU JOAQUIM NABUCO";"RUA LELIO SILVA"
"05/10/2026";"06:29:34";2026;"04/10/2026";"1º Turno";1;"AP";"06130";"LARANJAL DO JARI";7;42;1;"Principal";-1;1090;"ESCOLA MUNICIPAL RAIMUNDA RODRIGUES CAPIBERIBE";1;"Convencional";"AVENIDA TANCREDO NEVES, N. 901";"AGRESTE";"68920000";"36211667";"-,8405685";"-52,5200531";1;"ATIVO";-1;"ATIVO";1;"ATIVO";1;"Ativo";"0";"Sem acessibilidade";197;406;399;0;1090;"ESCOLA MUNICIPAL RAIMUNDA RODRIGUES CAPIBERIBE";"AVENIDA TANCREDO NEVES, N. 901"
"05/10/2026";"06:29:34";2026;"04/10/2026";"1º Turno";1;"AP";"06050";"MACAPÁ";2;725;1;"Principal";-1;2321;"ESCOLA ESTADUAL PROFª NANCI NINA COSTA";1;"Convencional";"AV. INSPETOR AIMORÉ, 1331";"ZERAO";"68900000";"+5596981452190";",0015588";"-51,0873044";1;"ATIVO";-1;"ATIVO";1;"ATIVO";1;"Ativo";"1";"Com acessibilidade";370;369;369;0;2321;"ESCOLA ESTADUAL PROFª NANCI NINA COSTA";"AV. INSPETOR AIMORÉ, 1331"
"05/10/2026";"06:29:34";2026;"04/10/2026";"1º Turno";1;"AP";"06050";"MACAPÁ";2;879;1;"Principal";-1;2682;"ESCOLA ESTADUAL SANTA INÊS";1;"Convencional";"RUA BEIRA RIO                         SANTA INES";"SANTA INES";"68900000";"+5596991537535";",0259971";"-51,0541281";1;"ATIVO";-1;"ATIVO";1;"ATIVO";1;"Ativo";"0";"Sem acessibilidade";312;312;312;0;2682;"ESCOLA ESTADUAL SANTA INÊS";"RUA BEIRA RIO                         SANTA INES"
"05/10/2026";"06:29:34";2026;"04/10/2026";"1º Turno";1;"AP";"06092";"OIAPOQUE";4;35;1;"Principal";-1;1023;"ESCOLA DE PRIMEIRO GRAU JOAQUIM NABUCO";1;"Convencional";"RUA LELIO SILVA";"CENTRO";"68900000";"-1";"3,84401648";"-51,83412591";1;"ATIVO";-1;"ATIVO";1;"ATIVO";1;"Ativo";"0";"Sem acessibilidade";295;292;292;0;1023;"ESCOLA DE PRIMEIRO GRAU JOAQUIM NABUCO";"RUA LELIO SILVA"
"05/10/2026";"06:29:34";2026;"04/10/2026";"1º Turno";1;"AP";"06157";"SANTANA";6;9;1;"Principal";-1;1058;"E.P.G. JOSE BARROSO TOSTES";1;"Convencional";"AV. 7 DE SETEMBRO, 186";"CENTRO";"68925000";"3281 1542";"-,0415918";"-51,1768394";1;"ATIVO";-1;"ATIVO";1;"ATIVO";1;"Ativo";"0";"Sem acessibilidade";297;299;299;0;1058;"E.P.G. JOSE BARROSO TOSTES";"AV. 7 DE SETEMBRO, 186"
"05/10/2026";"06:29:34";2026;"04/10/2026";"1º Turno";1;"AP";"06050";"MACAPÁ";10;231;1;"Principal";-1;1520;"ESCOLA ESTADUAL PROFESSOR ANTONIO FERREIRA DE LIMA NETO";1;"Convencional";"AV. FRANCISCO FELIPPE DE MIRANDA  NERY - 2336";"LOTEAMENTO BURITIS";"68908805";"+5596991423491";",0713059";"-51,0898494";1;"ATIVO";-1;"ATIVO";1;"ATIVO";1;"Ativo";"0";"Sem acessibilidade";391;389;389;0;1520;"ESCOLA ESTADUAL PROFESSOR ANTONIO FERREIRA DE LIMA NETO";"AV. FRANCISCO FELIPPE DE MIRANDA  NERY - 2336"
"05/10/2026";"06:29:34";2026;"04/10/2026";"1º Turno";1;"AP";"06173";"TARTARUGALZINHO";8;43;1;"Principal";-1;1244;"E.E PROFESSORA MARIA JOSÉ DE NAZARÉ FERREIRA LIMA";1;"Convencional";"RUA MÃE VERÔNICA, 767";"CENTRO";"68990000";"88088926";"1,50622058";"-50,91279023";1;"ATIVO";-1;"ATIVO";1;"ATIVO";1;"Ativo";"0";"Sem acessibilidade";333;363;363;0;1244;"E.E PROFESSORA MARIA JOSÉ DE NAZARÉ FERREIRA LIMA";"RUA MÃE VERÔNICA, 767"
"05/10/2026";"06:29:34";2026;"04/10/2026";"1º Turno";1;"AP";"06050";"MACAPÁ";2;905;1;"Principal";-1;1090;"ESCOLA ESTADUAL DR.COARACY NUNES";1;"Convencional";"AV MENDONCA JUNIOR          1651         CENTRO";"CENTRO";"68900000";"+5596981025968";",0338216";"-51,0647025";1;"ATIVO";-1;"ATIVO";1;"ATIVO";1;"Ativo";"0";"Sem acessibilidade";288;283;283;0;1090;"ESCOLA ESTADUAL DR.COARACY NUNES";"AV MENDONCA JUNIOR          1651         CENTRO"
"05/10/2026";"06:29:34";2026;"04/10/2026";"1º Turno";1;"AP";"06068";"CUTIAS";10;416;1;"Principal";-1;1104;"ESCOLA MUNICIPAL PRINCIPE DAVI GABRIEL CARVALHO RAMOS";1;"Convencional";"RUA JOSE DANTAS DA COSTA, S/N";"CENTRO";"68973000";"99901 1441";"-1";"-1";1;"ATIVO";-1;"ATIVO";1;"ATIVO";1;"Ativo";"1";"Com acessibilidade";262;260;260;0;1058;"CRECHE MUNICIPAL PINGO DE GENTE";"RUA PRIMEIRO DE MAIO 765"
"05/10/2026";"06:29:34";2026;"04/10/2026";"1º Turno";1;"AP";"06076";"MAZAGÃO";5;123;1;"Principal";-1;1422;"ESCOLA MUNICIPAL AMELIA DO NASCIMENTO RODRIGUES";1;"Convencional";"TRAVESSA DA OLARIA, S/N";"OLARIA";"68940000";"-1";"-1";"-1";1;"ATIVO";-1;"ATIVO";1;"ATIVO";1;"Ativo";"0";"Sem acessibilidade";241;241;241;0;1422;"ESCOLA MUNICIPAL AMELIA DO NASCIMENTO RODRIGUES";"TRAVESSA DA OLARIA, S/N"
"05/10/2026";"06:29:34";2026;"04/10/2026";"1º Turno";1;"AP";"06157";"SANTANA";6;70;1;"Principal";-1;1120;"E.P.G. PADRE ANGELO BIRACHI";1;"Convencional";"RUA GENERAL EMILIO GARRASTAZU MEDICI, 796";"PARAÍSO";"68925000";"3281 4963";"-,03016454";"-51,17457792";1;"ATIVO";-1;"ATIVO";1;"ATIVO";1;"Ativo";"0";"Sem acessibilidade";377;380;380;0;1120;"E.P.G. PADRE ANGELO BIRACHI";"RUA GENERAL EMILIO GARRASTAZU MEDICI, 796"
"05/10/2026";"06:29:34";2026;"04/10/2026";"1º Turno";1;"AP";"06050";"MACAPÁ";10;186;1;"Principal";-1;1376;"ESCOLA ESTADUAL MARIA NEUZA DO CARMO";1;"Convencional";"RUA MILTON DE SOUZA CORREA , 500";"JARDIM FELICIDADE I";"68909068";"96991634333";",0837865";"-51,0656668";1;"ATIVO";-1;"ATIVO";1;"ATIVO";1;"Ativo";"0";"Sem acessibilidade";388;386;386;0;1376;"ESCOLA ESTADUAL MARIA NEUZA DO CARMO";"RUA MILTON DE SOUZA CORREA , 500"
"05/10/2026";"06:29:34";2026;"04/10/2026";"1º Turno";1;"AP";"06050";"MACAPÁ";10;98;1;"Principal";-1;1279;"ESCOLA ESTADUAL MARIA DO CARMO VIANA DOS ANJOS";1;"Convencional";"RUA FRANCISCO ALVES CORRÊA, 30, JARDIM FELICIDADE II";"JARDIM FELICIDADE II";"68900000";"991296548";",0968478";"-51,056575";1;"ATIVO";-1;"ATIVO";1;"ATIVO";1;"Ativo";"0";"Sem acessibilidade";359;357;357;0;1279;"ESCOLA ESTADUAL MARIA DO CARMO VIANA DOS ANJOS";"RUA FRANCISCO ALVES CORRÊA, 30, JARDIM FELICIDADE II"
"05/10/2026";"06:29:34";2026;"04/10/2026";"1º Turno";1;"AP";"06130";"LARANJAL DO JARI";7;114;1;"Principal";-1;1139;"ESCOLA ESTADUAL PROF. VANDA MARIA DE SOUZA CABETE";1;"Convencional";"AV. FORTALEZA, N. 1456";"LOTEAMENTO CAJARY";"68920000";"36211625";"-,8283483";"-52,5120059";5;"BLOQUEADO";-1;"ATIVO";1;"ATIVO";1;"Ativo";"0";"Sem acessibilidade";269;269;269;0;1139;"ESCOLA ESTADUAL PROF. VANDA MARIA DE SOUZA CABETE";"AV. FORTALEZA, N. 1456"
"05/10/2026";"06:29:34";2026;"04/10/2026";"1º Turno";1;"AP";"06050";"MACAPÁ";2;634;1;"Principal";-1;1171;"ESCOLA ESTADUAL PROFª SEBASTIANA LENIR DE ALMEIDA";1;"Convencional";"AV DIOGENES SILVA         123        BURITIZAL";"BURITIZAL";"68902891";"+5596991579520";",0258939";"-51,0728225";1;"ATIVO";-1;"ATIVO";1;"ATIVO";1;"Ativo";"1";"Com acessibilidade";298;296;296;0;1171;"ESCOLA ESTADUAL PROFª SEBASTIANA LENIR DE ALMEIDA";"AV DIOGENES SILVA         123        BURITIZAL"
"05/10/2026";"06:29:34";2026;"04/10/2026";"1º Turno";1;"AP";"06076";"MAZAGÃO";5;124;1;"Principal";-1;1449;"ESCOLA MUNICIPAL TIA RAIMUNDA PUREZA";1;"Convencional";"RUA VEIGA CABRAL, S/N";"CENTRO";"68940000";"-1";"-1";"-1";1;"ATIVO";-1;"ATIVO";1;"ATIVO";1;"Ativo";"0";"Sem acessibilidade";222;222;222;0;1449;"ESCOLA MUNICIPAL TIA RAIMUNDA PUREZA";"RUA VEIGA CABRAL, S/N"
"05/10/2026";"06:29:34";2026;"04/10/2026";"1º Turno";1;"AP";"06041";"ITAUBAL";10;247;1;"Principal";-1;1082;"ESCOLA MUNICIPAL ANTÔNIO MAXIMINO DA CRUZ";1;"Convencional";"RODOVIA AP 070, COMUNIDADE DE INAJÁ";"LOCALIDADE INAJÁ";"68976000";"-1";",7149116";"-50,8496404";1;"ATIVO";-1;"ATIVO";1;"ATIVO";1;"Ativo";"0";"Sem acessibilidade";236;239;239;0;1082;"ESCOLA MUNICIPAL ANTÔNIO MAXIMINO DA CRUZ";"RODOVIA AP 070, COMUNIDADE DE INAJÁ"
"05/10/2026";"06:29:34";2026;"04/10/2026";"1º Turno";1;"AP";"06041";"ITAUBAL";10;351;1;"Principal";-1;1090;"ESCOLA ESTADUAL IPIXUNA GRANDE";1;"Convencional";"IGARAPÉ IPIXUNA GRANDE";"IGARAPÉ IPIXUNA GRANDE";"68900000";"-1";",3960582";"-50,6343877";1;"ATIVO";-1;"ATIVO";1;"ATIVO";1;"Ativo";"1";"Com acessibilidade";176;354;354;0;1090;"ESCOLA ESTADUAL IPIXUNA GRANDE";"IGARAPÉ IPIXUNA GRANDE"
"05/10/2026";"06:29:34";2026;"04/10/2026";"1º Turno";1;"AP";"06130";"LARANJAL DO JARI";7;24;1;"Principal";-1;1066;"ESCOLA ESTADUAL MINEKO HAYASHIDA";1;"Convencional";"AVENIDA TANCREDO NEVES, 1304";"AGRESTE";"68920000";"991337867";"-,8380233";"-52,517341";1;"ATIVO";-1;"ATIVO";1;"ATIVO";1;"Ativo";"0";"Sem acessibilidade";193;193;193;0;1066;"ESCOLA ESTADUAL MINEKO HAYASHIDA";"AVENIDA TANCREDO NEVES, 1304"
"05/10/2026";"06:29:34";2026;"04/10/2026";"1º Turno";1;"AP";"06050";"MACAPÁ";2;709;1;"Principal";-1;2119;"ESCOLA MUNICIPAL DE ENSINO FUNDAMENTAL WILSON MALCHER";1;"Convencional";"RUA JOÃO DE CASTRO , S/N";"JARDIM EQUATORIAL";"68900000";"+5596984144863";",0063263";"-51,0687238";1;"ATIVO";-1;"ATIVO";1;"ATIVO";1;"Ativo";"1";"Com acessibilidade";337;336;336;0;2119;"ESCOLA MUNICIPAL DE ENSINO FUNDAMENTAL WILSON MALCHER";"RUA JOÃO DE CASTRO , S/N"
"05/10/2026";"06:29:34";2026;"04/10/2026";"1º Turno";1;"AP";"06157";"SANTANA";6;118;1;"Principal";-1;1228;"E.P.G MATAO I";1;"Convencional";"COMUNIDADE DO RAMAL I DO PIACACA";"MATÃO I";"68925000";"96984283889";",2933376";"-51,494461";1;"ATIVO";-1;"ATIVO";1;"ATIVO";1;"Ativo";"0";"Sem acessibilidade";92;259;259;0;1228;"E.P.G MATAO I";"COMUNIDADE DO RAMAL I DO PIACACA"
"05/10/2026";"06:29:34";2026;"04/10/2026";"1º Turno";1;"AP";"06050";"MACAPÁ";14;98;1;"Principal";-1;1147;"EEEF MARIO DAVID ANDREAZZA";1;"Convencional";"RAIMUNDO RAMOS DOS PASSOS 495";"PERPETUO SOCORRO";"68900000";"32125271";",0483913";"-51,0467397";1;"ATIVO";-1;"ATIVO";1;"ATIVO";1;"Ativo";"0";"Sem acessibilidade";396;395;395;0;1147;"EEEF MARIO DAVID ANDREAZZA";"RAIMUNDO RAMOS DOS PASSOS 495"
"05/10/2026";"06:29:34";2026;"04/10/2026";"1º Turno";1;"AP";"06050";"MACAPÁ";10;171;1;"Principal";-1;1376;"ESCOLA ESTADUAL MARIA NEUZA DO CARMO";1;"Convencional";"RUA MILTON DE SOUZA CORREA , 500";"JARDIM FELICIDADE I";"68909068";"96991634333";",0837865";"-51,0656668";1;"ATIVO";-1;"ATIVO";1;"ATIVO";1;"Ativo";"0";"Sem acessibilidade";388;386;386;0;1376;"ESCOLA ESTADUAL MARIA NEUZA DO CARMO";"RUA MILTON DE SOUZA CORREA , 500"
"05/10/2026";"06:29:34";2026;"04/10/2026";"1º Turno";1;"AP";"06050";"MACAPÁ";2;445;1;"Principal";-1;1899;"UNIVERSIDADE FEDERAL DO AMAPA - UNIFAP";1;"Convencional";"ROD. JOSMAR CHAVES PINTO, KM 02   JARDIM MARCO ZERO";"UNIVERSIDADE";"68903419";"+5596981159919";"-,0065359";"-51,0845096";1;"ATIVO";-1;"ATIVO";1;"ATIVO";1;"Ativo";"0";"Sem acessibilidade";406;402;402;0;2062;"ESCOLA MUNICIPAL DE ENSINO FUNDAMENTAL PROFESSORA NEUZONA";"RUA AMADEU GAMA, 1742"
"05/10/2026";"06:29:34";2026;"04/10/2026";"1º Turno";1;"AP";"06050";"MACAPÁ";14;11;1;"Principal";-1;1031;"CENTRO DE EDUCAÇÃO PROFISSIONAL GRAZIELA REIS";1;"Convencional";"AV DUQUE DE CAXIAS - 60";"CENTRO";"68900071";"+5596991535908";",0386917";"-51,0568429";1;"ATIVO";-1;"ATIVO";1;"ATIVO";1;"Ativo";"0";"Sem acessibilidade";223;219;219;0;1031;"CENTRO DE EDUCAÇÃO PROFISSIONAL GRAZIELA REIS";"AV DUQUE DE CAXIAS - 60"
"05/10/2026";"06:29:34";2026;"04/10/2026";"1º Turno";1;"AP";"06050";"MACAPÁ";10;221;1;"Principal";-1;1481;"ESCOLA ESTADUAL BERNADINO SILVA";1;"Convencional";"RUA PONTA GROSSA, 200";"VILA DE PONTA GROSSA DO PIRIRIM";"68912500";"999011516";",7173167";"-50,7957283";1;"ATIVO";-1;"ATIVO";1;"ATIVO";1;"Ativo";"1";"Com acessibilidade";130;264;264;0;1481;"ESCOLA ESTADUAL BERNADINO SILVA";"RUA PONTA GROSSA, 200"
"05/10/2026";"06:29:34";2026;"04/10/2026";"1º Turno";1;"AP";"06050";"MACAPÁ";2;419;1;"Principal";-1;2356;"ESCOLA ESTADUAL GONÇALVES DIAS";1;"Convencional";"RUA SANTOS DUMONT     BURITIZAL      N° 121";"BURITIZAL";"68902880";"+5596991451429";",0203216";"-51,073305";1;"ATIVO";-1;"ATIVO";1;"ATIVO";1;"Ativo";"1";"Com acessibilidade";312;312;312;0;2356;"ESCOLA ESTADUAL GONÇALVES DIAS";"RUA SANTOS DUMONT     BURITIZAL      N° 121"
"05/10/2026";"06:29:34";2026;"04/10/2026";"1º Turno";1;"AP";"06157";"SANTANA";6;91;1;"Principal";-1;1120;"E.P.G. PADRE ANGELO BIRACHI";1;"Convencional";"RUA GENERAL EMILIO GARRASTAZU MEDICI, 796";"PARAÍSO";"68925000";"3281 4963";"-,03016454";"-51,17457792";1;"ATIVO";-1;"ATIVO";1;"ATIVO";1;"Ativo";"0";"Sem acessibilidade";376;376;376;0;1120;"E.P.G. PADRE ANGELO BIRACHI";"RUA GENERAL EMILIO GARRASTAZU MEDICI, 796"
"05/10/2026";"06:29:34";2026;"04/10/2026";"1º Turno";1;"AP";"06050";"MACAPÁ";2;957;1;"Principal";-1;1783;"ESCOLA ESTADUAL LAURO CHAVES";1;"Convencional";"AV TEMBES       SN";"MUCA";"68900000";"32411440";",0130979";"-51,074366";1;"ATIVO";-1;"ATIVO";1;"ATIVO";1;"Ativo";"0";"Sem acessibilidade";295;294;294;0;1783;"ESCOLA ESTADUAL LAURO CHAVES";"AV TEMBES       SN"
"05/10/2026";"06:29:34";2026;"04/10/2026";"1º Turno";1;"AP";"06050";"MACAPÁ";10;486;1;"Principal";-1;1163;"ESCOLA QUILOMBOLA ESTADUAL JOSÉ BONIFÁCIO";1;"Convencional";"RUA SANTO ANTÔNIO, 129";"VILA DO CURIAU";"68900000";"-1";",13441";"-51,05296";1;"ATIVO";-1;"ATIVO";1;"ATIVO";1;"Ativo";"0";"Sem acessibilidade";68;68;68;0;1163;"ESCOLA QUILOMBOLA ESTADUAL JOSÉ BONIFÁCIO";"RUA SANTO ANTÔNIO, 129"
"05/10/2026";"06:29:34";2026;"04/10/2026";"1º Turno";1;"AP";"06050";"MACAPÁ";2;92;1;"Principal";-1;1155;"ESCOLA ESTADUAL PROFº ZOLITO DE JESUS NUNES";1;"Convencional";"RUA LEOPOLDO MACHADO                            160 - BEIROL";"BEIROL";"68902020";"+5596991150828";",0179869";"-51,0631282";1;"ATIVO";-1;"ATIVO";1;"ATIVO";1;"Ativo";"0";"Sem acessibilidade";362;359;359;0;1155;"ESCOLA ESTADUAL PROFº ZOLITO DE JESUS NUNES";"RUA LEOPOLDO MACHADO                            160 - BEIROL"
"05/10/2026";"06:29:34";2026;"04/10/2026";"1º Turno";1;"AP";"06050";"MACAPÁ";2;355;1;"Principal";-1;1600;"ESCOLA ESTADUAL MÁRIO QUIRINO DA SILVA";1;"Convencional";"RUA CLAUDOMIRO DE MORAIS                    SN";"NOVO BURITIZAL";"68900000";"32125283";",0154748";"-51,0823276";1;"ATIVO";-1;"ATIVO";1;"ATIVO";1;"Ativo";"0";"Sem acessibilidade";382;380;380;0;1600;"ESCOLA ESTADUAL MÁRIO QUIRINO DA SILVA";"RUA CLAUDOMIRO DE MORAIS                    SN"
"05/10/2026";"06:29:34";2026;"04/10/2026";"1º Turno";1;"AP";"06050";"MACAPÁ";10;99;1;"Principal";-1;1279;"ESCOLA ESTADUAL MARIA DO CARMO VIANA DOS ANJOS";1;"Convencional";"RUA FRANCISCO ALVES CORRÊA, 30, JARDIM FELICIDADE II";"JARDIM FELICIDADE II";"68900000";"991296548";",0968478";"-51,056575";1;"ATIVO";-1;"ATIVO";1;"ATIVO";1;"Ativo";"0";"Sem acessibilidade";357;357;357;0;1279;"ESCOLA ESTADUAL MARIA DO CARMO VIANA DOS ANJOS";"RUA FRANCISCO ALVES CORRÊA, 30, JARDIM FELICIDADE II"
"05/10/2026";"06:29:34";2026;"04/10/2026";"1º Turno";1;"AP";"06050";"MACAPÁ";10;345;1;"Principal";-1;1317;"ESCOLA ESTADUAL PROFESSORA ESTHER DA SILVA VIRGOLINO";1;"Convencional";"RUA JOSE AURINO BORGES, 924";"SAO LAZARO";"68909806";"00000";",0989435";"-51,0463416";1;"ATIVO";-1;"ATIVO";1;"ATIVO";1;"Ativo";"0";"Sem acessibilidade";334;333;333;0;1317;"ESCOLA ESTADUAL PROFESSORA ESTHER DA SILVA VIRGOLINO";"RUA JOSE AURINO BORGES, 924"
"05/10/2026";"06:29:34";2026;"04/10/2026";"1º Turno";1;"AP";"06050";"MACAPÁ";10;143;1;"Principal";-1;2070;"ESCOLA ESTADUAL MARIA MERIAN DOS SANTOS CORDEIRO FERNANDES";4;"Temporário";"AV. GLICÉRIO SOUZA FIGUEIREDO, 66";"NOVO HORIZONTE";"68909821";"96 984073412";"-1";"-1";1;"ATIVO";-1;"ATIVO";1;"ATIVO";1;"Ativo";"0";"Sem acessibilidade";383;382;382;0;1325;"ESCOLA ESTADUAL RIVANDA NAZARE DA SILVA GUIMARAES";"RUA CÍCERO MARQUES DE SOUZA, 2874, NOVO HORIZONTE"
"05/10/2026";"06:29:34";2026;"04/10/2026";"1º Turno";1;"AP";"06050";"MACAPÁ";2;724;1;"Principal";-1;2330;"ESCOLA ESTADUAL NELITA ROCHA BRITO DIAS";1;"Convencional";"AV. NILO ALMEIDA, 01";"CONGOS";"68904396";"+5596991519421";",0096085";"-51,0919318";1;"ATIVO";-1;"ATIVO";1;"ATIVO";1;"Ativo";"1";"Com acessibilidade";274;275;275;0;2330;"ESCOLA ESTADUAL NELITA ROCHA BRITO DIAS";"AV. NILO ALMEIDA, 01"
"05/10/2026";"06:29:34";2026;"04/10/2026";"1º Turno";1;"AP";"06050";"MACAPÁ";2;723;1;"Principal";-1;2208;"ESCOLA MUNICIPAL DE ENSINO FUNDAMENTAL ESFORÇO POPULAR";1;"Convencional";"RUA RAIMUNDO FERREIRA DA SILVA - 241";"MUCA";"68900000";"32415652";",0116414";"-51,0773336";1;"ATIVO";-1;"ATIVO";1;"ATIVO";1;"Ativo";"0";"Sem acessibilidade";263;263;263;0;2208;"ESCOLA MUNICIPAL DE ENSINO FUNDAMENTAL ESFORÇO POPULAR";"RUA RAIMUNDO FERREIRA DA SILVA - 241"
"05/10/2026";"06:29:34";2026;"04/10/2026";"1º Turno";1;"AP";"06050";"MACAPÁ";10;258;1;"Principal";-1;1376;"ESCOLA ESTADUAL MARIA NEUZA DO CARMO";1;"Convencional";"RUA MILTON DE SOUZA CORREA , 500";"JARDIM FELICIDADE I";"68909068";"96991634333";",0837865";"-51,0656668";1;"ATIVO";-1;"ATIVO";1;"ATIVO";1;"Ativo";"0";"Sem acessibilidade";383;382;382;0;1376;"ESCOLA ESTADUAL MARIA NEUZA DO CARMO";"RUA MILTON DE SOUZA CORREA , 500"
"05/10/2026";"06:29:34";2026;"04/10/2026";"1º Turno";1;"AP";"06106";"SERRA DO NAVIO";11;18;1;"Principal";-1;1031;"ESCOLA ESTADUAL SETE DE SETEMBRO";1;"Convencional";"VILA CACHACO, SN";"COMUNIDADE DO CACHACO";"68914000";"-1";"-1";"-1";1;"ATIVO";-1;"ATIVO";1;"ATIVO";1;"Ativo";"0";"Sem acessibilidade";340;339;339;0;1031;"ESCOLA ESTADUAL SETE DE SETEMBRO";"VILA CACHACO, SN"
"05/10/2026";"06:29:34";2026;"04/10/2026";"1º Turno";1;"AP";"06114";"FERREIRA GOMES";12;47;1;"Principal";-1;1015;"ESCOLA ESTADUAL PROFA. MARIA IRACI TAVARES";1;"Convencional";"RUA DUQUE DE CAXIAS, N. 521";"CENTRO";"68915000";"-1";",85830092";"-51,18378177";1;"ATIVO";-1;"ATIVO";1;"ATIVO";1;"Ativo";"1";"Com acessibilidade";369;367;367;0;1015;"ESCOLA ESTADUAL PROFA. MARIA IRACI TAVARES";"RUA DUQUE DE CAXIAS, N. 521"
"05/10/2026";"06:29:34";2026;"04/10/2026";"1º Turno";1;"AP";"06050";"MACAPÁ";2;566;1;"Principal";-1;2020;"ESCOLA ESTADUAL PROFº ANTONIO MESSIAS GONÇALVES DA SILVA";1;"Convencional";"AV. DOM JOSÉ MARITANO, 622";"ZERAO";"68900000";"+5596991046541";"-,0022242";"-51,1001204";1;"ATIVO";-1;"ATIVO";1;"ATIVO";1;"Ativo";"0";"Sem acessibilidade";345;344;344;0;2020;"ESCOLA ESTADUAL PROFº ANTONIO MESSIAS GONÇALVES DA SILVA";"AV. DOM JOSÉ MARITANO, 622"
"05/10/2026";"06:29:34";2026;"04/10/2026";"1º Turno";1;"AP";"06033";"CALÇOENE";1;50;1;"Principal";-1;1015;"ESCOLA ESTADUAL PROFº. SILVIO ELITO DE LIMA SANTOS";1;"Convencional";"AV MANOEL SARMENTO, N. 0266";"CENTRO";"68960000";"34231500";"2,4976326";"-50,9572776";1;"ATIVO";-1;"ATIVO";1;"ATIVO";1;"Ativo";"0";"Sem acessibilidade";325;325;325;0;1015;"ESCOLA ESTADUAL PROFº. SILVIO ELITO DE LIMA SANTOS";"AV MANOEL SARMENTO, N. 0266"
"05/10/2026";"06:29:34";2026;"04/10/2026";"1º Turno";1;"AP";"06157";"SANTANA";6;14;1;"Principal";-1;1058;"E.P.G. JOSE BARROSO TOSTES";1;"Convencional";"AV. 7 DE SETEMBRO, 186";"CENTRO";"68925000";"3281 1542";"-,0415918";"-51,1768394";1;"ATIVO";-1;"ATIVO";1;"ATIVO";1;"Ativo";"0";"Sem acessibilidade";295;292;292;0;1058;"E.P.G. JOSE BARROSO TOSTES";"AV. 7 DE SETEMBRO, 186"
"05/10/2026";"06:29:34";2026;"04/10/2026";"1º Turno";1;"AP";"06050";"MACAPÁ";10;403;1;"Principal";-1;1724;"ESCOLA ESTADUAL PROFESSOR ANTONIO MUNHOZ LOPES";1;"Convencional";"CONJUNTO HABITACIONAL MACAPABA";"MACAPABA";"68900000";"-1";",086194";"-51,0949749";1;"ATIVO";-1;"ATIVO";1;"ATIVO";1;"Ativo";"1";"Com acessibilidade";393;390;390;0;1724;"ESCOLA ESTADUAL PROFESSOR ANTONIO MUNHOZ LOPES";"CONJUNTO HABITACIONAL MACAPABA"
"05/10/2026";"06:29:34";2026;"04/10/2026";"1º Turno";1;"AP";"06122";"VITÓRIA DO JARI";7;155;1;"Principal";-1;1066;"ESCOLA MUNICIPAL FRANCISCA DE FREITAS ARAUJO";1;"Convencional";"RUA PEDRO LADISLAU, S/N";"CIDADE LIVRE";"68920000";"36221448";"-,9205129";"-52,4051767";1;"ATIVO";-1;"ATIVO";1;"ATIVO";1;"Ativo";"0";"Sem acessibilidade";220;218;218;0;1066;"ESCOLA MUNICIPAL FRANCISCA DE FREITAS ARAUJO";"RUA PEDRO LADISLAU, S/N"
"05/10/2026";"06:29:34";2026;"04/10/2026";"1º Turno";1;"AP";"06050";"MACAPÁ";14;46;1;"Principal";-1;1694;"ESCOLA APAE";4;"Temporário";"AV. PARAÍBA, 168";"PACOVAL";"68908280";"96991999118";"-1";"-1";1;"ATIVO";-1;"ATIVO";1;"ATIVO";1;"Ativo";"0";"Sem acessibilidade";357;356;356;0;1082;"E.M.E.F. JOSE DUARTE DE AZEVEDO";"RUA SAO PAULO, 670"
"05/10/2026";"06:29:34";2026;"04/10/2026";"1º Turno";1;"AP";"06050";"MACAPÁ";14;137;1;"Principal";-1;1201;"EPG JESUS DE NAZARÉ";1;"Convencional";"AV PRINCESA IZABEL, 255";"JESUS DE NAZARE";"68900000";"-1";",0452543";"-51,0639409";1;"ATIVO";-1;"ATIVO";1;"ATIVO";1;"Ativo";"0";"Sem acessibilidade";346;346;346;0;1201;"EPG JESUS DE NAZARÉ";"AV PRINCESA IZABEL, 255"
"05/10/2026";"06:29:34";2026;"04/10/2026";"1º Turno";1;"AP";"06050";"MACAPÁ";2;226;1;"Principal";-1;2313;"ESCOLA MUNICIPAL DE ENSINO FUNDAMENTAL ANTONIO BARBOSA";1;"Convencional";"RUA NOVO HORIZONTE, 153";"SANTA INES";"68900000";"+5596988052658";",01499";"-51,0577573";1;"ATIVO";-1;"ATIVO";1;"ATIVO";1;"Ativo";"0";"Sem acessibilidade";154;152;152;0;2313;"ESCOLA MUNICIPAL DE ENSINO FUNDAMENTAL ANTONIO BARBOSA";"RUA NOVO HORIZONTE, 153"
"05/10/2026";"06:29:34";2026;"04/10/2026";"1º Turno";1;"AP";"06173";"TARTARUGALZINHO";8;7;1;"Principal";-1;1031;"ESC EST REISALINA FERREIRA TOMAZ";1;"Convencional";"AV. N. S. PERPÉTUO SOCORRO, 765";"CENTRO";"68990000";"+559634221199";"1,51009521";"-50,91264494";1;"ATIVO";-1;"ATIVO";1;"ATIVO";1;"Ativo";"0";"Sem acessibilidade";256;252;252;0;1031;"ESC EST REISALINA FERREIRA TOMAZ";"AV. N. S. PERPÉTUO SOCORRO, 765"
"05/10/2026";"06:29:34";2026;"04/10/2026";"1º Turno";1;"AP";"06025";"PORTO GRANDE";12;7;1;"Principal";-1;1015;"ESCOLA ESTADUAL JOSÉ RIBAMAR TEIXEIRA";1;"Convencional";"AVENIDA PEDRO TEIXEIRA, S/N, BAIRRO MALVINAS";"CENTRO";"68997000";"-1";",70812263";"-51,40810814";1;"ATIVO";-1;"ATIVO";1;"ATIVO";1;"Ativo";"1";"Com acessibilidade";356;355;355;0;1015;"ESCOLA ESTADUAL JOSÉ RIBAMAR TEIXEIRA";"AVENIDA PEDRO TEIXEIRA, S/N, BAIRRO MALVINAS"
"05/10/2026";"06:29:34";2026;"04/10/2026";"1º Turno";1;"AP";"06050";"MACAPÁ";10;125;1;"Principal";-1;1309;"ESCOLA ESTADUAL BRASIL NOVO";1;"Convencional";"RUA FLORESTA, 15, BRASIL NOVO";"BRASIL NOVO";"68909319";"991485632";",0883937";"-51,0860517";1;"ATIVO";-1;"ATIVO";1;"ATIVO";1;"Ativo";"0";"Sem acessibilidade";392;392;392;0;1309;"ESCOLA ESTADUAL BRASIL NOVO";"RUA FLORESTA, 15, BRASIL NOVO"
"05/10/2026";"06:29:34";2026;"04/10/2026";"1º Turno";1;"AP";"06157";"SANTANA";6;198;1;"Principal";-1;1139;"E.E. ALBERTO SANTOS DUMONT (ELESBÃO)";1;"Convencional";"RAMAL DA OLARIA, 286";"ELESBÃO";"68925000";"3281 1191";"-,04720407";"-51,18649262";1;"ATIVO";-1;"ATIVO";1;"ATIVO";1;"Ativo";"0";"Sem acessibilidade";363;362;362;0;1139;"E.E. ALBERTO SANTOS DUMONT (ELESBÃO)";"RAMAL DA OLARIA, 286"
"05/10/2026";"06:29:34";2026;"04/10/2026";"1º Turno";1;"AP";"06050";"MACAPÁ";10;381;1;"Principal";-1;1511;"ESCOLA MUNICIPAL PROFESSORA RAIMUNDA DA SILVA VIRGOLINO";1;"Convencional";"RUA FERNANDO ALVES DE OLIVEIRA, 3091";"NOVO HORIZONTE";"68909806";"991169657";",0989525";"-51,0463256";1;"ATIVO";-1;"ATIVO";1;"ATIVO";1;"Ativo";"0";"Sem acessibilidade";330;329;329;0;1511;"ESCOLA MUNICIPAL PROFESSORA RAIMUNDA DA SILVA VIRGOLINO";"RUA FERNANDO ALVES DE OLIVEIRA, 3091"
"05/10/2026";"06:29:34";2026;"04/10/2026";"1º Turno";1;"AP";"06009";"PRACUÚBA";1;46;1;"Principal";-1;1279;"ESCOLA ESTADUAL ERNESTO COLARES";1;"Convencional";"AV SÃO PEDRO, 1158";"CENTRO";"68918000";"-1";"-1";"-1";1;"ATIVO";-1;"ATIVO";1;"ATIVO";1;"Ativo";"0";"Sem acessibilidade";307;305;305;0;1112;"ESCOLA MUNICIPAL AUGUSTO ROCHA DE OLIVEIRA";"AV. VILA SÃO PEDRO, S/N"
"05/10/2026";"06:29:34";2026;"04/10/2026";"1º Turno";1;"AP";"06041";"ITAUBAL";10;7;1;"Principal";-1;1040;"ESCOLA ESTADUAL EUGENIO MACHADO";1;"Convencional";"FOZ DO RIO MACACOARI";"FOZ DO RIO MACACOARI";"68900000";"-1";",3038965";"-50,7077096";1;"ATIVO";-1;"ATIVO";1;"ATIVO";1;"Ativo";"0";"Sem acessibilidade";207;207;207;0;1040;"ESCOLA ESTADUAL EUGENIO MACHADO";"FOZ DO RIO MACACOARI"
"05/10/2026";"06:29:34";2026;"04/10/2026";"1º Turno";1;"AP";"06050";"MACAPÁ";2;693;1;"Principal";-1;2330;"ESCOLA ESTADUAL NELITA ROCHA BRITO DIAS";1;"Convencional";"AV. NILO ALMEIDA, 01";"CONGOS";"68904396";"+5596991519421";",0096085";"-51,0919318";1;"ATIVO";-1;"ATIVO";1;"ATIVO";1;"Ativo";"1";"Com acessibilidade";272;273;273;0;2330;"ESCOLA ESTADUAL NELITA ROCHA BRITO DIAS";"AV. NILO ALMEIDA, 01"
"05/10/2026";"06:29:34";2026;"04/10/2026";"1º Turno";1;"AP";"06157";"SANTANA";6;155;1;"Principal";-1;1120;"E.P.G. PADRE ANGELO BIRACHI";1;"Convencional";"RUA GENERAL EMILIO GARRASTAZU MEDICI, 796";"PARAÍSO";"68925000";"3281 4963";"-,03016454";"-51,17457792";1;"ATIVO";-1;"ATIVO";1;"ATIVO";1;"Ativo";"0";"Sem acessibilidade";376;377;377;0;1120;"E.P.G. PADRE ANGELO BIRACHI";"RUA GENERAL EMILIO GARRASTAZU MEDICI, 796"
"05/10/2026";"06:29:34";2026;"04/10/2026";"1º Turno";1;"AP";"06130";"LARANJAL DO JARI";7;51;1;"Principal";-1;1139;"ESCOLA ESTADUAL PROF. VANDA MARIA DE SOUZA CABETE";1;"Convencional";"AV. FORTALEZA, N. 1456";"LOTEAMENTO CAJARY";"68920000";"36211625";"-,8283483";"-52,5120059";5;"BLOQUEADO";-1;"ATIVO";1;"ATIVO";1;"Ativo";"0";"Sem acessibilidade";265;262;262;0;1139;"ESCOLA ESTADUAL PROF. VANDA MARIA DE SOUZA CABETE";"AV. FORTALEZA, N. 1456"
"05/10/2026";"06:29:34";2026;"04/10/2026";"1º Turno";1;"AP";"06050";"MACAPÁ";2;495;1;"Principal";-1;2151;"ESCOLA ESTADUAL RAIMUNDA VIRGOLINO";1;"Convencional";"RUA VILA DOS OLIVEIRAS, 837";"PEDRINHAS";"68903095";"32125268";",00756662";"-51,06437555";1;"ATIVO";-1;"ATIVO";1;"ATIVO";1;"Ativo";"0";"Sem acessibilidade";219;219;219;0;2151;"ESCOLA ESTADUAL RAIMUNDA VIRGOLINO";"RUA VILA DOS OLIVEIRAS, 837"
"05/10/2026";"06:29:34";2026;"04/10/2026";"1º Turno";1;"AP";"06157";"SANTANA";6;104;1;"Principal";-1;1180;"E.E. MARIA CATARINA DANTAS TIBURCIO";1;"Convencional";"AV. MARIA IZABEL PEREIRA DA SILVA, 110";"NOVO HORIZONTE ";"68925000";"3283 2815";"-,0558208";"-51,164729";1;"ATIVO";-1;"ATIVO";1;"ATIVO";1;"Ativo";"0";"Sem acessibilidade";336;343;343;0;1180;"E.E. MARIA CATARINA DANTAS TIBURCIO";"AV. MARIA IZABEL PEREIRA DA SILVA, 110"
"05/10/2026";"06:29:34";2026;"04/10/2026";"1º Turno";1;"AP";"06050";"MACAPÁ";10;61;1;"Principal";-1;1074;"ESCOLA ESTADUAL PROFESSORA RUTH DE ALMEIDA BEZERRA";1;"Convencional";"RUA ADILSON JOSÉ PINTO PEREIRA 109";"SAO LAZARO";"68908571";"991283485";",0670284";"-51,057224";1;"ATIVO";-1;"ATIVO";1;"ATIVO";1;"Ativo";"0";"Sem acessibilidade";353;351;351;0;1074;"ESCOLA ESTADUAL PROFESSORA RUTH DE ALMEIDA BEZERRA";"RUA ADILSON JOSÉ PINTO PEREIRA 109"
"05/10/2026";"06:29:34";2026;"04/10/2026";"1º Turno";1;"AP";"06173";"TARTARUGALZINHO";8;46;1;"Principal";-1;1180;"ESCOLA ESTADUAL ALZIRA DE LIMA SANTOS";1;"Convencional";"RUA GETÚLIO VARGAS, S/N";"PLANALTINA I (NOVO I)";"68990000";"34221200";"1,50689638";"-50,91014865";1;"ATIVO";-1;"ATIVO";1;"ATIVO";1;"Ativo";"0";"Sem acessibilidade";332;332;332;0;1180;"ESCOLA ESTADUAL ALZIRA DE LIMA SANTOS";"RUA GETÚLIO VARGAS, S/N"
"05/10/2026";"06:29:34";2026;"04/10/2026";"1º Turno";1;"AP";"06050";"MACAPÁ";2;615;1;"Principal";-1;1295;"ESCOLA ESTADUAL JOSÉ DO PATROCINIO";1;"Convencional";"RUA DO ESTALEIRO, 203, FAZENDINHA ";"DISTRITO DE FAZENDINHA";"68911465";"00000000";"-,0541101";"-51,1131405";1;"ATIVO";-1;"ATIVO";1;"ATIVO";1;"Ativo";"0";"Sem acessibilidade";261;259;259;0;1295;"ESCOLA ESTADUAL JOSÉ DO PATROCINIO";"RUA DO ESTALEIRO, 203, FAZENDINHA "
"05/10/2026";"06:29:34";2026;"04/10/2026";"1º Turno";1;"AP";"06157";"SANTANA";6;270;2;"Agregada";118;1309;"ASSOCIAÇÃO DOS PRODUTORES RURAIS DE MAÇARANDUBA II - APRUMA";1;"Convencional";"BR 156, RAMAL DO MAÇARANDUBA II, KM 18";"MAÇARANDUBA";"68925000";"-1";"-1";"-1";1;"ATIVO";-1;"ATIVO";1;"ATIVO";1;"Ativo";"0";"Sem acessibilidade";1;0;0;0;1309;"ASSOCIAÇÃO DOS PRODUTORES RURAIS DE MAÇARANDUBA II - APRUMA";"BR 156, RAMAL DO MAÇARANDUBA II, KM 18"
"05/10/2026";"06:29:34";2026;"04/10/2026";"1º Turno";1;"AP";"06041";"ITAUBAL";10;456;1;"Principal";-1;1112;"PRÉDIO ANEXO DA ESCOLA ANA CLAUDINA PICANÇO";4;"Temporário";"VILA DO CARMO DO MACACOARI";"CARMO DO MACACOARI";"68976000";"969010415";"-1";"-1";1;"ATIVO";-1;"ATIVO";1;"ATIVO";1;"Ativo";"0";"Sem acessibilidade";351;351;351;0;1015;"ESCOLA ESTADUAL ANA CLAUDINA PICANÇO";"VILA DO CARMO DO MACACOARI"
"05/10/2026";"06:29:34";2026;"04/10/2026";"1º Turno";1;"AP";"06173";"TARTARUGALZINHO";8;22;1;"Principal";-1;1120;"ESC EST GUANABARA DO ARAGUARI";1;"Convencional";"FAZENDA GUANABARA";"GUANABARA DO ARAGUARI";"68990000";"-1";",99614815";"-50,8945022";1;"ATIVO";-1;"ATIVO";1;"ATIVO";1;"Ativo";"0";"Sem acessibilidade";70;71;71;0;1120;"ESC EST GUANABARA DO ARAGUARI";"FAZENDA GUANABARA"
"05/10/2026";"06:29:34";2026;"04/10/2026";"1º Turno";1;"AP";"06050";"MACAPÁ";2;777;1;"Principal";-1;2453;"ESCOLA MUNICIPAL DE ENSINO FUNDAMENTAL CAETANO DIAS TOMAZ";1;"Convencional";"RUA DO MATADOURO, 112";"DISTRITO DE FAZENDINHA";"68911012";"+5596999083324";"-,0463079";"-51,1164641";1;"ATIVO";-1;"ATIVO";1;"ATIVO";1;"Ativo";"0";"Sem acessibilidade";248;247;247;0;2453;"ESCOLA MUNICIPAL DE ENSINO FUNDAMENTAL CAETANO DIAS TOMAZ";"RUA DO MATADOURO, 112"
"05/10/2026";"06:29:34";2026;"04/10/2026";"1º Turno";1;"AP";"06050";"MACAPÁ";10;250;1;"Principal";-1;1511;"ESCOLA MUNICIPAL PROFESSORA RAIMUNDA DA SILVA VIRGOLINO";1;"Convencional";"RUA FERNANDO ALVES DE OLIVEIRA, 3091";"NOVO HORIZONTE";"68909806";"991169657";",0989525";"-51,0463256";1;"ATIVO";-1;"ATIVO";1;"ATIVO";1;"Ativo";"0";"Sem acessibilidade";334;332;332;0;1511;"ESCOLA MUNICIPAL PROFESSORA RAIMUNDA DA SILVA VIRGOLINO";"RUA FERNANDO ALVES DE OLIVEIRA, 3091"
"05/10/2026";"06:29:34";2026;"04/10/2026";"1º Turno";1;"AP";"06050";"MACAPÁ";10;95;1;"Principal";-1;1260;"ESCOLA ESTADUAL ANDRÉ NEVES ROSA";1;"Convencional";"RUA PRINCIPAL, 326";"TRACAJATUBA II";"68900000";"-1";",6698717";"-50,6848558";1;"ATIVO";-1;"ATIVO";1;"ATIVO";1;"Ativo";"1";"Com acessibilidade";134;134;134;0;1260;"ESCOLA ESTADUAL ANDRÉ NEVES ROSA";"RUA PRINCIPAL, 326"
"05/10/2026";"06:29:34";2026;"04/10/2026";"1º Turno";1;"AP";"06025";"PORTO GRANDE";12;26;1;"Principal";-1;1082;"ESC. MUNICIPAL ELILUCIA DE SOUZA SANTOS";1;"Convencional";"RAMAL DA REFORMA AGRÁRIA - ASSENTAMENTO DO MUNGUBA";"ASSENTAMENTO DO MUNGUBA";"68997000";"-1";",6110172";"-51,90150456";1;"ATIVO";-1;"ATIVO";1;"ATIVO";1;"Ativo";"1";"Com acessibilidade";351;352;352;0;1082;"ESC. MUNICIPAL ELILUCIA DE SOUZA SANTOS";"RAMAL DA REFORMA AGRÁRIA - ASSENTAMENTO DO MUNGUBA"
"05/10/2026";"06:29:34";2026;"04/10/2026";"1º Turno";1;"AP";"06050";"MACAPÁ";10;268;1;"Principal";-1;1503;"ESCOLA MUNICIPAL PROFESSOR JOSÉ LEOVES DE LIMA TEIXEIRA";1;"Convencional";"RUA RENASCIMENTO, 2041";"RENASCER";"68900000";"981381507";",0729854";"-51,0513328";1;"ATIVO";-1;"ATIVO";1;"ATIVO";1;"Ativo";"0";"Sem acessibilidade";388;385;385;0;1503;"ESCOLA MUNICIPAL PROFESSOR JOSÉ LEOVES DE LIMA TEIXEIRA";"RUA RENASCIMENTO, 2041"
"05/10/2026";"06:29:34";2026;"04/10/2026";"1º Turno";1;"AP";"06050";"MACAPÁ";2;770;1;"Principal";-1;2330;"ESCOLA ESTADUAL NELITA ROCHA BRITO DIAS";1;"Convencional";"AV. NILO ALMEIDA, 01";"CONGOS";"68904396";"+5596991519421";",0096085";"-51,0919318";1;"ATIVO";-1;"ATIVO";1;"ATIVO";1;"Ativo";"0";"Sem acessibilidade";269;270;270;0;2330;"ESCOLA ESTADUAL NELITA ROCHA BRITO DIAS";"AV. NILO ALMEIDA, 01"
"05/10/2026";"06:29:34";2026;"04/10/2026";"1º Turno";1;"AP";"06050";"MACAPÁ";2;478;1;"Principal";-1;1783;"ESCOLA ESTADUAL LAURO CHAVES";1;"Convencional";"AV TEMBES       SN";"MUCA";"68900000";"32411440";",0130979";"-51,074366";1;"ATIVO";-1;"ATIVO";1;"ATIVO";1;"Ativo";"1";"Com acessibilidade";256;256;256;0;1783;"ESCOLA ESTADUAL LAURO CHAVES";"AV TEMBES       SN"
"05/10/2026";"06:29:34";2026;"04/10/2026";"1º Turno";1;"AP";"06084";"PEDRA BRANCA DO AMAPARI";11;6;1;"Principal";-1;1023;"ESCOLA MUNICIPAL DE ENSINO FUNDAMENTAL RIOZINHO";1;"Convencional";"PERIMETRAL NORTE - ZONA RURAL";"COMUNIDADE RIOZINHO";"68945000";"-1";"-1";"-1";1;"ATIVO";-1;"ATIVO";1;"ATIVO";1;"Ativo";"1";"Com acessibilidade";230;229;229;0;1023;"ESCOLA MUNICIPAL DE ENSINO FUNDAMENTAL RIOZINHO";"PERIMETRAL NORTE - ZONA RURAL"
"05/10/2026";"06:29:34";2026;"04/10/2026";"1º Turno";1;"AP";"06157";"SANTANA";6;193;1;"Principal";-1;1244;"E.M. PROFESSORA MARIA ILNAH DE SOUZA";1;"Convencional";"RUA ADALVARO ALVES CAVALCANTE, 2060";"PROVEDOR I";"68925000";"3283 5749";"-,0410583";"-51,1578353";1;"ATIVO";-1;"ATIVO";1;"ATIVO";1;"Ativo";"0";"Sem acessibilidade";356;355;355;0;1244;"E.M. PROFESSORA MARIA ILNAH DE SOUZA";"RUA ADALVARO ALVES CAVALCANTE, 2060"
"05/10/2026";"06:29:34";2026;"04/10/2026";"1º Turno";1;"AP";"06157";"SANTANA";6;175;1;"Principal";-1;1260;"ESCOLA ESTADUAL SÃO JOÃO APÓSTOLO";1;"Convencional";"AV. MARIA COLARES, 1905";"NOVA BRASÍLIA I";"68927229";"32831015";"-,0369626";"-51,1661291";1;"ATIVO";-1;"ATIVO";1;"ATIVO";1;"Ativo";"0";"Sem acessibilidade";215;213;213;0;1260;"ESCOLA ESTADUAL SÃO JOÃO APÓSTOLO";"AV. MARIA COLARES, 1905"
"05/10/2026";"06:29:34";2026;"04/10/2026";"1º Turno";1;"AP";"06114";"FERREIRA GOMES";12;59;1;"Principal";-1;1040;"ESCOLA MUNICIPAL PASTOR JACI TORQUATO";1;"Convencional";"AV COSTA E SILVA, 1002";"CENTRO";"68915000";"-1";",8526622";"-51,18396644";1;"ATIVO";-1;"ATIVO";1;"ATIVO";1;"Ativo";"1";"Com acessibilidade";249;248;248;0;1040;"ESCOLA MUNICIPAL PASTOR JACI TORQUATO";"AV COSTA E SILVA, 1002"
"05/10/2026";"06:29:34";2026;"04/10/2026";"1º Turno";1;"AP";"06050";"MACAPÁ";2;917;1;"Principal";-1;2712;"ESCOLA ESTADUAL DOM ARISTIDES PIRÓVANO";1;"Convencional";"AV HENRIQUE GALUCIO           1840       SANTA RITA";"SANTA RITA";"68900115";"-1";",0319754";"-51,0668908";1;"ATIVO";-1;"ATIVO";1;"ATIVO";1;"Ativo";"0";"Sem acessibilidade";338;337;337;0;2712;"ESCOLA ESTADUAL DOM ARISTIDES PIRÓVANO";"AV HENRIQUE GALUCIO           1840       SANTA RITA"
"05/10/2026";"06:29:34";2026;"04/10/2026";"1º Turno";1;"AP";"06050";"MACAPÁ";2;933;1;"Principal";-1;2739;"ESCOLA ESTADUAL COELHO NETO";1;"Convencional";"AV CLODOVIO COELHO                   124";"BURITIZAL";"68905160";"+5596991197151";",0245373";"-51,0765101";1;"ATIVO";-1;"ATIVO";1;"ATIVO";1;"Ativo";"0";"Sem acessibilidade";222;223;223;0;2739;"ESCOLA ESTADUAL COELHO NETO";"AV CLODOVIO COELHO                   124"
"05/10/2026";"06:29:34";2026;"04/10/2026";"1º Turno";1;"AP";"06130";"LARANJAL DO JARI";7;2;1;"Principal";-1;1023;"ESCOLA DE 1 GRAU AGUA BRANCA DO CAJARI";1;"Convencional";"VILA ÁGUA BRANCA DO CAJARI";"VILA AGUA BRANCA DO CAJARI";"68920000";"-1";"-,5502481";"-52,1816431";1;"ATIVO";-1;"ATIVO";1;"ATIVO";1;"Ativo";"0";"Sem acessibilidade";248;248;248;0;1023;"ESCOLA DE 1 GRAU AGUA BRANCA DO CAJARI";"VILA ÁGUA BRANCA DO CAJARI"
"05/10/2026";"06:29:34";2026;"04/10/2026";"1º Turno";1;"AP";"06050";"MACAPÁ";14;262;1;"Principal";-1;1368;"ESCOLA ESTADUAL PROF. NILTON BALIEIRO MACHADO";1;"Convencional";"DECIMA QUINTA AVENIDA, S/N (ESQUINA COM A QUINTA RUA)";"MARABAIXO III";"68900000";"+5596991539690";",0441313";"-51,127965";1;"ATIVO";-1;"ATIVO";1;"ATIVO";1;"Ativo";"0";"Sem acessibilidade";391;392;392;0;1368;"ESCOLA ESTADUAL PROF. NILTON BALIEIRO MACHADO";"DECIMA QUINTA AVENIDA, S/N (ESQUINA COM A QUINTA RUA)"
"05/10/2026";"06:29:34";2026;"04/10/2026";"1º Turno";1;"AP";"06130";"LARANJAL DO JARI";7;104;1;"Principal";-1;1201;"ESCOLA ESTADUAL EMÍLIO MÉDICE";1;"Convencional";"PASSARELA BEIRA RIO, S/N";"MALVINAS";"68920000";"-1";"-,8494062";"-52,5418404";1;"ATIVO";-1;"ATIVO";1;"ATIVO";1;"Ativo";"0";"Sem acessibilidade";192;381;381;0;1201;"ESCOLA ESTADUAL EMÍLIO MÉDICE";"PASSARELA BEIRA RIO, S/N"
"05/10/2026";"06:29:34";2026;"04/10/2026";"1º Turno";1;"AP";"06130";"LARANJAL DO JARI";7;124;1;"Principal";-1;1066;"ESCOLA ESTADUAL MINEKO HAYASHIDA";1;"Convencional";"AVENIDA TANCREDO NEVES, 1304";"AGRESTE";"68920000";"991337867";"-,8380233";"-52,517341";1;"ATIVO";-1;"ATIVO";1;"ATIVO";1;"Ativo";"0";"Sem acessibilidade";190;189;189;0;1066;"ESCOLA ESTADUAL MINEKO HAYASHIDA";"AVENIDA TANCREDO NEVES, 1304"
"05/10/2026";"06:29:34";2026;"04/10/2026";"1º Turno";1;"AP";"06050";"MACAPÁ";14;346;1;"Principal";-1;1490;"ESCOLA MUNICIPAL DE ENSINO FUNDAMENTAL RAIMUNDA DE LIMA GUEDES";1;"Convencional";"RUA 07 - N 194";"MARABAIXO I";"68900000";"+5596981389898";",0372505";"-51,1265339";1;"ATIVO";-1;"ATIVO";1;"ATIVO";1;"Ativo";"0";"Sem acessibilidade";278;277;277;0;1490;"ESCOLA MUNICIPAL DE ENSINO FUNDAMENTAL RAIMUNDA DE LIMA GUEDES";"RUA 07 - N 194"
"05/10/2026";"06:29:34";2026;"04/10/2026";"1º Turno";1;"AP";"06076";"MAZAGÃO";5;105;1;"Principal";-1;1244;"ESCOLA ESTADUAL MANOEL QUEIROZ BENJAMIM";1;"Convencional";"RUA PRESIDENTE VARGAS, SN";"OLARIA";"68940000";"-1";"-,12342933";"-51,28345931";1;"ATIVO";-1;"ATIVO";1;"ATIVO";1;"Ativo";"0";"Sem acessibilidade";243;243;243;0;1244;"ESCOLA ESTADUAL MANOEL QUEIROZ BENJAMIM";"RUA PRESIDENTE VARGAS, SN"
"05/10/2026";"06:29:34";2026;"04/10/2026";"1º Turno";1;"AP";"06041";"ITAUBAL";10;415;1;"Principal";-1;1104;"ESCOLA MUNICIPAL JOSÉ ALMEIDA";1;"Convencional";"RUA RAIMUNDO PALMEIRIM FERREIRA";"CENTRO";"68900000";"-1";",602765";"-50,6994147";1;"ATIVO";-1;"ATIVO";1;"ATIVO";1;"Ativo";"0";"Sem acessibilidade";285;287;287;0;1104;"ESCOLA MUNICIPAL JOSÉ ALMEIDA";"RUA RAIMUNDO PALMEIRIM FERREIRA"
"05/10/2026";"06:29:34";2026;"04/10/2026";"1º Turno";1;"AP";"06017";"AMAPÁ";1;86;1;"Principal";-1;1260;"ESCOLA ESTADUAL ROZENDO NASCIMENTO FILHO";1;"Convencional";"ASSENTAMENTO DO PIQUIA";"PIQUIÁ";"68950000";"-1";"1,8700029";"-50,9263465";1;"ATIVO";-1;"ATIVO";1;"ATIVO";1;"Ativo";"0";"Sem acessibilidade";167;349;349;0;1260;"ESCOLA ESTADUAL ROZENDO NASCIMENTO FILHO";"ASSENTAMENTO DO PIQUIA"
"05/10/2026";"06:29:34";2026;"04/10/2026";"1º Turno";1;"AP";"06009";"PRACUÚBA";1;39;1;"Principal";-1;1112;"ESCOLA MUNICIPAL AUGUSTO ROCHA DE OLIVEIRA";1;"Convencional";"AV. VILA SÃO PEDRO, S/N";"CENTRO";"68918000";"-1";"-1";"-1";1;"ATIVO";-1;"ATIVO";1;"ATIVO";1;"Ativo";"0";"Sem acessibilidade";306;305;305;0;1112;"ESCOLA MUNICIPAL AUGUSTO ROCHA DE OLIVEIRA";"AV. VILA SÃO PEDRO, S/N"
"05/10/2026";"06:29:34";2026;"04/10/2026";"1º Turno";1;"AP";"06050";"MACAPÁ";2;711;1;"Principal";-1;1899;"UNIVERSIDADE FEDERAL DO AMAPA - UNIFAP";1;"Convencional";"ROD. JOSMAR CHAVES PINTO, KM 02   JARDIM MARCO ZERO";"UNIVERSIDADE";"68903419";"+5596981159919";"-,0065359";"-51,0845096";1;"ATIVO";-1;"ATIVO";1;"ATIVO";1;"Ativo";"0";"Sem acessibilidade";376;366;366;0;1899;"UNIVERSIDADE FEDERAL DO AMAPA - UNIFAP";"ROD. JOSMAR CHAVES PINTO, KM 02   JARDIM MARCO ZERO"
"05/10/2026";"06:29:34";2026;"04/10/2026";"1º Turno";1;"AP";"06050";"MACAPÁ";2;611;1;"Principal";-1;1600;"ESCOLA ESTADUAL MÁRIO QUIRINO DA SILVA";1;"Convencional";"RUA CLAUDOMIRO DE MORAIS                    SN";"NOVO BURITIZAL";"68900000";"32125283";",0154748";"-51,0823276";1;"ATIVO";-1;"ATIVO";1;"ATIVO";1;"Ativo";"0";"Sem acessibilidade";378;375;375;0;1600;"ESCOLA ESTADUAL MÁRIO QUIRINO DA SILVA";"RUA CLAUDOMIRO DE MORAIS                    SN"
"05/10/2026";"06:29:34";2026;"04/10/2026";"1º Turno";1;"AP";"06157";"SANTANA";6;200;1;"Principal";-1;1279;"E.M. PROF. IRANILDE";1;"Convencional";"RUA D-6, 12";"VILA AMAZONAS";"68925000";"3283 5606";"-,0549999";"-51,1590609";1;"ATIVO";-1;"ATIVO";1;"ATIVO";1;"Ativo";"1";"Com acessibilidade";359;357;357;0;1279;"E.M. PROF. IRANILDE";"RUA D-6, 12"
"05/10/2026";"06:29:34";2026;"04/10/2026";"1º Turno";1;"AP";"06157";"SANTANA";6;26;1;"Principal";-1;1538;"ANEXO DA PARÓQUIA NOSSA SENHORA DE FÁTIMA";4;"Temporário";"AVENIDA PRINCESA IZABEL";"CENTRO";"68925210";"-1";"-,0421617";"-51,1731822";1;"ATIVO";-1;"ATIVO";1;"ATIVO";1;"Ativo";"0";"Sem acessibilidade";315;313;313;0;1066;"E.P.G. AMAZONAS";"AV. 15 DE NOVEMBRO, 1132"
"05/10/2026";"06:29:34";2026;"04/10/2026";"1º Turno";1;"AP";"06050";"MACAPÁ";14;88;1;"Principal";-1;1139;"EEEF MARIA IVONE DE MENEZES";1;"Convencional";"RUA ANTONIO PELAES DE SOUZA 1320";"PERPETUO SOCORRO";"68900000";"-1";",0526608";"-51,0423583";5;"BLOQUEADO";-1;"ATIVO";1;"ATIVO";1;"Ativo";"0";"Sem acessibilidade";382;382;382;0;1139;"EEEF MARIA IVONE DE MENEZES";"RUA ANTONIO PELAES DE SOUZA 1320"
"05/10/2026";"06:29:34";2026;"04/10/2026";"1º Turno";1;"AP";"06041";"ITAUBAL";10;424;1;"Principal";-1;1104;"ESCOLA MUNICIPAL JOSÉ ALMEIDA";1;"Convencional";"RUA RAIMUNDO PALMEIRIM FERREIRA";"CENTRO";"68900000";"-1";",602765";"-50,6994147";1;"ATIVO";-1;"ATIVO";1;"ATIVO";1;"Ativo";"0";"Sem acessibilidade";285;289;289;0;1104;"ESCOLA MUNICIPAL JOSÉ ALMEIDA";"RUA RAIMUNDO PALMEIRIM FERREIRA"
"05/10/2026";"06:29:34";2026;"04/10/2026";"1º Turno";1;"AP";"06157";"SANTANA";6;170;1;"Principal";-1;1198;"E.E. FONTE NOVA";1;"Convencional";"AV. DOM PEDRO I, 4286";"FONTE NOVA";"68928163";"3281 3288";"-,01910818";"-51,16939163";1;"ATIVO";-1;"ATIVO";1;"ATIVO";1;"Ativo";"0";"Sem acessibilidade";297;296;296;0;1198;"E.E. FONTE NOVA";"AV. DOM PEDRO I, 4286"
"05/10/2026";"06:29:34";2026;"04/10/2026";"1º Turno";1;"AP";"06157";"SANTANA";6;264;1;"Principal";-1;1198;"E.E. FONTE NOVA";1;"Convencional";"AV. DOM PEDRO I, 4286";"FONTE NOVA";"68928163";"3281 3288";"-,01910818";"-51,16939163";1;"ATIVO";-1;"ATIVO";1;"ATIVO";1;"Ativo";"0";"Sem acessibilidade";251;251;251;0;1198;"E.E. FONTE NOVA";"AV. DOM PEDRO I, 4286"
"05/10/2026";"06:29:34";2026;"04/10/2026";"1º Turno";1;"AP";"06050";"MACAPÁ";14;404;2;"Agregada";403;1651;"ESCOLA ESTADUAL ROSA DOS SANTOS SARGES";1;"Convencional";"COMUNIDADE DO ARRAIOL";"DISTRITO DE BAILIQUE";"68909398";"-1";"-1";"-1";1;"ATIVO";-1;"ATIVO";1;"ATIVO";1;"Ativo";"0";"Sem acessibilidade";87;0;0;0;1651;"ESCOLA ESTADUAL ROSA DOS SANTOS SARGES";"COMUNIDADE DO ARRAIOL"
"05/10/2026";"06:29:34";2026;"04/10/2026";"1º Turno";1;"AP";"06130";"LARANJAL DO JARI";7;87;1;"Principal";-1;1210;"CENTRO MUNICIPAL DE ENSINO - CMEF";1;"Convencional";"AV. TANCREDO NEVES, S/N";"CENTRO";"68920000";"-1";"-,8522667";"-52,5352814";1;"ATIVO";-1;"ATIVO";1;"ATIVO";1;"Ativo";"0";"Sem acessibilidade";216;215;215;0;1210;"CENTRO MUNICIPAL DE ENSINO - CMEF";"AV. TANCREDO NEVES, S/N"
"05/10/2026";"06:29:34";2026;"04/10/2026";"1º Turno";1;"AP";"06076";"MAZAGÃO";5;130;1;"Principal";-1;1457;"ESCOLA MUNICIPAL DE ENSINO FUNDAMENTAL DO BAIXO DO MUTUACÁ";1;"Convencional";"RIO MUTUACÁ";"rio mutuacá";"68940000";"-1";"-,2358981";"-51,363731";1;"ATIVO";-1;"ATIVO";1;"ATIVO";1;"Ativo";"0";"Sem acessibilidade";206;206;206;0;1457;"ESCOLA MUNICIPAL DE ENSINO FUNDAMENTAL DO BAIXO DO MUTUACÁ";"RIO MUTUACÁ"
"05/10/2026";"06:29:34";2026;"04/10/2026";"1º Turno";1;"AP";"06050";"MACAPÁ";2;875;1;"Principal";-1;2674;"ESCOLA ESTADUAL PROFª MARIA CARMELITA DO CARMO";1;"Convencional";"RUA BARAO DE MAUA, 345";"BURITIZAL";"68900460";"+5596991394217";",0273806";"-51,0750153";1;"ATIVO";-1;"ATIVO";1;"ATIVO";1;"Ativo";"0";"Sem acessibilidade";274;274;274;0;2674;"ESCOLA ESTADUAL PROFª MARIA CARMELITA DO CARMO";"RUA BARAO DE MAUA, 345"
"05/10/2026";"06:29:34";2026;"04/10/2026";"1º Turno";1;"AP";"06106";"SERRA DO NAVIO";11;17;1;"Principal";-1;1023;"ESCOLA ESTADUAL COLÔNIA DE ÁGUA BRANCA";1;"Convencional";"RUA AIRTON SENA, 1021";"COLONIA DE AGUA BRANCA";"68948000";"-1";"-1";"-1";1;"ATIVO";-1;"ATIVO";1;"ATIVO";1;"Ativo";"0";"Sem acessibilidade";397;397;397;0;1023;"ESCOLA ESTADUAL COLÔNIA DE ÁGUA BRANCA";"RUA AIRTON SENA, 1021"
"05/10/2026";"06:29:34";2026;"04/10/2026";"1º Turno";1;"AP";"06050";"MACAPÁ";10;414;1;"Principal";-1;1384;"ESCOLA QUILOMBOLA MUNICIPAL VELHO CHICO";1;"Convencional";"BR 210 VILA DE CURRALINHO";"KM 09 - ZONA RURAL";"68909788";"96984065199";",1238885";"-51,1136701";1;"ATIVO";-1;"ATIVO";1;"ATIVO";1;"Ativo";"0";"Sem acessibilidade";217;217;217;0;1384;"ESCOLA QUILOMBOLA MUNICIPAL VELHO CHICO";"BR 210 VILA DE CURRALINHO"
"05/10/2026";"06:29:34";2026;"04/10/2026";"1º Turno";1;"AP";"06092";"OIAPOQUE";4;21;1;"Principal";-1;1104;"ESCOLA DE PRIMEIRO GRAU SANTA ISABEL";1;"Convencional";"ALDEIA SANTA ISABEL";"ALDEIA SANTA IZABEL";"68980000";"-1";"3,7630087";"-51,59497469";1;"ATIVO";-1;"ATIVO";1;"ATIVO";1;"Ativo";"0";"Sem acessibilidade";248;249;249;0;1104;"ESCOLA DE PRIMEIRO GRAU SANTA ISABEL";"ALDEIA SANTA ISABEL"
"05/10/2026";"06:29:34";2026;"04/10/2026";"1º Turno";1;"AP";"06092";"OIAPOQUE";4;30;1;"Principal";-1;1015;"ESCOLA DE PRIMEIRO GRAU JOAQUIM CAETANO DA SILVA";1;"Convencional";"AVENIDA JOAQUIM CAETANO DA SILVA";"CENTRO";"00000000";"-1";"3,84761965";"-51,83541966";1;"ATIVO";-1;"ATIVO";1;"ATIVO";1;"Ativo";"0";"Sem acessibilidade";270;271;271;0;1015;"ESCOLA DE PRIMEIRO GRAU JOAQUIM CAETANO DA SILVA";"AVENIDA JOAQUIM CAETANO DA SILVA"
"05/10/2026";"06:29:34";2026;"04/10/2026";"1º Turno";1;"AP";"06050";"MACAPÁ";2;98;2;"Agregada";97;1163;"ESCOLA MUNICIPAL DE ENSINO FUNDAMENTAL RORAIMA";1;"Convencional";"RUA HILDEMAR MAIA ,   2549";"BURITIZAL";"68902870";"000000000";",0239286";"-51,0709472";1;"ATIVO";-1;"ATIVO";1;"ATIVO";1;"Ativo";"1";"Com acessibilidade";187;0;0;0;1163;"ESCOLA MUNICIPAL DE ENSINO FUNDAMENTAL RORAIMA";"RUA HILDEMAR MAIA ,   2549"
"05/10/2026";"06:29:34";2026;"04/10/2026";"1º Turno";1;"AP";"06050";"MACAPÁ";14;255;1;"Principal";-1;1368;"ESCOLA ESTADUAL PROF. NILTON BALIEIRO MACHADO";1;"Convencional";"DECIMA QUINTA AVENIDA, S/N (ESQUINA COM A QUINTA RUA)";"MARABAIXO III";"68900000";"+5596991539690";",0441313";"-51,127965";1;"ATIVO";-1;"ATIVO";1;"ATIVO";1;"Ativo";"0";"Sem acessibilidade";395;396;396;0;1368;"ESCOLA ESTADUAL PROF. NILTON BALIEIRO MACHADO";"DECIMA QUINTA AVENIDA, S/N (ESQUINA COM A QUINTA RUA)"
"05/10/2026";"06:29:34";2026;"04/10/2026";"1º Turno";1;"AP";"06050";"MACAPÁ";2;638;1;"Principal";-1;2267;"ESCOLA ESTADUAL PROFª MARIA DE NAZARÉ PEREIRA VASCONCELOS";1;"Convencional";"RUA VILA DAS OLIVEIRAS - 372";"PEDRINHAS";"68900000";"+5596981440137";",0080908";"-51,0648757";1;"ATIVO";-1;"ATIVO";1;"ATIVO";1;"Ativo";"0";"Sem acessibilidade";356;356;356;0;2267;"ESCOLA ESTADUAL PROFª MARIA DE NAZARÉ PEREIRA VASCONCELOS";"RUA VILA DAS OLIVEIRAS - 372"
"05/10/2026";"06:29:34";2026;"04/10/2026";"1º Turno";1;"AP";"06130";"LARANJAL DO JARI";7;82;1;"Principal";-1;1147;"ESCOLA MUNICIPAL SANTA LÚCIA";1;"Convencional";"AVENIDA TANCREDO NEVES, N. 1544";"LOTEAMENTO SARNEY";"68920000";"36212923";"-,8207521";"-52,5007678";1;"ATIVO";-1;"ATIVO";1;"ATIVO";1;"Ativo";"0";"Sem acessibilidade";298;297;297;0;1147;"ESCOLA MUNICIPAL SANTA LÚCIA";"AVENIDA TANCREDO NEVES, N. 1544"
"05/10/2026";"06:29:34";2026;"04/10/2026";"1º Turno";1;"AP";"06050";"MACAPÁ";14;92;1;"Principal";-1;1139;"EEEF MARIA IVONE DE MENEZES";1;"Convencional";"RUA ANTONIO PELAES DE SOUZA 1320";"PERPETUO SOCORRO";"68900000";"-1";",0526608";"-51,0423583";5;"BLOQUEADO";-1;"ATIVO";1;"ATIVO";1;"Ativo";"0";"Sem acessibilidade";386;386;386;0;1139;"EEEF MARIA IVONE DE MENEZES";"RUA ANTONIO PELAES DE SOUZA 1320"
"05/10/2026";"06:29:34";2026;"04/10/2026";"1º Turno";1;"AP";"06050";"MACAPÁ";2;216;1;"Principal";-1;1171;"ESCOLA ESTADUAL PROFª SEBASTIANA LENIR DE ALMEIDA";1;"Convencional";"AV DIOGENES SILVA         123        BURITIZAL";"BURITIZAL";"68902891";"+5596991579520";",0258939";"-51,0728225";1;"ATIVO";-1;"ATIVO";1;"ATIVO";1;"Ativo";"0";"Sem acessibilidade";291;291;291;0;1171;"ESCOLA ESTADUAL PROFª SEBASTIANA LENIR DE ALMEIDA";"AV DIOGENES SILVA         123        BURITIZAL"
"05/10/2026";"06:29:34";2026;"04/10/2026";"1º Turno";1;"AP";"06050";"MACAPÁ";10;348;1;"Principal";-1;1520;"ESCOLA ESTADUAL PROFESSOR ANTONIO FERREIRA DE LIMA NETO";1;"Convencional";"AV. FRANCISCO FELIPPE DE MIRANDA  NERY - 2336";"LOTEAMENTO BURITIS";"68908805";"+5596991423491";",0713059";"-51,0898494";1;"ATIVO";-1;"ATIVO";1;"ATIVO";1;"Ativo";"1";"Com acessibilidade";392;390;390;0;1520;"ESCOLA ESTADUAL PROFESSOR ANTONIO FERREIRA DE LIMA NETO";"AV. FRANCISCO FELIPPE DE MIRANDA  NERY - 2336"
"05/10/2026";"06:29:34";2026;"04/10/2026";"1º Turno";1;"AP";"06114";"FERREIRA GOMES";12;48;1;"Principal";-1;1015;"ESCOLA ESTADUAL PROFA. MARIA IRACI TAVARES";1;"Convencional";"RUA DUQUE DE CAXIAS, N. 521";"CENTRO";"68915000";"-1";",85830092";"-51,18378177";1;"ATIVO";-1;"ATIVO";1;"ATIVO";1;"Ativo";"1";"Com acessibilidade";372;371;371;0;1015;"ESCOLA ESTADUAL PROFA. MARIA IRACI TAVARES";"RUA DUQUE DE CAXIAS, N. 521"
"05/10/2026";"06:29:34";2026;"04/10/2026";"1º Turno";1;"AP";"06092";"OIAPOQUE";4;7;1;"Principal";-1;1058;"E. Q. E. VILA VELHA (VILA VELHA DO CASSIPORÉ)";1;"Convencional";"VILA DO CASSIPORE";"VILA VELHA";"68980000";"-1";"3,21122861";"-51,22853406";1;"ATIVO";-1;"ATIVO";1;"ATIVO";1;"Ativo";"0";"Sem acessibilidade";124;246;246;0;1058;"E. Q. E. VILA VELHA (VILA VELHA DO CASSIPORÉ)";"VILA DO CASSIPORE"
"05/10/2026";"06:29:34";2026;"04/10/2026";"1º Turno";1;"AP";"06050";"MACAPÁ";2;453;1;"Principal";-1;1996;"ESCOLA ESTADUAL PROFº ROBERTO JOSE MORAIS DE CASTRO";1;"Convencional";"RUA JOVINO DINOA, 152";"BEIROL";"68908110";"-1";",0181997";"-51,0612885";1;"ATIVO";-1;"ATIVO";1;"ATIVO";1;"Ativo";"0";"Sem acessibilidade";317;316;316;0;1996;"ESCOLA ESTADUAL PROFº ROBERTO JOSE MORAIS DE CASTRO";"RUA JOVINO DINOA, 152"
"05/10/2026";"06:29:34";2026;"04/10/2026";"1º Turno";1;"AP";"06050";"MACAPÁ";10;154;1;"Principal";-1;1392;"ESCOLA ESTADUAL RAIMUNDA DOS PASSOS SANTOS";1;"Convencional";"AV. LOURENCO ARAUJO DE SÁ, 2162, NOVO HORIZONTE";"NOVO HORIZONTE";"68909829";"991549564";",0956351";"-51,0497879";1;"ATIVO";-1;"ATIVO";1;"ATIVO";1;"Ativo";"0";"Sem acessibilidade";391;389;389;0;1392;"ESCOLA ESTADUAL RAIMUNDA DOS PASSOS SANTOS";"AV. LOURENCO ARAUJO DE SÁ, 2162, NOVO HORIZONTE"
"05/10/2026";"06:29:34";2026;"04/10/2026";"1º Turno";1;"AP";"06050";"MACAPÁ";2;691;1;"Principal";-1;2119;"ESCOLA MUNICIPAL DE ENSINO FUNDAMENTAL WILSON MALCHER";1;"Convencional";"RUA JOÃO DE CASTRO , S/N";"JARDIM EQUATORIAL";"68900000";"+5596984144863";",0063263";"-51,0687238";1;"ATIVO";-1;"ATIVO";1;"ATIVO";1;"Ativo";"1";"Com acessibilidade";334;333;333;0;2119;"ESCOLA MUNICIPAL DE ENSINO FUNDAMENTAL WILSON MALCHER";"RUA JOÃO DE CASTRO , S/N"
"05/10/2026";"06:29:34";2026;"04/10/2026";"1º Turno";1;"AP";"06050";"MACAPÁ";2;708;1;"Principal";-1;2020;"ESCOLA ESTADUAL PROFº ANTONIO MESSIAS GONÇALVES DA SILVA";1;"Convencional";"AV. DOM JOSÉ MARITANO, 622";"ZERAO";"68900000";"+5596991046541";"-,0022242";"-51,1001204";1;"ATIVO";-1;"ATIVO";1;"ATIVO";1;"Ativo";"0";"Sem acessibilidade";344;343;343;0;2020;"ESCOLA ESTADUAL PROFº ANTONIO MESSIAS GONÇALVES DA SILVA";"AV. DOM JOSÉ MARITANO, 622"
"05/10/2026";"06:29:34";2026;"04/10/2026";"1º Turno";1;"AP";"06050";"MACAPÁ";10;481;1;"Principal";-1;1678;"ESCOLA ESTADUAL RISALVA FREITAS DO AMARAL";1;"Convencional";"AV CECILIA VICENTE DA PAIXÃO, S/N";"PANTANAL";"68907311";"-1";",0710676";"-51,046337";1;"ATIVO";-1;"ATIVO";1;"ATIVO";1;"Ativo";"0";"Sem acessibilidade";235;235;235;0;1678;"ESCOLA ESTADUAL RISALVA FREITAS DO AMARAL";"AV CECILIA VICENTE DA PAIXÃO, S/N"
